gene,expression
ARHGEF10L,9.651643117593428
HIF3A,2.8797883318140385
RNF17,0.252521422060164
RNF10,11.86466298997264
RNF11,11.084261257976301
RNF13,10.386729170464903
GTF2IP1,12.569989334548763
REM1,4.243304102096625
MTVR2,0.3064680948040109
RTN4RL2,5.480629079307208
C16orf13,9.396302187784864
C16orf11,0.37805824977210567
FGFR1OP2,8.841310118505017
TSKS,1.0710386508659961
ATRX,10.83618933454877
PMM2,10.175590519598904
LOC100272146,5.012990793072008
ASS1,10.194936463081127
NCBP1,10.09321230628989
ZNF709,6.766629352780309
ZNF708,7.501511577028259
RBM14,10.160192433910657
NCBP2,11.027145396535998
DISC1,6.8223635369188775
CAMK1,7.635343664539653
RPL37,13.321341750227907
SPR,9.909177210574281
ZNF700,8.413535733819504
ZNF707,8.110475752051036
CAMK4,3.7172702825888804
ZNF704,7.876898085688233
LOC339240,0.0847007292616226
GOLGA6B,1.1427451230628995
RNF115,9.247078395624433
RNF112,2.729708204193255
ZC3H14,10.236029535095732
SPN,7.332456882406558
HMGCLL1,3.5998265268915195
NACAP1,6.896974202370107
LRRTM1,0.45518268003646295
GRIN1,4.211492433910672
RBMY1A3P,0.00045742935278031
DHX8,10.219311485870543
DHX9,12.256422515952604
LOC441204,4.81916800364631
TCOF1,10.196691886964434
LRRTM3,0.3372941659070194
NUP98,11.271532269826798
XPC,10.06118623518688
SLC12A2,10.960830355515034
GRINA,12.632580036463098
LRRTM2,2.921324430264355
NUP93,9.76149270738378
HAP1,3.2597154968094806
KLRA1,4.840855241567914
CAMKV,0.9852640838650867
SPPL3,10.401799635369187
GOLIM4,9.26119516864176
ZNF646,9.311467547857788
OPA3,8.945877210574297
OPA1,10.821375478577943
RHEB,10.191534275296268
RAB40C,9.533246672743825
RAB40B,8.298994530537827
RAB40A,1.8631246125797634
COL7A1,7.382473381950773
MDP1,7.553352051048316
GTSE1,7.521323518687331
FAM183A,2.5264749316317205
ARFRP1,9.25738960802188
OVCH1,0.2904001823154059
FAM183B,0.9425422971741104
PSAP,14.978893618960807
KIAA0831,9.037434731084778
SPPL2A,9.594703737465812
SLC46A1,9.579134275296257
TGFBR2,10.743438103919788
ITGA8,4.553092069279855
ITGA9,6.862221969006386
STK40,10.162415496809482
MYO3B,3.3738347310847727
ATP2A1,3.0033222424794905
ATP2A2,12.47461631722882
ATP2A3,10.35624138559709
ITGA1,9.27198003646308
ITGA2,9.587534092980846
ITGA3,10.601133819507755
ITGA4,8.256461531449405
ITGA5,11.028041203281676
ITGA6,10.931271923427534
ITGA7,7.3623844120328155
TRHR,0.1004804010938924
LOC100132288,7.458043573381955
DENND4A,8.746294986326335
DENND4B,9.784446308113024
DENND4C,10.243638559708307
SWAP70,10.643692525068362
RARRES1,8.26236927985414
LOC100132287,7.871140109389237
PHLDA3,9.48245287146764
PHLDA2,6.86434129443938
TACO1,8.863665542388333
PMM1,8.810785688240646
GAP43,2.554906472196901
NENF,10.467183409298068
SQLE,10.696375113947138
MRPL28,9.91536618049224
LOC100289341,5.603907292616229
FBXL13,3.542945943482225
FBXL12,8.208977392889707
FBXL15,7.2566869644484955
CYP27B1,5.523525068368269
FBXL17,9.104539015496808
FBXL16,8.678043664539649
FAM169A,6.592462534184139
FAM116B,7.621905469462166
FAM116A,9.411156426618053
FAM169B,0.15594229717411118
RALGAPA2,8.328286052871464
GHDC,9.365493892433914
H19,10.924346399270746
SDK2,6.2615504102096695
GRP,5.398667092069275
TPRN,9.339467274384681
THSD4,10.589417684594359
KIAA0895L,7.754772743846856
CHST9,4.153145305378299
CHST8,5.53531859617137
COL4A5,9.20917793983591
COL4A4,5.016037465815858
COL4A3,2.7134912488605294
COL4A2,12.897028167730166
COL4A1,12.961601549680957
SLC35D2,8.59454020054695
CHST1,7.639597994530537
ZNF879,6.1559146763901555
CHST3,8.624434548769365
CHST2,6.9898477666362755
CHST5,2.292274293527803
CHST4,1.8661393801276225
CHST7,5.593104102096628
CHST6,5.0868055606198705
ITGAX,8.363760072926167
OR8J1,0.0059625341841385605
SNORD115-17,0.0
BCL2A1,5.695931905195988
GPSM2,9.060650774840473
HLCS,9.736119325433013
NOG,2.1615639015496817
LIPG,5.268648769371021
ITGAV,11.654985961713754
HIBCH,8.868118505013673
ZNF703,9.057129443938015
ITGAL,8.754284685505933
ITGAM,8.332222971741125
LOC286359,0.08064977210574295
HLF,6.399607839562431
NOV,6.815402096627167
FAM134C,11.013955423883322
FAM134B,9.090856335460346
FAM134A,11.491883865086587
SERPING1,12.212188969917962
SMAD9,3.903347037374662
TRERF1,8.898954512306297
LOC653501,7.07080838650866
LRPAP1,10.916900455788523
LQK1,4.523313947128531
SMAD6,6.213814585232438
SMAD7,9.347353783044667
GOLPH3L,10.451484594348226
SMAD1,9.624137010027345
AFTPH,10.869602643573385
SMAD3,10.093511668185958
MUS81,8.954385050136738
AMMECR1L,9.657660528714667
IL1RAPL1,0.5819947128532356
TMPRSS11B,0.061418322698268
IGF2R,11.539043846855057
TMPRSS11D,0.5149813126709208
TMPRSS11F,0.2441585232452144
ZC3H10,7.698290701914304
RAD21L1,0.492347766636281
IL1RAPL2,1.722258432087513
SLC36A3,0.08962752962625344
CKS1B,9.746350501367356
SLC36A1,8.400596444849608
ST13,12.184315041020964
RPL31P11,1.841939562443027
C14orf115,0.463712488605287
ZC3H15,10.558326253418429
TMEM213,2.552596627164993
C14orf118,7.4467180492251694
ARTN,5.407995259799454
ART1,0.48950391978122176
HRH3,0.8034747493163169
ART3,2.2155665451230635
HERC2P2,8.959981312670921
ART5,2.689762534184142
ART4,1.43809708295351
RNF111,9.308102552415685
TCEA2,8.310131722880588
TCEA3,9.998942844120329
TCEA1,10.762005013673653
MGC57346,7.384568003646308
COX4I2,4.499486144029177
COX4I1,11.832120237010027
BFAR,10.535942023701
ZC3H18,9.50945752051049
TMEM212,0.49274776663628067
SNORD115-13,0.017007474931631714
TCEB3B,0.4410494074749318
SIPA1,9.414156700091159
CRTAM,4.164361804922516
EDA,5.575429170464899
OR6P1,0.003165360072926163
CCDC116,1.7293761166818582
CADPS2,9.664074658158613
CCDC114,4.493243026435733
CCDC115,9.836679762989974
CCDC112,7.883452597994531
CCDC113,8.08458505013674
CCDC110,5.549315314494074
CCDC111,7.513362898814944
LEO1,9.646795624430265
ATP1A4,3.4510588878760253
ATP1A3,4.413651959890609
ATP1A2,4.540764175022782
ATP1A1,13.686382497721079
KGFLP2,6.146629170464902
MGRN1,10.840498359161339
TCP1,11.90685815861441
CRTAP,11.698668368277108
CBLC,7.993332269826803
SPHK1,8.497833728350043
DPT,8.718155241567912
BPESC1,0.05072980856882406
CUEDC1,8.746476572470366
CUEDC2,9.704039562443032
CBLB,8.870315132178666
CPEB4,9.83279179580676
CPEB1,3.1371605287146824
ZNF45,8.166353691886966
CPEB3,7.1862201458523165
CPEB2,9.418456791248849
BEGAIN,4.035804375569732
RBMXL3,0.012706836827711943
OSGEP,8.597477939835906
ABAT,9.525450865998176
LOC100129637,7.047731722880578
ZNF780A,8.261412123974475
ZNF780B,8.07872452142205
TLN2,9.331198997265279
FRG1,9.205656426618054
FRG2,0.13737666362807657
RHEBL1,4.457169006381037
ZNF41,8.088356244302629
IFT80,8.972065086599816
FBRS,10.731179671832273
ZNF414,7.351724339106663
IFT88,8.296854603463991
IL10RA,8.630483500455794
POU5F1B,3.4972087511394716
SP1,11.583041750227881
SLC27A4,9.846364630811303
SP2,9.218209845031906
OLA1,10.980631540565184
PNOC,2.846906198723788
CNTF,3.205277210574288
MCM10,7.412919963536913
PDIA5,9.069926162260716
SP4,7.592185961713777
TMEM38B,6.613122789425704
THUMPD3,10.06370747493163
IGFBPL1,1.9125280765724686
SP5,3.464848678213309
ATG4C,7.474796809480415
ATG4B,9.733882862351885
ATG4A,8.374656973564278
THUMPD2,7.772327529626248
LOC441208,5.012647037374666
ATG4D,8.479993163172285
PHOX2A,0.25488049225159537
PHOX2B,0.10910018231540564
SNORD114-31,0.0
SNORD114-30,0.0
LRGUK,3.679832999088425
MPHOSPH8,9.621240656335454
UPK2,2.185435095715587
CFH,9.87747711941659
CFI,7.903103190519587
PNP,9.79961002734732
ANKFY1,10.600649407474927
C1orf14,0.20134466727438471
CFB,12.360785779398359
OR5P3,0.09397402005469462
OR5P2,0.08600483135824975
MLLT4,11.126123609845042
SNORD115-6,0.0
CREBBP,11.364386052871476
PNN,10.88791631722881
PHYHIPL,2.8624608021877815
ATP6V0E1,11.712716408386507
ATP6V0E2,10.314538559708303
RNF128,6.027270829535102
CFP,4.272274931631724
AAAS,9.437371376481298
HAMP,3.8014092980856913
ZNF394,8.610370556061994
SIDT1,8.935291886964443
SERPINA10,0.7305876937101187
SIDT2,10.100462169553351
SNORD115-7,0.006099088422971742
TAF8,8.792232360984503
PISRT1,0.002649316317228806
SIX4,8.612653874202383
LOC283070,7.904056426618048
SIX6,0.17616453965360065
PM20D1,1.3692407474931647
MR1,7.787954056517779
MGC4473,0.4960036463081132
SIX3,2.5029927985414777
SNORD115-4,0.0
WASH3P,8.146834822242496
CNPY4,8.39710227894257
CNPY3,10.483230902461246
CNPY2,10.488492798541497
CNPY1,0.1991280765724704
NODAL,1.9822164083865077
SYNJ1,8.284953965360069
KNDC1,3.6624106654512336
HMG20A,9.643676390154985
HMG20B,10.924439744758413
PHOSPHO2,6.42500282588878
AAGAB,10.6255196900638
C4orf19,6.204094804010943
C3orf79,0.028526162260711026
SLC7A6OS,7.202901093892438
C3orf77,0.03313874202370099
C3orf75,8.602031722880593
C3orf74,0.3775034639927073
C4orf10,8.054659161349143
C3orf72,0.8252419325432997
C3orf71,4.783252597994535
C3orf70,6.200800455788515
ZNF285,6.123252597994534
MRO,4.64571030082042
ZFP82,6.845800091157696
CHFR,8.864319872379218
EFHA1,9.717566453965363
RTBDN,2.2189762078395616
EFHA2,4.446742479489515
AAA1,0.06370054694621696
GPR75,4.2478
NUDT9P1,1.3952618049225178
SYPL2,3.8287561531449446
RFX8,3.142903372835001
ZNF222,6.0321423883318035
RFX4,0.4625552415679128
OR2C3,0.1304168641750228
AVPR2,3.3573118505013646
RFX7,9.13152360984503
NRXN3,5.23946991795806
GPR77,5.983003828623517
NRXN1,2.9517865086599797
RFX3,5.82707620783956
SNORD104,0.0
RFPL2,1.3408185961713759
VPS37D,6.169199817684597
NLRP13,0.4663855059252507
APC,9.62178632634457
TMEM179B,10.097010483135822
ABCE1,10.660734092980844
UQCRC2,11.66708140382864
XPNPEP1,9.866133546034646
XPNPEP2,3.307230355515045
TIGD4,3.5144412944393775
ZNHIT3,9.19693126709208
GGCX,9.560867821330913
PAPLN,7.714260164083862
ADNP,11.70502534184138
TMEM218,7.998593618960806
STXBP6,3.0229639927073855
KHDRBS1,12.007111212397438
RUNDC2C,4.6355183226982675
KHDRBS3,7.309011030082048
GGCT,10.955140018231535
VPS37C,10.095981677301744
STAC2,6.2996839562443
LOC283404,0.7494379216043761
ZNF395,10.420242479489508
STAC3,5.915080674566999
TBL1Y,0.020799635369188704
LHCGR,0.4049292616226071
TMEM211,0.3199978122151322
OR1Q1,0.2852368277119416
TMEM127,11.359572288058327
GPR78,0.1587311759343665
TRPA1,3.755719872379218
VPS37B,9.621903919781195
TTC7A,9.325809206927978
UQCRHL,8.649239835916125
ZBED4,9.525835369188686
C11orf2,10.46002087511396
C11orf1,8.057733819507737
DPYSL5,1.5896780309936185
DPYSL2,10.564143482224265
DPYSL3,11.404377119416585
OSTM1,9.213095715587965
RUNX2,8.289822607110288
C11orf9,5.095869097538745
KRTAP10-12,0.009179671832269826
KRTAP10-11,0.006143846855059253
KRTAP10-10,0.007465724703737466
IGFBP2,10.884911850501364
IGFBP3,11.229694348222429
IGFBP1,0.9175457611668183
BOP1,8.166546216955346
IGFBP7,12.270897538742016
IGFBP4,13.532509480401098
IGFBP5,13.723568368277107
SKP2,7.24260592525069
TTC4,9.188465542388322
CYP2R1,7.944938286235186
CKLF,8.433403099361893
ZNF193,7.621544211485874
C15orf26,1.4276987237921632
C15orf27,3.88572789425707
C15orf24,9.967625068368273
GJA3,2.2559340018231566
APLNR,9.29636399270738
C15orf23,8.40905296262535
C15orf21,5.712673564266176
GJA8,0.04429425706472196
CYP8B1,1.5636530537830446
C15orf28,2.3510308113035547
C15orf29,8.364976845943476
STMN1,11.721284138559708
S1PR2,8.095538286235197
KDM3B,11.18523044667274
REG1P,0.01155013673655424
STK17A,9.063593618960791
KDM3A,10.430587511394723
LOC401387,0.9532365542388334
S1PR1,8.572412397447575
ZNF642,6.771317137648132
TMC4,10.633954329990894
MYO3A,2.4071779398359148
TMC6,9.671597994530526
KIAA1958,5.830937921604377
APIP,8.593027620783973
TMC1,0.7416868732907934
GPR15,1.3750785779398365
TMC3,2.0298041932543303
PKLR,0.807139288969917
TECRL,0.02663236098450319
EIF2B4,9.774570556062
EIF2B5,10.424258158614416
EIF2B2,9.007440838650867
EIF2B3,9.061041932543313
EIF2B1,10.088669462169559
PRKAR2A,8.16224238833181
CSNK2A1P,8.812582771194172
XRRA1,8.986533363719234
C20orf56,0.15797912488605287
C20orf54,8.517254147675477
TXNIP,13.122839288969908
SLC36A4,6.938670920692791
LOC389791,1.7094845943482224
ZNF876P,4.28285214220602
MLF1,8.851171741112116
QPRT,7.7992160437556874
IFT140,9.72848195077485
MLF2,11.983874931631705
TMEM14C,10.864046034639923
FAM157A,3.6753206927985396
FAM157B,1.153022971741112
FANCF,9.134437465815868
MECOM,7.604839015496807
ITGA2B,2.932374840474019
RSPH1,6.5800385597082975
IFI16,10.671278213309023
SOX6,4.7609910665451265
LOC440944,7.735754694621704
TTC1,9.946387329079297
C9orf128,2.235949954421149
C9orf129,6.365678942570651
MYT1L,0.47554621695533306
C9orf125,4.7095645396536
C9orf122,4.042995989061071
CEPT1,9.38833135824978
KIAA1267,10.176748313582504
RTCD1,9.351874111212412
CFHR2,0.03647876025524156
CFHR3,1.4090907930720142
CLIC4,12.084716408386498
CLIC5,6.495197174111213
CLIC2,7.706985323609848
CLIC3,5.41617775752051
CFHR4,0.12227793983591614
CFHR5,0.299838286235187
KRTAP2-2,0.10605341841385599
KRTAP2-1,0.13981011850501382
CXorf1,0.10336317228805827
KIAA0020,9.387265907019133
KRTAP2-4,0.004902825888787603
TMEM147,10.541119234275277
ASGR1,3.226051230628984
ASGR2,2.5336352780309928
PCDHA1,4.094554147675478
FOXL2,1.168407474931632
RIT1,9.618693072014583
TMEM141,10.059984138559702
FOXL1,4.623716408386512
SF1,12.065204102096638
PCDHA6,4.999211303555153
PKIB,9.086451777575208
TMEM149,7.135459617137659
API5,11.32589106654512
KRTCAP3,8.194952051048308
NUMBL,8.583308659981766
RTKN2,7.290061440291692
RNF180,6.315962078395619
P2RX7,5.876033637192344
SECISBP2L,10.032779945305384
SBF1P1,0.6258386508659984
LOC100128811,0.18642151321786696
HAS2,5.841035369188692
KIAA1199,7.660926618049222
HLA-DPA1,12.199166818596176
ZSWIM3,6.8721259799452925
FAM32A,10.665348495897904
KIAA1191,11.078071376481306
FER1L6,1.2668958067456706
ALOX12P2,3.0980614402917057
FER1L4,5.584730720145854
FER1L5,2.03222962625342
CA5B,7.894662260711023
ZNF559,7.737257702825883
VWA1,10.651373564266175
C19orf22,10.588700182315419
C19orf23,4.053649134001822
C19orf20,5.615475752051053
C19orf21,8.820808204193243
C19orf26,3.461482133090246
ZMAT4,3.0288640838650847
C19orf24,9.090967547857788
C19orf25,8.650628714676406
MYBL1,7.709742935278029
NR1D1,8.670098997265265
C19orf28,10.035297994530543
C19orf29,8.64433773928898
ITGB1BP1,9.651295077484077
ITGB1BP3,0.15600838650865995
ITGB1BP2,2.199938468550592
ZNF7,9.135155970829546
ZNF2,7.157802005469462
ZNF3,9.731374749316307
CTCFL,3.559191795806742
PHLDA1,9.907947310847774
RPL31,13.418392251595273
ZNF8,6.716976390154962
PCP4L1,3.597461804922513
C11orf17,8.178707930720147
C11orf16,1.4622817684594347
ZAP70,5.649800273473106
SNORD115-9,0.0
C11orf10,10.268127620783934
ZCCHC13,0.008324065633546035
UFSP2,9.09758113035551
OGFR,9.978081312670927
EPM2AIP1,9.828163263445738
CDC5L,10.207182497721062
RAC2,9.244604284412038
RAC3,8.249021422060169
RAC1,12.572555241567906
SBDS,10.719329808568826
RCL1,8.529521422060174
SBK2,0.7183198723792159
MRPS18A,9.42985861440291
CPLX2,1.1967426618049237
CPLX3,1.1875019143117607
ORC3L,9.279788422971738
CPLX1,6.508883773928895
AP2A1,11.041113309024615
CPLX4,0.3574545123062899
AP2A2,10.666880401093879
LOC389333,5.426144211485867
LILRB3,5.48595733819508
CADPS,2.860614402917049
FIGNL1,8.3403447584321
KDM4DL,0.4485419325432997
PBX3,8.790262716499551
PBX1,12.452944120328162
AIRE,0.2575284412032814
TMOD2,8.066731722880588
MFSD11,9.082680036463064
NSUN2,10.745574475843206
NSUN5,9.222354238833185
NSUN4,9.226134092980868
NSUN7,6.743192980856879
NSUN6,7.742739288969925
PRAMEF4,0.038506472196900635
PRAMEF5,0.009526618049225161
PRAMEF6,0.026556791248860533
TUBG2,7.967323974475852
FAM71F1,1.128360164083866
PRAMEF1,0.05858550592525069
PRAMEF2,0.04546189608021877
FAM71F2,2.7013113035551486
PTCH2,4.524058887876029
OR7G1,0.006112032816773018
PCDHGA2,4.711186690975384
PRAMEF9,0.009267092069279852
PRDM9,0.07665360072926163
SGK269,9.863187693710112
FAM108B1,8.222405195989067
TBC1D1,10.125586144029164
ZXDA,5.892426435733814
PAMR1,6.16754740200547
RAD9A,8.10020601640838
ERGIC2,9.711362078395613
ERGIC3,12.199714585232458
CDR2L,9.41303445761166
ERGIC1,12.641458523245202
CLEC14A,8.428257702825881
PDF,7.306948587055611
B3GAT3,9.493752780309945
B3GAT2,2.8026498632634445
B3GAT1,3.3095590701914332
FAM66E,0.7052734731084773
FAM66C,4.345643299908846
PER1,9.075027438468558
CPPED1,9.187487602552414
OR10A2,0.028945578851412943
UXT,9.719620783956252
CALM2,13.529214494074774
CALM3,12.239076207839565
SPG21,10.984700638103922
CALM1,12.608596262534183
GSDMA,3.2191043755697355
GSDMB,6.402183865086603
GSDMC,4.103929170464909
GSDMD,10.312960802187781
HRH4,1.0712904284412033
UPK1B,0.7425651777575212
DLGAP2,1.6162783956244304
DLGAP3,3.131917775752053
DLGAP1,4.045859525979944
DLGAP4,11.032633637192342
DLGAP5,8.04215587967183
BRDT,1.38876517775752
HRH2,3.765323609845033
MBNL2,10.226494439380135
MBNL3,4.949967092069281
PLK3,8.14137757520511
A1BG,7.134563081130364
TTC8,9.07236836827711
PLK2,10.914560528714677
ZNF720,8.500158705560626
OIP5,6.1337326344576155
CLCN3,10.364030902461243
CLCN2,7.114595989061079
CLCN1,1.5072805834092995
HRH1,7.091178395624436
CLCN7,10.87307839562444
CLCN6,8.228616226071102
CLCN5,7.572385232452149
CLCN4,6.087598723792158
FBXL19,9.159232725615297
BRD8,10.126594712853253
BRD9,9.469120145852303
PCDHGA1,3.433320783956244
FBXL18,8.592010574293516
BRD4,10.732840474020062
BRD7,10.106094530537836
BRD1,9.716770829535102
BRD2,12.443757338195056
BRD3,10.221132725615325
DNAJA2,10.593011212397448
DNAJA3,10.532089061075666
DNAJA1,11.849394895168658
TGFBR3,9.087940382862351
DNAJA4,10.39101631722882
GLG1,11.841892980856889
LOC643387,5.412137648131273
PTPN12,10.97920118505012
PTPN11,11.436277848678202
LOC84931,0.2628542388331814
LOC100192379,0.13357010027347316
LOC100192378,2.505079398359163
MYCBP,9.83473527803099
PTPN14,7.365027711941658
GALR3,0.21915979945305372
GALR2,0.7885958979033734
GALR1,0.36607338195077477
SETD1B,9.923549589790333
LYAR,8.078084685505935
PCDH20,4.11500820419326
C8orf30A,9.70884740200547
CH25H,5.155734731084777
C16orf74,6.448657702825878
C16orf75,8.10338286235187
MRPL27,9.650543573381956
CSF2RA,6.912586873290807
DMD,7.392431449407478
C16orf71,5.060067730173195
C16orf72,10.385283865086592
C16orf73,0.7870913400182309
GAB4,0.1560494986326345
LRFN4,8.522477666362807
C16orf78,0.01977657247037375
C16orf79,4.12754557885141
GAB1,9.457332269826795
C2orf81,6.728416773017316
C2orf80,0.05513536918869644
C2orf83,0.029352415679124888
C2orf82,2.2111958979033717
C2orf85,0.7385122151321792
C2orf84,1.5686752051048312
HABP2,2.498790884229719
C2orf86,6.2045458523245225
C2orf89,4.081928076572477
C2orf88,5.238709115770287
FLJ46361,0.02566298997265268
NDRG3,10.243243208751124
NDRG4,6.5578330902461195
TBC1D9,12.347596991795802
ZSCAN2,8.145953418413852
PRAP1,0.4153352780309935
CHD1L,9.721007839562445
HOXA6,2.0924191431175903
HOXA5,4.346310300820427
SNORD38A,0.0
DNAJB13,1.2785033728350066
DNAJB12,10.32997629899728
DNAJB11,10.433086508659995
HOXA4,4.532194530537825
HLA-DQB1,10.59885141294439
MSMB,4.354280401093902
UPF0639,3.5306886052871467
DNAJB14,8.28164020054695
RNF138,8.970191886964448
HOXA3,5.011635916134907
ENOSF1,8.754612397447586
HOXA2,2.7299503190519605
CISD2,9.220199179580675
CISD3,9.812002643573374
CISD1,8.375251595259801
CLNS1A,10.825651321786703
HOXA1,3.8779637192342693
FLJ44635,4.0202924339106625
R3HDML,0.4647245214220602
TSHZ2,5.9908332725615185
TSHZ3,7.926438924339103
EIF4E1B,0.9936257064721966
MRC2,11.248863810391969
FOXS1,5.7343837739289025
PABPC1P2,0.46425022789425696
ZNF581,8.567654512306301
IGLL1,0.2871488605287147
MCOLN1,8.84856444849591
ZNF582,5.419356973564265
TIPARP,9.48290355515041
ZNF584,7.4668577028258865
ZNF587,10.16233190519597
HAPLN4,2.654148404740199
ZNF589,8.12114767547858
U2AF2,11.61462288058342
THSD1,6.589735369188698
SGK494,5.410626435733827
TMEM115,10.116497447584328
ZFP161,8.558020783956248
RELA,10.994837830446668
?|26823,0.5018101185050142
LPAR6,9.092157247037376
LSM12,10.117856517775769
PSD,5.26958924339107
UXS1,9.434330446672737
CAMKK2,10.578085779398368
CAMKK1,7.7104806745670045
P2RX2,1.6687701002734732
HOXA9,5.037330446672741
LOC84856,3.8581694621695566
OR8U1,0.006896353691886964
LPAR5,6.72401148587056
ZP3,7.56282871467639
LOC441046,3.2777213309024598
ZP2,0.5277206927985412
TMEM123,12.300485688240665
MTRF1L,7.826480127620772
MYO1H,1.982947493163176
MYO1G,7.065966271649952
MYO1F,8.302555879671827
MYO1E,9.86826927985413
MYO1D,11.205604010938917
MYO1C,12.239090701914312
MYO1B,10.904762260711031
MYO1A,1.170421057429352
GRN,12.825480765724707
LCN6,0.817746034639926
LOC100128640,4.779637010027346
RPL36AL,11.39697839562444
RAET1G,2.644936371923427
KIAA0391,9.406606289881502
CHMP7,9.960301002734736
CHMP6,8.77980401093893
BCR,10.60532525068369
OR52N4,0.930325706472197
OR52N5,0.1333173199635369
OR52N2,0.344310847766636
CTPS2,9.858923245214216
NDC80,7.855545031905198
OR52N1,0.09989443938012763
SULT6B1,0.010395989061075661
LY6G6C,3.4025384685505884
HOXA13,1.6628792160437567
LY6G6E,0.0801819507748405
HOXA11,3.6805366453965362
HOXA10,6.259573199635362
KRTAP19-2,0.0007022789425706472
KRTAP19-3,0.010725341841385598
PPIAL4C,5.307443208751149
KRTAP19-1,0.010238103919781222
KRTAP19-6,0.001137739288969918
KRTAP19-7,0.0
KRTAP19-4,0.0
FAM188A,8.723697082953493
FAM160B1,9.376332269826783
KRTAP19-8,0.01062907930720146
FAM160B2,9.848418322698272
RAD54B,7.34105970829535
GALNTL5,0.026711759343664536
GALNTL4,8.096586144029166
TSSK4,3.3277763901549706
GALNTL6,1.7729042844120342
GALNTL1,7.783295806745675
LSM11,7.6177360984503135
ZNF323,7.672255423883325
GALNTL2,6.946195897903379
SNORD114-3,0.0
SF3B1,12.708716043755693
TUSC2,9.22773628076573
SRI,10.586356335460344
SUN1,11.089729261622612
SRL,3.64266909753874
SRM,10.087015496809466
SRR,7.988472379216054
LGALS9,10.048603646308111
LGALS8,10.521216955332724
LGALS3,11.388175660893348
LGALS2,3.72459635369189
LGALS1,12.332715587967195
SRY,0.003776025524156792
LGALS7,2.442344484958979
LGALS4,1.7395423883318173
NMU,2.6507278030993633
RNF114,10.90686198723793
AKIRIN2,9.32668422971741
AKIRIN1,10.17105970829535
EIF2AK1,12.337540929808567
ERCC6L,6.883011668185964
EIF2AK3,9.912503008204204
EIF2AK2,9.091829352780316
TDG,8.947684594348214
EIF2AK4,10.461597721057439
HN1,10.889094439380129
SMS,11.086219416590698
NMB,6.2237484958978975
EREG,2.721218687329081
LOC729467,0.17042370100273477
AVPI1,7.279955332725614
MYO16,3.1920691886964425
FAM136B,0.2894651777575204
TRNT1,8.509656335460347
ASAP1,10.170165086599809
ASAP2,9.718898997265267
ASAP3,9.819313217866908
OCRL,10.292396536007288
?|441362,0.0024916134913400183
VSIG10L,5.41331403828624
PLAUR,9.275680674567012
XIST,12.227340747493164
KRT28,0.028416499544211493
TBX2,7.398424339106652
LOR,0.40728960802187786
LRRC26,5.393818960802188
KIAA1524,7.4557275296262695
LRRC24,4.0622288058340965
KIAA1522,12.240628350045588
MPDU1,10.117108204193231
KIAA1033,9.911471649954416
LOX,9.528630446672743
LPGAT1,11.21933938012762
LOC284661,0.1526736554238833
SEMA6D,6.597429808568821
LRRC29,5.387367912488614
KIAA1529,6.1450024612579774
SH3D20,2.6932415679124904
GCNT4,4.391160164083857
GCNT7,0.7356288058340918
PRKX,8.935655879671838
C14orf138,6.991990701914311
C14orf139,6.270916773017332
GCNT3,2.1347805834092983
GCNT2,8.21307019143117
C14orf135,9.548770829535094
LOC440957,6.884329717411126
C14orf132,8.424405378304467
ZNF165,6.788612032816769
LPCAT4,8.244605651777569
LPCAT2,8.533275934366458
LPCAT3,10.440071649954403
LPCAT1,10.838714858705568
SPNS1,9.874899270738378
KRT20,0.4410603463992708
MID1IP1,9.226660802187777
TAS2R42,0.15996818596171372
PIGA,7.798075113947133
PIGB,7.990464995442099
PIGC,9.799290246125818
PIGF,8.202846490428438
CALCRL,8.89581130355516
PIGH,8.383192251595247
TBC1D3,8.076122060164089
MGC70857,8.696799544211483
PIGK,9.694230902461266
PIGL,5.717632360984503
PIGM,9.425807019143129
PIGN,9.472695624430257
PIGO,10.034474020054693
PIGP,8.267178486782123
C20orf185,0.06232570647219691
C20orf186,0.3519147675478577
PIGS,10.496335733819524
ILKAP,8.719251595259802
PIGU,9.353232725615307
PIGV,8.69997338195077
PIGW,7.866034731084784
PIGX,9.741593254329999
PIGY,10.502987784867821
PIGZ,6.629238195077487
KRT25,0.03720337283500455
TMEM80,8.243100455788522
NDFIP2,9.350628350045582
ELAC1,6.386884503190521
ANKLE1,3.3479221513217916
OR52R1,0.004975205104831359
OR10A7,0.004875478577939835
ALPP,0.3728723792160438
RHPN1,9.241205378304466
INPPL1,11.092179945305386
OLR1,8.1638160437557
RHPN2,9.423212853236093
SRRM1,10.771434184138556
ITGAD,2.530252780309936
MGST2,9.291380127620783
SRRM2,13.564473564266187
RAET1L,1.3464454876937082
SRRM4,0.598954056517776
ITGAE,7.85036773017319
PDK1,8.47645934366454
SEPX1,9.186173473108473
PDK3,8.346485141294446
PDK2,9.546106472196893
EBP,9.55613992707385
PDK4,8.948470464904302
SUN3,0.23640537830446673
LNPEP,7.975392980856873
MYO5C,10.21229507748404
ALPI,0.09826855059252503
ZNF292,9.806281130355519
SEC61A1,13.113790701914299
SEC61A2,7.370238924339101
ALPL,7.907945305378311
PTGS2,5.0519071103008155
PECR,7.405741476754781
DDHD2,10.092086964448505
TBC1D5,10.291616773017314
NAPRT1,9.069857611668196
MGST3,10.804991340018237
ZYG11A,6.146533910665454
ORC2L,8.839367639015498
RAB9BP1,0.0016348222424794894
OGFRL1,8.748700091157712
PUF60,11.631710665451223
SV2B,4.788786599817676
ZFAND1,9.203172196900631
MYO5B,10.80627265268917
TMEM82,0.6689568824065635
PECI,9.914848222424816
OR11G2,0.005505195989061075
PPID,9.512702005469444
PLVAP,10.91894120328167
SLC39A13,9.731584594348227
SLC39A10,9.549715496809496
SLC39A11,10.527345396536003
LOC96610,12.592356335460337
SLC39A14,10.241936554238837
SCN2B,3.2609148587055627
CEP120,8.885429717411117
MTMR10,9.369506016408371
EIF1AX,10.929774111212396
EIF1AY,0.15019945305378307
NTRK2,8.801134639927076
NTRK3,4.921343026435735
ARHGAP23,8.762390610756603
ARHGAP22,6.158604193254333
ARHGAP21,10.520780309936175
ARHGAP20,5.131895897903368
ARHGAP27,8.888227073837735
ARHGAP26,8.345428441203296
ARHGAP25,7.913221513217864
ARHGAP24,7.3848922515952635
NARFL,9.350801823154052
ARHGAP29,10.681264083865077
ARHGAP28,6.675789790337274
NFKBIL2,8.404601731996351
LOC150197,1.8209989061075682
PCGF1,7.9608677301732085
SYDE1,7.900916043755695
DDIT3,8.25598687329079
DDIT4,11.024062534184122
NFKBIL1,8.624627803099353
SLCO4C1,3.2695278030993578
RXFP3,0.597379580674566
COL19A1,1.0633685505925246
NKRF,8.458082041932544
PCGF2,10.00001194165906
TMEM84,5.661860164083861
SMAD2,10.861535186873294
MYSM1,7.01043573381951
ATG2A,9.387131358249773
LOC162632,6.432622060164085
ATG2B,9.681936189608038
PPPDE1,10.425339197812207
PPPDE2,7.937965907019144
BMP7,6.287120328167739
C1orf38,8.258822971741115
BMP5,1.9006380127620786
BMP4,7.201701640838654
BMP3,1.5144166818596185
BMP2,4.698339744758433
BMP1,9.398505378304455
GPR4,7.333356153144946
C1orf31,8.633706654512304
RLIM,10.690898814949861
OR5R1,0.0025821330902461256
PCGF6,7.420708842297172
C1orf35,8.44211722880584
SSFA2,11.042840382862357
FEM1C,9.759508113035562
TERF2,9.097599544211484
TERF1,9.314232452142218
ASF1B,8.86744603463993
LOC344595,7.090471558796723
GOLGA8E,0.03736007292616226
NDUFAF1,8.39120109389244
GOLGA8G,0.37070036463081096
FEM1A,9.993822698268001
GOLGA8A,8.773094804010938
GOLGA8C,0.7000341841385599
GOLGA8B,7.705091978122148
MARCH11,1.1084098450319047
MARCH10,2.1736514129443942
LOC100125556,6.067626071103009
CT45A1,0.4129933454876939
PTOV1,11.05241531449408
CT45A3,0.19793026435733818
CT45A2,0.14270729261622603
CT45A5,0.25974776663628074
CT45A4,0.12827210574293524
RASSF7,8.973275205104828
CT45A6,0.10904530537830445
LPPR5,1.8947664539653604
LPPR4,5.500487329079302
LPPR3,5.4337434822242425
LPPR2,9.64248514129443
HBII-52-27,0.0
PMS2L4,4.961069462169556
SPRY2,7.519198814949854
RSAD2,8.895535278031002
RSAD1,9.614640200546944
ATP5C1,11.698845123062897
NFS1,9.238102096627168
CHD3,11.910906836827726
CHD2,11.031465360072913
CHD5,2.028523701002738
CHD4,12.76816390154969
CHD7,9.336269371011866
CHD6,10.659939927073832
CHD9,9.747324703737483
CHD8,11.01534156791248
SGCA,2.135866089334546
LOC121838,1.925576663628077
CAP1,12.817413309024626
CAP2,8.89743254329991
LOC283050,4.683848678213314
NPC2,11.485719234275287
NPC1,9.897287237921624
SKIV2L,10.035732999088424
SNORD11,0.0
TNFSF12-TNFSF13,5.964652597994531
C3orf59,7.389720054694615
C3orf58,8.467205195989047
PRKCB,6.574848951686419
RAB3GAP2,10.405857611668182
IL4R,9.860653874202379
BHLHA15,2.598329535095714
PIKFYVE,9.378790975387432
C3orf51,0.062223974475843206
C3orf50,0.2206036463081129
C3orf52,7.80361230628988
C3orf55,3.381458249772107
C3orf54,4.882983044667271
C3orf57,7.178053874202366
CAPS,8.991061622607104
DYNC1LI1,9.934396171376463
DYNC1LI2,11.23007201458525
TRPC1,6.178874931631726
EFHC2,4.347719690063816
EFHC1,8.328593801276213
CAPG,11.639602825888787
TPRKB,8.52726180492251
ETHE1,8.969875478577954
PRDM16,3.935070829535102
ABCG1,9.790305287146746
ABCG2,5.7483417502279
PLSCR5,0.130823062898815
ABCG4,1.7535041932543298
ABCG5,1.3225040109389246
PRDM10,7.972661804922513
PLSCR1,9.656903919781227
ABCG8,0.47250902461257976
MPO,1.9008879671832275
HNF4G,4.442530993618956
AVP,0.022348678213309024
ELP2,11.141489516864157
PRKCZ,8.748672288058359
SPC25,6.887530355515051
TARS2,9.720451959890616
POLRMT,9.310262078395626
MS4A6E,0.26658149498632633
MPZ,3.7921137648131245
SRBD1,8.766715041020959
SGSM2,10.121625979945296
MCPH1,8.569152324521433
GRPEL1,9.438526709206922
GRPEL2,8.880261166818595
PLRG1,9.62882151321786
SGSM1,5.495935460346403
SF3B14,10.39621039197812
SLC36A2,0.3116059252506837
KRIT1,9.455338742023699
LRRC27,7.887277484047395
ASPHD1,5.159018140382864
TRPC7,0.052085870556062
GADL1,0.18626663628076584
KRTAP5-10,1.2245762078395608
HLX,6.738016681859618
QRSL1,8.927275660893342
VOPP1,10.275821239744765
FCER1G,8.97077465815862
AKR1B10,2.7643965360072946
BTG3,8.284590246125793
BTG2,11.836826709206901
AKR1B15,2.2282842297174126
FAHD1,9.424501640838645
ZNF592,10.246561804922505
SLA2,5.120272014585235
SNORA67,0.438476025524157
C4orf36,3.338610391978121
C4orf37,0.6751406563354606
C4orf34,10.25880382862352
C4orf35,0.021605469462169555
C4orf32,9.267557976298988
C4orf33,7.592902278942569
C4orf31,5.052124977210571
SRD5A3,9.68273901549681
SRD5A2,2.4015640838650927
SRD5A1,8.186400091157717
ZFP1,7.810499544211481
C4orf38,2.886524247948949
C4orf39,3.5873117593436663
HELLS,7.262949498632634
ZCCHC3,9.028070009115776
FAM49A,5.977782224247948
FAM49B,10.536978304466716
PDILT,0.05649088422971742
SNORD12,0.0
SLC6A20,3.6201739288969934
ZFP36L2,11.784530720145861
GGA1,10.031345578851415
C10orf99,0.31995396536007314
GGA3,9.577088149498639
GGA2,11.167535551504107
C15orf48,8.213176207839561
ZNF510,8.228026435733819
C10orf90,2.1139190519598925
C10orf91,1.1870122151321791
C10orf93,2.7899128532361
C15orf40,7.653298085688237
C15orf41,6.5308848678213325
C10orf96,0.06096608933454877
C15orf43,0.09920237010027348
SLC12A6,8.60734147675479
FHOD1,9.167718778486794
FHOD3,7.429924703737465
ADH7,0.3244512306289883
ADH6,0.6291265268915219
ADH5,10.898935095715572
ADH4,0.7025992707383769
C4orf6,0.8312757520510475
C4orf7,4.369213400182325
PKD1,10.401801367365524
NRL,4.728764904284416
GJC2,4.533904557885139
C4orf3,11.320991066545123
GJC1,7.737418960802181
ZNF138,8.197194895168641
PFKFB1,3.181645943482224
PRKACG,0.09119252506836824
SPRYD3,10.446997174111196
PRKACA,11.151092889699166
ERICH1,7.496455332725626
NUAK2,7.688637192342749
PRKACB,9.785454785779393
PSMB7,11.014436554238818
PSMB6,10.513500364630806
PSMB5,11.080316226071101
C14orf119,10.03337721057429
PSMB3,11.004978942570643
PSMB2,10.909632725615328
PSMB1,11.436446490428446
LOC100128842,4.4713258887875975
C20orf79,0.001512944393801276
TNFSF10,11.479685232452152
PFKFB2,8.952277210574286
LMBR1L,8.466851504102099
HDHD3,9.096665360072933
HDHD2,9.510574658158614
C20orf71,0.011934457611668184
C20orf70,0.30037283500455786
LRRC23,7.574799179580679
C20orf72,9.191853874202364
PFKFB4,7.845962534184125
PNMA1,9.887027164995457
PPAPDC1A,6.3839744758432015
TDGF1,1.3473926162260699
KLK1,2.49045679124886
TDGF3,0.3832040109389246
LOH3CR2A,4.967744302643572
LOC339788,0.16791048313582504
RMI1,8.646070647219686
CORO6,4.960190610756606
CORO7,9.361932543299913
SNORD21,0.0
SNORD20,0.0
SNORD23,0.0006502278942570647
KLHDC5,9.768273199635368
SNORD25,0.0
KCNK9,1.5404742935278035
SFRS9,11.176819872379204
LOC285456,1.092093618960801
KCNK4,0.7840996353691886
KCNK5,6.956934092980856
BDNFOS,5.64945952597995
KCNK7,2.076859343664539
FAM155B,5.613433637192341
CRY1,8.884707110300818
CRY2,9.831254603464004
FAM155A,5.279022242479491
C9orf144,0.13753117593436645
SULT2A1,0.040055423883318134
C9orf140,8.695785597082965
C9orf142,8.576238286235185
GLTP,10.03108587055605
NACC2,5.418189334548766
ACOT11,5.390169917958074
ACOT12,0.18309334548769365
ACOT13,9.323390975387417
VPS13A,9.16599535095715
LOC100128788,4.413526526891521
VPS13C,10.2586931631723
VPS13B,10.201187967183218
BEX5,5.1542546946217
BEX4,9.416512123974483
BEX2,6.968861440291702
BEX1,3.8353990884229687
UBAP2,10.004070191431179
TXLNG,7.786821969006383
NUP160,10.2049611668186
ELTD1,8.96125870556062
N4BP3,9.205188787602541
CRYM,3.489922242479489
TMEM163,4.907442661804925
TMEM165,10.59646216955334
SULT1A3,9.148378213309028
ME2,9.392208568824072
EVI2A,7.786583773928897
SERPINA5,8.574380127620769
EVI2B,8.320494257064716
FOXN1,2.7430316317228813
FOXN2,8.121820510483138
FOXN3,10.055837192342755
SUGT1P1,1.61276353691887
FAM27A,2.741629079307201
NICN1,8.118613217866905
WDR1,12.575808477666362
UGT1A5,0.028393801276207838
COL14A1,10.151834457611672
ZNF799,7.707423883318135
GRIN2B,0.6926642661804924
GRIN2C,3.984959070191433
GNA14,6.051751504102088
GNA15,7.588173928896989
GNA12,10.664422333637189
GNA13,11.060856517775768
GRIN2D,5.673358067456699
GNA11,8.942356700091175
NOL9,7.43891084776664
PRKAR1A,12.521479762989998
IFFO1,7.194716408386515
ZFP64,8.854881403828623
IFFO2,9.032124156791253
PRKAR1B,7.680039106654515
MFGE8,11.006153691886983
SH2B1,9.793168094804017
KLK5,5.339285961713761
IL6ST,10.477795259799466
SBF1,10.097897265268905
SBF2,9.462400820419328
SERPINA7,0.035317137648131276
PCNT,9.837326800364627
SAR1A,11.467952597994532
DBN1,10.892223609845036
SAR1B,9.356376116681858
TPPP,6.952633637192339
ADD2,4.7992797629899755
SNORD127,0.0
OGDH,11.251397994530526
SIN3A,10.991713400182325
ADD1,12.137701276207839
CDC73,10.28419781221513
C11orf35,5.213400546946223
C11orf34,0.37702989972652695
C11orf36,0.07563190519598907
C11orf31,10.078619872379216
C11orf30,8.888066089334542
R3HDM1,9.537419143117603
OLIG3,0.1743021877848678
SEMG1,0.10065314494074751
UPP1,7.159987146763894
SEMG2,0.18333126709206926
LOC284276,2.7912366453965367
ZNF418,6.890452506836833
EN2,2.020922333637192
LOC100134713,4.240440565177757
LMBRD2,7.595819963536927
ANKRD20B,2.2876997265268932
OLIG1,1.3583072014585234
ZFP62,9.457743482224252
RPL13AP20,4.925385870556062
DAZL,0.8224927073837747
DAZ3,0.0
DAZ2,0.0006350957155879672
DAZ1,0.009428714676390153
TAS2R19,1.0470830446672739
DAZ4,0.0
SRFBP1,7.927329170464906
TAS2R16,0.003673290793072015
TAS2R10,0.9932525979945305
BCAT2,9.49322488605287
BCAT1,8.40666773017319
LOC283267,7.653890701914314
NEUROG3,0.3237521422060161
MACROD2,6.077991795806746
MACROD1,7.700298541476757
NEUROG2,1.2335329079307196
MYH7B,2.92311431175934
GBA2,9.822295350957168
AKAP4,0.057068459434822257
AKAP5,7.145314767547857
AKAP6,5.571781403828624
AKAP7,6.832591157702826
DBNL,10.947948495897892
AKAP1,10.753222880583397
AKAP2,8.730586052871477
AKAP3,4.227055879671836
ORC1L,6.588788422971745
C1orf135,6.07103701002734
PIPOX,4.089877939835916
AKAP8,9.37501002734731
AKAP9,11.180608204193245
EIF2A,10.977662351868743
ZNF416,7.050196900638107
PPIP5K1,9.169239653600718
CYP26A1,3.9364155879671787
CCDC117,10.202572652689147
PSTK,5.588872743846856
SNORD124,0.0
WSCD1,4.921352597994538
TUBE1,7.292250319051958
PHPT1,9.845972379216041
SMC1A,11.51088960802187
RLF,9.261673928897
NFU1,9.003548404740185
TMEM170B,7.325948769371005
RRP1B,10.12409525979946
NOVA2,4.950320054694625
NOVA1,6.659497903372841
LOC255167,2.4369604375569733
KLHL34,0.8710269826800368
HSP90B1,14.115851595259802
MCF2L,9.81491084776662
SMC1B,3.227914767547859
KRR1,9.695704284412034
TMEM132E,3.110037921604377
FAM64A,6.582479854147675
TMEM132A,10.59075861440291
LOC100130015,4.233378304466727
PEG10,9.911411577028268
SPATA16,0.0819358249772106
OVGP1,5.763358614402921
STRN,8.416750136736553
TAS1R3,3.7262101185050174
TTTY17A,0.0
CETN3,8.22337912488605
CETN2,10.585573928897
CETN1,0.034117684594348226
CCL28,6.271007292616228
SNORD115-5,0.0
FAM92A1,6.4441502278942595
DIO1,5.20750765724703
DIO2,8.614776481312678
DIO3,3.3734079307201448
CCL21,6.066620966271656
CCL20,3.0182448495897933
CCL23,1.5563733819507766
CCL22,6.491468277119414
CCL25,0.9591760255241558
CCL24,0.3147577939835918
CCL27,0.34654029170464934
CCL26,2.0739082041932564
ALPK1,8.835944029170479
SLC23A1,3.849547948951688
ALPK3,7.182996536007296
ALPK2,5.059955423883323
TRIOBP,10.221912579762984
C8orf48,4.282144302643579
C8orf47,2.0737865998176868
C8orf46,4.1655838650865995
C8orf45,5.314559434822239
C8orf44,5.280937374658158
PHRF1,10.022085961713767
C8orf42,7.484395715587971
C8orf41,8.21545515041021
C8orf40,9.335311941659059
CDC45,7.178141750227892
CUX2,2.942210483135825
SNORA14A,0.009031084776663627
FAM70A,5.221607019143126
SNORD80,0.0
FAM70B,5.276588149498642
BRF2,8.706484320875107
UBE2L6,11.010818960802187
BRF1,9.425620328167724
FSIP1,6.775583135824982
DNAJC8,10.749759617137645
DNAJC9,9.744784503190537
MB,8.506491157702825
DNAJC4,9.204218140382848
DNAJC5,11.111039927073847
DNAJC6,6.041883500455777
DNAJC7,10.744756335460353
DNAJC1,10.318738012762076
DNAJC2,9.505112397447576
DNAJC3,11.085242935278036
CYP4F12,3.091098450319055
ZNF701,7.45543938012762
NTRK1,2.6440094804010945
GOSR2,10.118820145852345
SLC18A2,3.103938377392889
PTPRVP,1.3271833181403827
GOSR1,10.284556244302651
SLCO6A1,0.16981458523245208
RRP15,9.372389790337282
CCDC97,10.052453053783056
RALBP1,10.883158887876034
NRN1,7.510674020054686
TMEM179,0.5604217866909756
MAP3K6,9.185573564266186
TRIM49,0.1425148587055606
SSB,11.140684412032813
RAP1B,11.001048222424814
RAP1A,10.183137374658148
PPP1R8,10.001982680036452
ZNF831,4.385326982680034
TRIM46,6.057753965360065
ZNF833,4.76856581586144
SNORA68,0.12445824977210569
MAP3K4,9.321537192342749
ZNF837,5.2471630811303545
TRIM47,9.632743391066532
NCRNA00219,7.980080948040097
SNORA65,0.10875250683682769
SNORA66,0.006973108477666362
SLC23A2,9.285218049225138
LOC643677,1.8545467639015512
SNORA61,0.18132889699179586
SNORA62,0.11079671832269823
IPO11,9.289196718322701
MTNR1A,0.29070082041932577
ZNF410,10.153298541476753
FAM91A1,10.571485141294449
MTCP1NB,8.02276298997265
HPYR1,0.38024931631722886
TPSG1,3.2569882406563324
TRIM43,0.3872974475843208
ATOH7,0.8916409298085692
ACAT1,10.002780948040101
ACAT2,8.923360528714662
ZNF573,4.570172561531448
ATOH1,0.02056453965360073
RNF152,6.106337283500457
CD200R1,4.076197629899724
LIMD1,9.980163810391986
RNF151,0.2774139471285323
RNF157,6.409769279854147
ATOH8,4.902152142206013
PMEPA1,11.341970009115778
PEX1,9.201243117593432
TMEM177,7.718487237921597
MARVELD3,8.421110574293529
CTF1,6.362403463992707
MECP2,10.413984229717407
PEX3,8.289013855970834
PCDHGA5,4.383416590701919
LDLR,9.998848678213307
PEX2,10.125173837739291
IFITM4P,0.21037511394712857
TRPV4,6.637613947128535
RARRES2,9.205907383773932
TRIM8,11.055607839562445
TSPY3,0.004008568824065633
LOC643719,2.7723127620783963
TSPY1,0.012423154056517775
OR8S1,0.07026809480401093
IL2RA,4.792558340929808
IL2RB,7.9885007292616255
TRPV6,6.186251504102094
RAB33A,3.9576727438468584
PEX7,7.910583591613487
TAS2R8,0.10267319963536922
IL2RG,8.467527985414764
CP110,9.51488012762078
NUP210,11.211606654512307
SLC17A6,0.09288751139471282
SLC17A7,3.3519720145852308
SLC17A1,0.051678304466727464
SLC17A2,0.012981312670920694
SLC17A3,0.29336025524156795
MDH1B,4.896112579762983
C16orf58,11.259938286235185
C16orf59,6.872623154056509
SETDB2,8.281250957155878
RARRES3,10.536231358249756
C16orf52,8.226712579763003
CDK5RAP3,10.957370373746574
CDK5RAP1,9.089470464904279
C16orf57,9.47778495897904
C16orf54,5.5555487693710095
C16orf55,7.246873564266185
NUDT16L1,9.51354594348222
KIAA0319L,11.29527948951687
MYF5,0.04049079307201459
ITCH,10.4095196900638
ZNF207,11.548987967183226
CCDC144B,4.120006836827706
CCDC144C,1.187260437556973
CHMP4B,11.983488514129432
CCDC144A,3.7735781221513154
BAX,9.288452689152226
TSPY2,0.010164266180492251
BAD,9.5199253418414
IARS,11.525107474931627
BHMT2,5.2629198723792125
PRKCDBP,7.7946642661805035
COBLL1,9.225223609845024
SLC37A2,8.165853783044659
OR52L1,0.048967183226982666
CDK18,8.319130446672734
CDK19,9.529512762078394
GFI1B,0.9713463081130356
MYOD1,0.17697310847766645
PMPCA,10.02000783956245
TOB2,10.668982771194173
CDK12,10.600060072926162
CDK13,10.123695533272555
CDK10,8.950826435733816
SRRT,10.916730537830444
CDK16,11.20719124886052
CDK17,9.576439197812206
CDK14,9.057806563354607
CDK15,1.8965002734731087
GPR126,7.403530720145858
LOC283856,0.7261810391978124
GPR124,9.670532725615306
GPR125,9.158648678213316
GZF1,8.990005651777565
GPR123,0.2896804922515952
GPR120,2.8136589790337276
SNORA74A,0.40824977210574326
ATP6V1B1,7.515660802187773
ATP6V1B2,10.951242206016415
AASDH,8.189894895168647
PIP5KL1,4.354570373746585
GPR128,0.5286867821330902
LOC723972,3.4399185961713727
MTA3,10.194794804010932
SNORD56B,0.0
VIPAR,8.949591340018246
STL,1.74022670920693
KCNAB1,5.771320237010035
ZNF304,8.667247675478583
BFSP2,1.8774694621695531
ZNF302,9.400616773017328
BFSP1,5.790517137648138
P2RY8,6.7346887876025505
TP53TG5,0.35870291704649065
KCNAB3,2.9533876937101207
STS,8.80262616226071
MMP25,6.005783135824979
MMP24,7.9656449407474845
MMP27,1.05596581586144
KCNAB2,7.744824247948947
MMP21,0.8320298085688229
MMP20,0.6225799453053783
MTERFD1,8.817415952597983
HOXB13,3.5501970829535097
ZC3H13,10.628286599817665
RPL15,13.981391795806742
TFG,11.26991239744758
HVCN1,6.700680309936184
FBXO17,6.860048587055609
TOMM34,9.93496791248861
PIH1D1,9.880138468550593
RND1,7.944366453965363
RND2,5.994807566089333
RND3,9.441426344576113
NCL,13.65782060164083
SPATA24,4.899709024612571
CTNNBIP1,9.780144576116681
PPP3CA,10.241329170464905
PPP3CB,10.315251777575194
PPP3CC,7.983912488605294
SNORD78,0.0
ZNF821,7.375777301731993
LIF,6.690623792160437
KIAA1549,8.73082561531449
KIAA1012,9.998412762078397
?|100133144,2.8340510483135817
NCF1,6.367745670009122
KIAA1543,9.457292525068366
LRRC41,10.950022333637197
LRRC40,8.303664448495901
LRRC43,3.0177989061075636
LRRC42,9.390246034639917
LRRC45,8.732492525068372
MMP23B,5.284515405651782
LRRC47,10.160026344576119
HDAC10,8.404597721057442
LRRC49,6.480421786690977
LRRC48,5.849905378304463
GPATCH4,9.68204329990885
PRR21,0.016975205104831352
B3GNT4,2.674699544211484
B3GNT5,7.248199544211491
B3GNT6,0.30466453965360096
B3GNT7,6.642791157702817
FNDC8,3.070301458523251
B3GNT1,8.845011303555152
B3GNT2,9.849364721969003
B3GNT3,5.258853327256156
FNDC4,6.574159070191421
FNDC5,4.6138778486782055
FNDC7,0.35143099361896085
B3GNT8,6.032887876025539
B3GNT9,8.27901267092069
ADRA2B,3.8990508659981775
ADRA2C,5.217120783956249
MRPL46,8.445873837739294
SEC63,11.500054694621692
PWWP2B,8.779166636280769
PWWP2A,8.600429990884201
FGFR1,10.983582041932548
STAT4,5.3923183226982765
PCYT1A,8.680778669097538
PBRM1,10.4989292616226
DAAM1,9.190031175934353
DAAM2,8.20515824977211
HLA-DRB1,11.855625615314489
HLA-DRB6,7.66194211485871
XAF1,9.654898997265276
PWP2,9.595212215132166
HLA-DRB5,9.952280036463092
CCDC152,5.646940474020058
CCDC153,3.836885232452139
CCDC150,4.362631449407483
CCDC151,3.8972408386508657
GUK1,11.4501611668186
CCDC157,5.507267183226984
CCDC154,2.6116177757520505
CCDC155,0.9199796718322698
CCDC158,3.192071741112121
CCDC159,7.5999302643573365
SNX21,8.550763536918872
H1FNT,0.34389489516864175
TMCO5A,0.04615925250683682
SYT8,4.192659252506835
SYT9,5.447473290793064
LRRC4C,5.828744120328174
LRRC4B,3.186733546034641
MTCH2,10.943345305378314
FN1,16.099237283500443
ATP5J,10.550369553327247
SYT1,6.945071832269834
SYT2,3.0736131267092035
OR6T1,0.028332907930720148
SYT4,0.6535268915223338
SYT5,2.1375045578851406
SYT6,3.100126800364634
SYT7,10.602611121239748
SYK,9.289554421148575
MYCNOS,0.6571819507748404
RHO,0.5840413855970833
PRAMEF17,0.0011628988149498633
OBFC2B,9.597851048313585
KAZ,9.041086508659976
OBFC2A,7.5839852324521395
MEP1A,0.9170969006381049
MEP1B,0.2958291704649042
TASP1,7.539458432087514
TG,2.9254294439380133
SNORD113-7,0.0
KISS1R,2.8873109389243408
PER3,9.237699908842293
FUBP3,10.144881677301735
ATP5L,11.173391704649045
LOC100133331,6.678741750227888
COLQ,5.445169462169541
SLC9A3R2,10.621648587055619
SCHIP1,7.237174111212404
SPZ1,0.06467319963536919
FLJ16779,1.9482957155879677
FAM189A2,6.724021695533272
FAM189A1,3.4904644484959015
ZFYVE19,9.159986873290782
MARCO,4.175550319051961
SAP30,7.7759702825888875
TRIM5,8.547420783956252
HFE,7.2590042844120415
TCP11L2,6.735509753874192
NES,10.301722880583409
CNTROB,9.42298277119416
PALMD,8.577506198723786
HSFX1,0.00046116681859617137
SNORD96A,0.0
ANGPT2,7.894318778486784
ANGPT1,5.686904193254332
ANGPT4,1.0205996353691895
TRIM4,9.951932907930722
LOC100130274,0.34218040109389236
PRSS22,7.299900364630813
MRPL45,9.847664357338196
PALM2,5.240882588878762
OXT,0.7255766636280769
DUPD1,0.09865834092980857
ZFPM2,6.543272652689151
SEPT10,10.020720237010037
C1orf53,4.738258887876022
C1orf52,8.076841932543296
C1orf51,7.080274658158613
C1orf50,7.213308568824065
C1orf57,9.275095168641762
C1orf56,7.823399817684584
C1orf55,9.508501549680949
C1orf54,6.833558340929798
MPZL2,8.839830446672735
C1orf59,8.034110027347309
C1orf58,8.764220783956238
SSTR5,0.5215324521422058
LOC647979,13.313407110300846
LOC151300,0.008341932543299908
ICMT,11.186228167730153
TRIM7,4.1660771194165935
NIPA1,8.871349225159527
TBK1,9.526379124886063
LAG3,5.731370920692794
RGP1,7.096368368277119
FCF1,9.559100546946228
MPZL1,12.07203099361896
ATP6V0A4,4.833943117593429
ATP6V0A1,10.344864266180492
ATP6V0A2,8.919235460346394
GPR98,7.002391613491339
GPR97,2.639692251595263
SLC22A15,6.576775478577936
?|90288,4.74724211485871
GUCA1A,1.1371043755697356
GUCA1C,0.015534731084776666
GUCA1B,4.457653965360069
KRT75,2.0745961713764816
KRT74,0.26739188696444843
KRT77,0.7760698268003647
KRT76,0.07469999999999999
KRT71,0.4229615314494078
C17orf108,7.5150617137648075
KRT72,0.5279628988149502
C17orf106,7.944908113035541
C17orf107,6.259864630811304
C17orf104,3.69203318140383
C17orf105,0.0439
C17orf102,0.39862023701002736
C17orf103,8.22012196900638
C17orf100,5.3587080218778445
C17orf101,8.433128988149498
UNC13A,4.008478486782137
SMPD4,10.999807383773932
ATR,9.65507675478577
ADAM33,5.400846946216953
ACOXL,1.856396627164995
SMPD2,8.143062807657252
BRIP1,6.712379945305371
PDE11A,4.493654603463989
ITGBL1,9.391824886052879
ZDHHC3,10.442992342752962
ZNF571,6.666506927985411
NKX6-3,0.12223536918869643
ATP5A1,13.103632725615322
HFE2,0.2992555150410208
SASH3,8.161083226982681
RAB30,7.5453224247949064
TTC28,8.661022971741101
AAMP,11.209967000911583
LRRFIP1,11.649610209662724
TTC24,1.1216175022789432
TTC25,4.5280968094804
TTC26,7.190158432087513
DOT1L,9.192813855970833
FUNDC2P2,1.73917675478578
FLJ46111,2.378168277119418
TTC22,4.9866869644484995
LOC402644,0.04297967183226984
ZNF572,5.678694257064719
TCL1B,1.5066461257976287
CARS,9.98807620783957
PODXL2,9.431205378304469
IL6R,6.98341057429351
ENO1,13.970437465815849
ENO2,9.37506371923427
ENO3,5.48474968094804
TRAM2,10.140094439380135
MGC16025,0.7351152233363719
PER4,0.029696536007292624
SYCP2,8.723022607110305
NPAT,8.70166946216954
TAOK2,10.589653509571558
SYCP1,0.7303985414767542
CNOT6L,10.109353053783039
NDUFS1,10.363147128532368
LLGL2,10.566616773017335
SLC22A18,8.441554512306285
ADAM3A,0.02323682771194166
ACOX2,7.424332816773023
ACOX3,9.22847584320874
SLC22A14,0.7020841385597086
ACOX1,10.574784958979022
SLC22A12,0.22050191431175928
SLC22A13,0.5282344576116683
SLC22A10,0.9038452142206026
SLC22A11,1.1985173199635368
SSTR4,0.0639260711030082
NSMCE1,10.221278851412942
LOC728613,7.3504511394712795
CFD,7.94535551504102
OBSCN,8.389199726526895
PFDN1,10.196212397447583
PTK2,11.403101823154069
PTK7,11.258429079307206
PTK6,8.085164448495902
RABGAP1,10.5587060164084
SNORD119,0.0
PRKAA2,7.385650683682772
PRKAA1,10.011527620783959
ITGB3BP,7.7720030082041935
PFDN2,9.78735660893346
CELF4,3.235384138559704
CYB5B,10.267335278031013
GAL3ST1,1.9822423883318139
POMP,10.682962351868737
GAL3ST3,0.3402758432087511
GAL3ST2,2.22316262534184
GAL3ST4,8.366204649042832
LRRC14B,2.4382076572470366
SCARA3,9.464406381039197
TRPC4,2.8126864175022783
XPA,7.88066207839562
IL18RAP,2.9680679124886056
IL17RD,8.895469371011838
ATG16L1,9.827105834092968
ATG16L2,8.199023245214219
C4orf50,0.7038944393801272
C4orf51,0.1968883318140383
C4orf52,8.179585688240657
C3orf30,0.22083135824977207
ARHGDIB,12.12619097538743
C3orf36,2.963072743846858
C3orf35,2.8973683682771223
C3orf34,6.146657611668185
NANP,7.594070464904279
C3orf39,9.029718960802196
C3orf38,8.754614767547839
USH1G,1.967249680948043
IL17REL,2.4897363719234296
MATN1,1.3323092069279856
MATN3,8.28387219690064
MATN2,8.549320875113931
MATN4,1.5652291704649053
PCGEM1,0.04568550592525068
WNT9A,4.403939835916136
ENDOG,7.492587420237009
STIL,8.152036098450322
C12orf12,0.020493163172288057
PDSS2,8.502414585232458
C15orf62,5.031226891522341
C15orf63,9.69949516864175
CES3,4.961198906107564
CES2,9.709452051048299
EBF3,5.696218322698274
EBF2,3.669933272561528
EBF1,7.299679945305379
KBTBD10,4.51638231540565
FFAR2,4.827102643573389
CES8,5.600821877848686
LMNA,12.940884320875117
FFAR1,0.18427629899726516
BDH2,8.935010756608946
ENDOU,2.2156503190519587
BDH1,9.074865177757527
DDX23,11.369615132178682
DDX21,10.752549589790329
DDX20,8.947811303555135
DDX27,10.381251686417498
ZNF157,1.1629604375569726
DDX25,1.0356729261622608
DDX24,11.457872835004565
ERBB2,12.974809389243394
HLA-DMB,9.751028076572466
DDX28,8.04379371011851
UNC13D,8.281548951686416
TSNAX,10.382260072926178
OTC,0.1834835916134914
ZNF90,6.996287146763908
RPL32P3,7.07353664539654
ZNF92,9.173252324521421
ZNF578,4.8415848678213305
UNC13B,10.032803008204187
ZNF98,3.607859981768454
ZNF99,0.9471052871467637
PI4KAP1,7.389006472196897
UNC13C,1.0208828623518684
FLVCR2,6.827762169553324
FBXO18,10.671566636280781
DCTD,10.48735907019144
RAET1E,3.6535772105742947
UBE2J1,10.796041020966282
FKBP10,11.41423008204193
FKBP11,8.85527228805834
TBX21,3.8403808568824065
FAM3A,9.34471731996354
C12orf10,9.430375113947116
FAM3C,9.939211577028267
FAM3D,2.7363577939835926
C20orf12,6.856378760255242
C20orf11,11.141318322698272
FBXO15,4.566359799453051
SNORD94,0.25354922515952594
PCK1,3.2460649954421106
VPS16,9.845773473108467
PDPN,8.413484594348235
GGPS1,10.51521649954422
SFTA3,0.1253051048313583
SFTA2,0.6786823154056514
HBII-52-46,0.0
HBII-52-45,0.0
WSCD2,3.218401823154054
NACA2,5.505299544211488
C9orf169,3.907207019143118
PROX1,2.7484857793983553
CNGB1,0.8764421148587056
C9orf163,3.886623609845024
CNGB3,0.5237256153144937
FAM153C,0.18427429352780308
SNORD47,0.0
C9orf167,6.8643526891522395
PARD6A,6.51964721969006
CLK2P,4.0269599817684645
PLA2G6,7.773078122151319
PLA2G7,6.6419422971741175
MARCKS,11.84150382862349
PLA2G3,2.507623062898813
CCDC76,7.722905834092981
CCDC77,7.52369106654512
CCDC75,5.8700627164995485
CCDC72,10.260323427529631
CCDC73,4.979388787602549
CCDC70,0.08625606198723791
CCDC71,8.855564813126705
OR2G3,0.00556627164995442
FPR1,6.418975569735636
FPR2,2.228335551504101
FPR3,8.79198094804011
OR2G6,0.010917228805834095
CCDC78,5.992282315405652
CGRRF1,7.59702534184139
TMEM109,11.355877575205106
TMEM108,5.335461713764808
HIST3H2BB,2.479266727438468
PRAC,0.06330264357338197
HOPX,7.423868368277129
SPARCL1,12.043417319963538
SNORD4B,0.0
SNORD4A,0.0
FOXH1,2.8614677301732
TMEM107,7.565230720145859
LOC285780,0.43200665451230635
TMEM105,3.0349454876937094
PRG3,0.004156517775752051
SMPDL3B,8.167621786690981
VSTM1,0.4977352780309934
GHITM,11.932269826800372
LOC100127888,1.610386144029171
TRANK1,9.39796244302643
LOC650293,0.025786508659981774
CSHL1,0.009778669097538743
NPPC,0.8483219690063813
SPEN,10.908044849589778
OSGIN2,9.943132452142216
SYT3,2.005285505925255
FKBP1B,5.251628988149498
FKBP1A,12.054561896080214
SLAIN2,10.38153618960802
MANEAL,8.661926891522333
SARS,11.40726189608023
STAT6,11.358900091157714
ZFYVE26,9.720806745670016
STOML2,10.660314767547844
STOML1,7.823964721969014
PIP5K1P1,1.2738902461257973
FBLIM1,10.092020875113954
RPN1,12.834546034639942
FAM10A4,8.225473108477662
TRPT1,8.467981130355513
DAXX,10.864584229717407
CDC16,10.446361257976303
KIAA1486,0.590621604375569
AHNAK,14.760415405651788
NT5E,8.236029808568835
TMEM40,4.060131540565181
LOC340017,0.5680302643573387
ZNF431,7.322474111212392
LGALS9C,4.348319690063813
LGALS9B,1.4760746581586128
UNC50,9.249545031905189
NKAIN4,1.5974721057429353
NKAIN3,0.17909617137648137
NKAIN2,2.4736314494074723
LOC284788,0.0038862351868732903
MAP1A,8.820444667274398
MAP1B,9.867941659070187
TMEM200C,3.5330873290793074
IGSF9B,4.073677484047399
PDCL3,9.070316408386518
LBX2,3.410338924339101
UNC5C,4.723795624430268
VGF,2.9213912488605303
LBX1,0.22570865998176828
UNC5D,0.5859206016408387
CCM2,9.71301057429352
TBC1D4,9.681913126709201
MAP1S,9.579834548769378
FRMD8,9.965929352780305
ZNF430,7.021151595259805
ZSCAN5A,5.864157064721961
IMMP1L,6.482647310847772
FRMD5,2.977930720145854
FRMD6,10.419914676390151
FRMD7,1.5717079307201465
PLCD4,7.130290610756609
FRMD1,1.479585961713764
PKNOX2,3.3089597994530586
FRMD3,4.646159161349135
SNRPF,9.688943573381964
TMEM200B,6.267681494986325
DSCR9,1.5744279854147656
CYorf15B,0.11085615314494077
CYorf15A,0.13014667274384686
GNAS,14.73879234275295
MED13L,11.523699635369182
DSCR4,0.14027648131267093
DSCR6,5.065164813126708
PTCD2,7.0843703737465775
PTCD3,9.971335551504096
DSCR3,9.82974348222426
PTCD1,8.666517137648137
PDE7A,9.71009179580673
ZNF433,6.861434184138554
SIX5,9.185292433910666
GNAL,5.179347675478578
HLTF,10.347098906107563
AGFG2,8.40044484958978
AGFG1,10.607968641750226
DPF2,10.196242661804922
DPF3,3.1287195077484062
DPF1,2.1951106654512325
ASNA1,10.56008979033729
RPS12,13.606474931631727
SAGE1,0.38014585232452175
WNT16,1.1508951686417512
CRYGS,3.65812224247949
RPL18A,10.825771194165918
SIX1,7.889629626253413
KRT3,0.45702306289881517
KRT2,0.9344670920692792
KRT1,1.926159161349136
OR2F1,0.0336598906107566
FST,6.7219308113035465
SIX2,6.3647208751139415
CRYGN,1.6269481312670924
KRT4,1.961470191431177
CLEC18A,3.036192342752962
CRYGA,0.0041908842297174115
CEND1,2.0091939835916133
CRYGC,0.0171598906107566
DACT1,8.013919963536921
DACT3,6.519540109389237
DACT2,2.2514717411121237
VPS45,10.1673614402917
SPRR2F,0.24420446672743845
VPS41,10.123294895168645
BCAP29,10.130674202370093
SLC15A4,9.085249316317231
TMCC1,9.85451567912489
TMCC2,5.470522060164089
ECT2L,3.549602461257983
MGC23284,4.868950774840479
SDR42E1,6.8463133090246115
PP14571,5.057307201458524
TAS2R30,0.20574475843208728
TAS2R31,1.2786850501367357
NMNAT2,5.045358067456693
LOC147804,6.916483409298082
NMNAT1,7.907795715587972
ALOX12B,1.1142284412032832
FOXG1,0.6535521422060164
TAS2R38,0.1251470373746581
TAS2R39,0.02318814949863263
EPB41L1,10.728352871467624
NAA16,7.867177484047404
EPB41L3,9.206332634457604
EPB41L2,10.071972652689148
EPB41L5,9.124967821330902
ACSS3,7.525995989061085
ACSS2,9.64782588878761
ACSS1,9.820757520510483
KIDINS220,10.871316499544202
TMEM156,4.285450227894254
PLEKHM1,9.203790246125795
PLEKHM2,10.323847766636286
FLJ43860,0.12946125797629907
RHOXF1,0.9569876937101188
VPS4B,10.491682406563354
ZNF727,2.7614481312670964
GMEB2,9.119720601640827
FAM72D,5.720559434822246
SLC43A3,9.918026709206933
FAM72B,6.716841203281671
FAM72A,4.753253874202372
OR5C1,0.054578395624430225
DCAF13,10.331043755697353
DFNA5,7.167270009115777
MAGEH1,8.756325159525986
VHL,9.71594612579762
WNT3,4.658663354603466
WNT2,7.173749772105732
FIZ1,8.658844484958975
LRRN4,1.6238238833181395
AGXT,0.6835923427529624
CNTNAP3,4.264229717411118
LRRN1,7.8133895168641665
PMS2L11,4.927776298997269
PPP1R15A,9.930268824065621
TREML3,0.8528578851412938
CNTNAP2,7.483454512306291
BLMH,9.620004010938933
TREML4,0.5662459434822239
ST8SIA6,5.39004676390155
CNTNAP5,0.26397584320875117
MOGS,10.457561440291702
CNTNAP4,0.8147608021877846
SNORA46,0.05796736554238832
RECK,7.9024113035551435
SNORA44,0.02321577028258887
DHDPSL,3.0632785779398386
SNORA42,0.02446280765724704
SNORA40,0.13038176845943486
MRPL37,10.59638286235187
GPRIN2,5.485541476754782
GPRIN3,6.824994986326349
GPRIN1,7.379530264357341
ROGDI,9.570244940747495
MRPL34,9.174011577028242
NCRNA00235,1.1803308113035542
SNORA49,0.07414977210574297
SNORD116-24,0.0
SNORD116-25,0.0
HIST2H2BA,3.308226618049228
MRPL35,9.802895897903372
RUNX1T1,4.657044758432086
HIST2H2BF,6.070673108477674
FLJ46321,0.03299334548769371
SNORD116-23,0.0
ZNF813,6.816559617137644
SPTBN5,6.4809240656335465
SPTBN4,5.399862625341831
SNORD116-28,4.097859070191434
SNORD116-29,0.0
SPTBN1,12.389185414767544
ZNF814,8.638308386508655
KLF13,10.442302643573385
KLF12,8.546021786690972
KLF11,9.027376481312674
EBAG9,9.28738304466728
KLF17,1.7767130355515042
KLF16,8.824596809480383
KLF15,4.603133363719231
KLF14,1.3288456700091156
TFAP2A,10.990042752962625
RBMY1B,0.0
TFAP2C,9.909026253418416
TFAP2B,7.537022698268013
TFAP2E,3.8977909753874234
RBMY1F,0.0008488605287146764
KRTDAP,0.6920286235186868
MCCD1,1.4508730173199647
C4orf14,9.339973655423881
GBE1,8.980714311759339
TYRP1,2.5271213309024594
OR51T1,0.005444758432087512
PCNA,11.213624339106657
SLC44A1,11.668515587967196
SLC44A2,12.413102370100281
C4orf17,0.02164548769371011
EIF3E,12.502660072926169
SLC44A5,5.374566271649954
ZBTB7C,8.349038924339098
ZBTB7B,11.066766453965366
LOC144776,0.0073422971741112135
MSI1,5.321288058340918
C4orf11,0.0063924339106654505
MCCC2,11.793243938012756
C4orf12,3.843874293527802
PCNX,10.043365815861453
MRPL39,8.556273837739282
LOC92659,7.128402643573381
HDAC1,11.245215314494077
ENGASE,8.44166864175022
ZMYND8,10.321602278942578
THBS1,13.221346034639925
OR2L13,0.9114858705560613
FAM149A,5.256199361896076
FAM69B,7.341705742935267
RPA4,0.6491764813126718
RPA1,11.004231722880583
KLK2,1.6338981768459429
RPA3,8.512256335460346
ANKFN1,1.4042852324521415
TENC1,10.35643081130356
CXorf40A,9.31049088422974
CXorf40B,9.361636280765724
KLK3,1.208784776663628
COQ9,9.565878304466738
NDUFS5,11.041667274384688
NDUFS6,9.79269197812215
NDUFS7,9.238215314494084
C1S,12.352191157702828
C1R,11.880577119416614
COQ7,9.044045487693703
COQ6,8.539750683682765
SLC9A3R1,12.409650410209663
COQ3,7.08772324521422
COQ2,7.673978395624431
FAM198A,7.527573837739295
NEK7,10.271896536007278
FAM198B,11.617713217866907
ZRANB1,10.023551412944395
KLK6,4.5844693710118465
ZRANB3,6.288930902461255
ZRANB2,10.359707201458518
TTC7B,7.958042661804927
HBD,0.5198505013673658
LOC100271722,4.846625159525984
FAM132A,1.96196481312671
ZFAND2A,7.888403463992705
HBB,6.226115405651779
CHMP2B,10.106837648131272
PCDHGB2,4.980832543299909
MUC20,7.2222269826800405
BOK,9.617020237010019
PCDHGB7,6.40117575205105
ATP9B,8.657676390154963
ATP9A,11.327604557885147
HBZ,0.2606443938012759
LIPT2,4.385082771194161
ZNF828,9.295135369188708
BOC,8.506488149498631
SLC22A3,4.381622242479484
RREB1,10.106009845031906
DENND2C,4.651272379216043
TPX2,10.231976207839555
DENND2A,6.028080674567006
LOC100133920,0.06550875113947129
DENND2D,9.716029535095705
GAGE1,0.23771795806745663
OR52J3,0.003617228805834093
PPT2,8.312262534184137
GAGE4,0.3979023701002734
INPP4A,9.154585870556064
GPR101,0.026048678213309022
LOC145474,0.2869744758432086
MICAL3,9.453485323609838
PHC1,8.831874475843208
PHC3,10.449079489516848
GPR107,11.583840747493161
GPR108,10.157197082953495
MFAP3L,7.89998887876025
THOC4,9.930703737465814
UBE2G2,10.585039288969913
SYPL1,11.468647219690064
STAT3,12.538087876025529
UBE2G1,10.263128988149507
SCNN1G,5.7147390154968205
SAFB,10.788622060164103
GRXCR1,0.011538012762078395
GRXCR2,0.05058760255241568
ZNF366,4.517220966271652
RAX2,0.12926390154968104
PRF1,6.143417502278934
MGMT,8.508258887876016
SLC35E2,5.716463992707398
WSB2,10.6751192342753
TRNP1,6.695182771194162
H2AFV,11.81750237010027
LOC400804,0.5355119416590706
OR2A25,0.4023739288969921
ZNF335,9.11957429352781
H2AFX,9.497855879671832
H2AFY,12.243117958067451
H2AFZ,11.87144621695534
TMCO2,0.18147939835916133
TMEM189-UBE2V1,1.3624938924339114
RNF8,8.583179398359164
RFX5,10.35805797629898
RNF6,9.763626435733805
RNF7,10.301662443026437
RNF4,10.605895533272566
RNF5,9.85130811303557
RNF2,9.349683682771207
APP,14.306045943482204
H2AFJ,10.970849407474919
RYBP,10.523119325432997
PRSS1,1.1471322698267994
NCAPG2,9.288102005469469
SNORA71D,0.050019143117593416
PSMA4,11.197679945305378
NRXN2,5.776421695533276
CSN1S2A,0.030538924339106658
SRGN,9.882427711941666
LRRC69,1.7384417502278937
KC6,0.40267666362807675
CLTA,11.144385232452144
BPY2,0.0006367365542388332
CLTC,13.753648860528717
CLTB,9.983612944393789
TMEM159,9.760287237921588
RRAGA,10.801776754785799
LRRC61,8.320439288969922
TNS3,11.233298359161349
LRRC67,1.097631084776665
ADRBK1,11.02118696444851
ADRBK2,9.111751777575206
DPEP3,0.7022903372835003
STAMBPL1,6.335386690975381
C7orf36,7.625538559708299
C7orf34,0.4124734731084776
C7orf33,0.17875542388331808
C7orf31,5.876755423883309
C7orf30,8.306525888787599
PAIP2B,7.411472288058333
DEFB121,0.0005161349134001823
TNK1,8.704486508659972
RRAGB,8.252698723792152
LHFP,9.11259443938011
ZNF829,4.586179854147676
USP27X,6.949410938924342
PCOLCE,10.584258979033722
TFAP2D,0.04753819507748404
GPR50,0.14794202370100276
PRSS3,1.631951321786691
EPM2A,7.030735186873291
ISCA1,9.481111850501367
RNF103,10.602749407474922
ISCA2,8.2972710118505
FAM118A,8.220949589790338
UBE2NL,2.328003463992705
FAM118B,7.825413400182306
LMX1A,1.508934913400183
ZCCHC24,9.413427164995436
LMX1B,9.900806654512298
TMEM178,4.471661349133997
OR6V1,0.056889881494986326
PPIG,10.361920328167718
RECQL,9.774597174111216
CD300C,4.886087511394714
SRPRB,10.657384229717405
SHC2,7.926928988149503
MAP7D3,6.778893983591608
ETV3L,2.8191464904284387
H3F3A,12.52927210574294
SIK3,9.79486700091158
IL23R,0.5627404740200547
MAP7D1,10.785338377392893
INTS4L1,4.669082041932539
POU4F3,0.859951321786691
KCP,2.96272743846855
PRKRIR,10.254587420236998
ACTR8,8.836742114858714
BAIAP3,7.304055423883321
ACTR6,9.244052780309948
ACTR5,7.915041385597078
UQCRC1,11.42179434822243
ACTR3,12.016860164083864
ACTR2,12.684698814949863
PAQR9,0.17378714676390153
FOXP2,3.2319592525068392
WBSCR26,3.1889422060164048
EOMES,4.263804557885145
YY1,10.434161896080223
VAX2,4.364315861440292
PTGFRN,11.38366463081128
RECQL4,8.60249334548768
TUSC5,4.619837739288963
KRT84,0.11792643573381953
GGT5,9.339239653600728
WBSCR28,2.085614767547857
GNRHR,2.2664670920692807
LYSMD2,7.342022060164085
KIAA0748,4.528537648131267
PDE3B,6.262655059252513
SPINK13,0.18726818596171374
NDP,4.818191522333638
HYDIN,5.7395577939835905
CNR1,4.280477575205108
GBX2,1.0600075660893338
GBX1,0.10848723792160439
CNR2,1.6469771194165923
SNORD115-8,0.0
GNL3L,9.647323245214205
POLDIP3,10.926128350045598
POLDIP2,11.282760802187768
ZNF57,6.734482315405644
GP1BA,3.5597332725615374
RASA1,10.001412397447591
CBARA1,10.242427256153146
TTC39C,9.186127438468546
FNDC1,9.93788614402919
GTDC1,8.0095518687329
TTF1,8.50617456700092
ALDH18A1,11.404050774840485
RASA3,9.030613491340018
TUFT1,10.153469097538732
SLC25A10,9.958168368277123
TIAF1,8.290959161349129
ICOS,4.454548769371007
HHEX,7.1027548769370945
ACTN2,2.7254811303555133
RABEP1,11.508932269826797
PTPRU,9.371725341841378
SAA2,5.926929808568819
H2BFWT,0.05771841385597084
PTPRT,8.02349644484959
SAA1,7.721784867821333
ZXDB,9.013069917958074
ANKS1B,6.498528167730169
C1orf74,7.0463775752050966
C1orf77,11.074258432087506
ANKS1A,9.924964630811292
C1orf70,2.524656517775749
OR5V1,0.007937830446672742
PTPRR,3.214100638103921
TSTA3,10.959565268915224
SLAIN1,4.926218596171379
SPERT,1.0583989061075658
LOC285359,6.131111668185952
ACTRT1,0.05054402917046491
ACTRT2,0.006773655423883318
TINF2,10.17847702825888
GNRH2,0.13985195989061083
NKX3-2,3.7682226071103044
NKX3-1,7.215055515041025
GNRH1,4.4749232452142165
NAP1L5,6.598807474931632
ZIM3,0.017547402005469462
RPL12,13.283243299908841
VHLL,0.184882133090246
ZNF597,5.776199726526893
ZNF816A,7.715234366453962
MDGA2,1.0194302643573385
SPRR1B,0.9187970829535098
NDUFA7,9.333192160437548
ADAM10,10.425413582497711
ADAM11,3.203454238833179
ADAM12,10.522699544211484
ADAM15,12.047168915223333
ADAM17,9.362872743846854
ADAM18,0.1277160437556973
ADAM19,8.58676508659982
PPP1R2P1,1.9165815861440298
WDSUB1,7.801002096627167
CPNE9,1.3041303555150394
CPNE8,6.702130993618963
TYW1,9.25381221513217
PTPRF,13.622647219690064
CPNE3,11.91060154968094
CPNE2,8.896615496809487
CPNE1,11.074736007292637
MIF4GD,8.927057247037371
CPNE7,6.006640382862353
CPNE6,0.2090898814949863
CPNE5,6.110138377392884
CPNE4,1.6852402917046496
WNT8A,0.07196636280765724
TNFRSF11B,6.00057329079307
SFRS14,10.434398723792167
SGCZ,0.2237884229717411
GDEP,0.045631905195989066
GLYAT,1.6031226982680036
TRIT1,8.514554876937105
SFRS12,10.381418687329084
DNMT3B,6.992226435733818
OPALIN,0.03751886964448496
DNMT3A,9.333051048313582
SFRS11,11.368732816773
FLJ45445,5.985373746581596
ZNF121,6.235826891522334
RBM10,10.380411212397435
XRN2,11.235588514129445
DNMT3L,0.12811194165907025
RABEPK,8.977663263445777
UPK3BL,7.097117684594348
LOC729609,0.09419079307201454
AAK1,9.77398295350958
SNRPN,10.285710938924343
GDE1,11.176248495897907
SNRPB,11.584497174111215
SNRPC,10.325519872379218
SNRPA,10.199189516864173
SHANK3,8.722637648131256
OR2B2,0.15147684594348226
SHANK1,2.7750473108477642
SNRPE,10.232987693710136
PBX4,3.4160597994530475
KLC4,8.966105834092984
OR2B3,0.008941841385597083
ZNF554,7.1143215132178685
TNNI3K,3.526248587055605
SALL4,4.685092069279858
PTPRK,10.876910938924322
HUS1,8.185355423883315
RGS9BP,2.6109340018231526
PLAC8L1,1.2709443938012757
PTPRJ,9.772173928896981
UCP2,11.363137556973552
ZFR2,1.4276139471285336
PLCB1,7.6363513217866865
GPR62,1.5229043755697371
PTPRH,3.5645092069279856
ZDHHC15,5.13637073837739
ZDHHC14,6.981492889699177
TMEM167B,10.430962260711043
PCSK9,3.362524156791247
ZDHHC11,5.947103281677314
PRCC,10.929686782133079
ZDHHC13,8.840761257976304
ZDHHC12,9.369139653600733
PCSK2,1.3411577028258892
PRKAG3,0.6358459434822248
PCSK1,3.9124339106654484
PCSK6,9.50343254329991
PCSK7,9.28347292616225
PCSK4,5.711051048313583
PCSK5,6.048444667274383
DUSP28,6.590200911577031
HIPK2,10.762356244302653
HIPK1,10.746904375569741
LASS3,1.703802370100275
HIPK4,2.1559787602552376
RPS3,14.204879398359148
DUSP21,0.016305013673655427
DUSP22,9.238654694621689
DUSP23,9.367541385597079
LEMD3,9.426842661804924
LEMD2,9.891339744758417
DUSP26,1.7934184138559712
DUSP27,2.5192198723792156
QARS,11.757245123062896
NCAN,1.178297994530537
SPDYE1,3.235757611668192
SLC16A6,7.394654785779401
YBX2,6.2920950774840465
SCRG1,2.6467777575205096
GPATCH2,8.99366608933454
C3orf19,8.731482680036448
C3orf18,7.09756080218778
NAPA,11.8633741112124
OR6Q1,0.008111850501367365
C3orf15,5.893786873290789
C3orf14,8.615444484958974
C3orf17,9.810469735642654
C3orf16,0.10660428441203286
C3orf10,11.725470920692795
OSR2,7.335367365542383
LARP1,12.190273017319985
LARP4,10.448513582497728
LARP6,7.268226435733818
LARP7,9.831562260711035
MGC26647,0.18812999088422977
ISM2,1.0198362807657237
ISM1,7.15424685505925
TNFSF15,3.5344588878760224
GPATCH3,8.028545670009109
HSD17B7P2,5.481443026435725
TRYX3,0.017364539653600727
TTLL3,8.733823883318147
TPTE,1.1338097538742027
ZNF552,9.88235916134913
RPSAP9,4.320741659070193
UBE2Q1,11.07550200546945
DDX49,9.885200455788508
COL15A1,11.05475278030995
LOC153328,2.766057793983593
ODAM,1.1051437556973556
DDX41,10.419376481312646
TMEM45A,8.735752051048314
DDX43,2.04404229717411
DDX42,11.657961804922522
PTER,8.79308122151322
DDX47,10.064535369188693
DDX46,10.578017775752047
PTEN,10.811194530537824
SLC20A1,10.598426253418424
PLTP,10.011962625341848
ATMIN,10.591542752962615
EIF5A2,6.7460623518687335
TMEM45B,6.699918778486783
LOC728743,7.257650957155883
ELAVL4,1.3147865086599801
LGR4,8.833607839562431
LGR6,5.638315132178663
C20orf30,11.27266973564268
ELAVL2,4.776807566089334
ELAVL3,0.7898192342752955
CDKN1C,7.542060072926154
CDKN1B,10.77474785779399
CDKN1A,10.694454968094805
UBE2D2,10.84722142206016
DPYSL4,4.917240565177758
MAEL,1.5121828623518683
MLL3,11.104565998176831
GUF1,9.565508842297186
SNORD67,0.0003400182315405652
SNORD66,0.0
LOC285419,1.284002096627167
HBII-52-28,0.0
MFNG,7.3493164995442095
MLL4,10.223973381950794
EDNRA,9.019866636280776
EDNRB,7.316632543299903
SNORD69,0.0
SNORD68,0.0
MYADML2,1.7712312670920718
FLJ36031,8.089857338195076
DNAI1,3.556998997265264
APOD,10.981841476754802
DNAI2,0.35348313582497726
APOB,1.7867443026435748
STX10,8.275259161349116
APOO,8.270556426618056
APOM,5.038675934366461
NDUFV2,10.780636280765712
APOH,0.09237830446672742
FAM151B,4.643873746581591
UTP11L,9.296869097538748
FAM151A,0.6232463081130353
FAM104A,9.802280765724712
FAM104B,7.802510118505025
NFIL3,8.62472060164083
EN1,5.61237857793984
REG3G,0.012885414767547853
UQCRH,10.597116590701917
VEGFB,10.29456937101185
REG3A,0.02754949863263446
CCDC50,10.256796353691879
CCDC51,8.275038559708308
CCDC52,8.966536007292612
CCDC53,8.578599179580687
CCDC54,0.5308707383773926
CCDC55,9.605931175934353
CCDC56,9.97396244302643
CCDC57,8.864153874202374
CCDC58,7.755767365542394
CCDC59,8.681089972652686
UGT3A2,2.4227816773017294
SNORD38B,0.0
TAS2R60,0.10944503190519597
TMEM128,8.987810391978119
GPHN,8.306020601640837
PAXIP1,9.126206563354613
WFDC6,1.3103020966271646
ZMIZ2,11.177050501367363
NUFIP2,11.479088787602562
RAD18,8.392072014585233
NUFIP1,7.6859239744758465
RPL13AP6,2.9937467639015534
PREPL,10.674432907930708
RPL13AP3,3.550253053783043
SULT4A1,3.306334731084776
CABP7,2.6916655423883284
CABP5,0.020728532360984504
CABP4,3.9572621695533226
CABP2,0.022145670009115766
CABP1,2.2243003646308126
FBXO34,9.430967365542397
FBXO36,7.121619416590695
SLC35B2,10.521196171376468
FBXO30,8.723908021877854
FBXO31,9.073504010938933
FBXO32,9.66850154968094
FBXO33,8.060479580674569
HBE1,0.411184320875114
ZC3H7B,11.078683500455794
CNRIP1,7.153840565177757
FBXO38,9.638617137648128
FBXO39,2.2584338195077502
MPG,9.67880164083866
SPAG17,4.249636280765733
SAT1,11.885748951686422
TK1,9.961032816772999
SAT2,8.900036189608027
LOC282997,5.686072379216031
PELP1,10.507105469462171
LOC415056,0.27536663628076596
MBOAT2,9.647787693710121
MBOAT1,9.70544831358249
MBOAT7,10.936293163172307
MBOAT4,1.5120710118505016
SPSB3,9.671476025524147
SPSB2,7.08169799453053
SPSB1,9.360404649042827
HINT1,11.64995387420238
HINT2,8.878612306289893
HINT3,9.947119234275286
LOC642929,0.015120237010027347
SDPR,6.6727364630811365
IL23A,3.440883318140383
N6AMT1,8.172110574293523
BIRC8,0.010226526891522335
CDC34,9.4247903372835
LOC284233,3.7474837739288964
CDC37,11.362609480401098
OR2A1,2.1153847766636287
ALAS1,9.897461257976309
ALAS2,0.4487710118505014
OR2A2,0.05036481312670922
OR2A5,0.03794712853236099
OR2A4,4.5537383773928966
FICD,6.1919983591613486
EIF1,13.23666298997265
S100A5,0.9249320875113953
BRWD3,7.7889566089334545
OR2T34,0.00688742023701003
BRWD1,10.797216134913398
S100A1,8.496413855970816
OR2T33,0.23259243391066553
S100A3,3.4299674567000875
KIAA0513,8.668781768459437
LONRF3,3.764121969006379
LONRF2,8.425193710118503
LONRF1,8.449203190519604
GJA1,11.486761713764814
JARID2,9.619483409298082
STAG3L4,6.891920328167741
BIRC2,10.204904466727436
KIAA1609,8.759176207839559
OR7D2,1.4235173199635391
GJA4,7.7089195989061166
CDCA7L,8.634405013673653
GJA5,8.406875660893355
ZNF365,5.875900638103922
LOC100134868,1.516432634457612
LOC146481,0.2152417502278942
C20orf203,1.3657873290793088
C20orf202,2.3774221513217886
APBA3,7.733549772105742
C20orf200,0.44121494986326354
SLCO1B3,0.27078240656335456
SPIN2A,1.432764266180492
SPIN2B,6.658795259799458
PGLS,9.880149772105755
TUB,7.365544940747486
SLC6A5,0.014440109389243389
ZNHIT1,10.07937793983592
GJA9,2.82464740200547
SYNJ2BP,10.024286417502264
EFHB,2.519981039197812
COL10A1,10.552509389243385
MORC3,9.575995442114865
MORC1,0.17420164083865086
MORC4,9.358033637192337
FTSJD2,10.2263581586144
CHKB-CPT1B,7.946726526891529
GNE,9.105325524156795
PTPRZ1,3.63430574293528
TOMM20L,1.1926439380127634
UPK3A,2.6450002734731064
TXNL4A,9.87639152233364
WRB,9.20294083865086
ZNF367,7.563778942570647
IGDCC4,5.961298450319051
PWRN1,0.04483928896991796
MEF2C,8.916120510483156
MRPL42P5,2.6260958067456692
CCDC42B,2.187911303555149
DIAPH2,7.33974247948953
VPS24,11.51215788514129
CCNA1,3.0641274384685495
DYNC1I1,4.4226140382862305
FBLL1,3.6107912488605325
ATP13A3,11.07958568824065
DYNC1I2,10.975438742023695
ATP13A5,3.3833729261622634
ATP13A4,4.672895989061073
RNF5P1,7.02321166818596
RAI1,10.025201276207824
RAI2,8.242671558796717
SKA2,9.561725159525967
COL28A1,3.2423263445761137
VCAM1,9.107705104831359
TMEM125,8.80886517775751
LRRIQ1,3.4150308113035552
GRID2IP,3.6592163172288124
FLJ26850,1.35758969917958
LRRIQ4,1.1978675478577934
RPS2P32,2.604796171376485
C1orf113,7.512207019143115
CBWD6,7.222323792160445
CBWD5,1.4989415679124876
C1orf110,0.4460655423883316
CBWD3,8.8472740200547
CBWD2,9.336534731084772
CBWD1,9.552576572470379
C1orf114,2.3512256153144944
TNRC6A,10.250696536007275
ZNHIT6,8.973709206927982
MEF2D,10.852944667274395
ADAT1,7.950512032816766
ADAT3,5.245310391978126
ADAT2,6.56466216955332
LGALS3BP,13.418717228805827
SNORD113-4,0.0
HYMAI,0.9235409298085686
ZNF117,10.071799817684594
PLEKHO2,9.749803372835002
PLEKHO1,9.632904375569739
ZNF114,2.9121635369188685
E2F7,6.216239653600733
E2F6,8.447689243391059
E2F5,7.744035733819507
E2F4,9.671151230629
E2F3,9.089645305378294
E2F2,7.223847219690057
E2F1,8.425781768459428
SPDYE2,0.8611678213309023
SNORD116-26,0.0
SCAF1,10.58752497721058
C6orf89,11.352221148587049
CFLP1,1.2618118505013667
E2F8,6.3977822242479485
ACBD3,11.002336098450309
PPP4C,11.136524977210552
ACBD7,5.529345123062895
ACBD6,9.149468459434832
ACBD5,9.711309753874191
ACBD4,7.482265998176848
MON2,10.053529899726502
PPP1R13L,9.73273345487693
EEF2,15.413972470373745
SNORA20,0.09521978122151319
SKA3,7.291927894257071
SNORA22,0.08660164083865092
SNORA23,0.36976791248860524
BRI3BP,6.799020419325441
SNORA25,0.029657976298997257
C2orf29,10.15680665451231
C2orf28,11.043946125797634
RLBP1,0.6024740200546949
RPGR,7.335561166818587
OLFM1,8.072699453053778
C2orf24,10.711675478577932
ZNF334,5.367597174111208
HYLS1,7.609712579762986
TMEM31,1.653687237921604
LOC100128239,2.846943846855059
IZUMO1,0.4706485870556064
TIGIT,5.575811485870554
EPHX3,3.1614653600729223
OSTF1,9.617161075660894
TYR,0.20284585232452138
FAM168B,11.183589881494974
PYCR1,11.135560346399265
SNHG11,7.5798896991795885
ST8SIA3,0.06833910665451232
OR5H15,0.002254421148587056
TMC2,1.2333497721057445
OR5H14,0.001045123062898815
CTBS,8.984275296262531
GATA2,7.433142388331815
WNT10B,2.9906999088422954
ZNF331,8.747254603463992
GNG10,8.772410756608942
GNG11,8.683875022789426
GNG12,10.989848678213317
GNG13,2.4363897903372886
SYTL4,8.971681950774856
LOC121952,0.9473091157702839
TEX14,4.0939313582497725
HSP90B3P,2.5117215132178643
URB1,9.940430082041914
GATA1,1.033407657247039
RPLP1,14.428924247948963
NT5C1B,1.3431897903372834
IFITM3,12.985762989972644
IFITM2,11.206416773017319
IFITM1,11.972477210574294
HPCAL1,9.419036645396517
LIPE,7.561872105742942
HPCAL4,2.0100440291704658
LIPF,0.3117310847766639
GAGE2D,0.3752935278030994
GAGE2E,0.06149416590701915
LIPK,0.5651474020054694
LIPJ,0.3975851412944394
LIPM,0.022935824977210577
DFFA,8.77676800364631
DFFB,6.87805916134913
GAGE2C,0.0894130355515041
SEC24D,10.850786235186865
RCN2,10.268823336371918
REV3L,9.101599088422958
SEC24A,9.81210173199637
TMEM229A,0.2045573381950775
SEC24C,11.635123974475835
PPIA,12.304921513217856
TEX12,0.5926184138559718
RNF19B,9.465215314494072
LMTK2,8.114520237010016
CSMD2,4.7932460346399255
ACCN2,6.479405195989055
ACCN3,4.132189699179587
ACCN4,1.4377758432087517
ACCN5,0.11314083865086602
CSMD3,1.0264930720145862
PI16,5.127021786690979
POU2AF1,6.041561349134013
MRPL43,9.9699612579763
KAL1,8.595208751139486
IPP,7.92242041932543
CSMD1,2.6350782133090225
C16orf92,0.17176690975387418
C16orf93,6.032871558796707
C16orf90,0.15422133090246126
C16orf91,8.010791886964448
TM4SF18,6.761545031905201
TM4SF19,3.477666636280763
MRPL49,10.657537192342767
LOC100130581,5.564624521422066
MAGT1,11.292069917958065
ZNF699,4.529653874202369
OTOP1,0.13029617137648128
NGF,2.9977123974475828
NGB,0.9001381039197806
NEUROG1,0.019440929808568822
SMC5,9.748759799453055
SFRS2,11.718815041020937
ZNF692,8.979695533272565
ZNF695,5.264440291704642
POU3F1,3.047653144940747
ZNF697,7.671453327256152
FHAD1,5.121774020054685
C16orf5,8.797053600729262
TGM2,10.4401967183227
C16orf7,7.8302716499544305
ARFGAP2,11.000837556973572
ARFGAP3,9.993470191431188
C16orf3,1.8772185050136716
LAMB1,11.71913008204194
LAMB3,9.313612944393803
LAMB2,12.286287967183242
CYSLTR2,3.440949407474927
LAMB4,1.4414758432087509
CYSLTR1,5.420768915223341
COPZ1,12.03404767547857
C21orf7,6.207325706472197
NEK4,9.002691613491333
COPZ2,7.686231905195991
C21orf2,8.371070829535103
NEK3,7.222886873290794
NEK1,8.530480583409297
U2AF1,10.535322242479495
SNORD115-1,0.0
SRXN1,10.15917684594349
NEK8,6.717099635369191
MPHOSPH6,8.434533181403838
LOC389634,1.761206745670007
TPPP2,0.21733372835004547
GPR162,5.450329899726526
BMX,3.4455938924339087
GPR161,6.617544758432083
SNORD58A,0.0
SNORD58C,0.0
TGFB1,9.910531814038269
G0S2,6.67533135824977
DHPS,9.838492069279841
ZZZ3,9.779074020054697
OR5B17,0.00362105742935278
TMEM14E,0.31221677301731987
SGIP1,6.134686782133093
CCDC3,8.055755606198733
ASTN1,3.177154785779399
RSPH9,2.5717776663628102
CCDC6,11.402886144029171
CCDC7,5.292629990884236
SHF,6.328078304466734
SHH,0.3950604375569733
COX7A1,6.397160255241571
COX7A2,10.654477210574298
CCDC9,8.713116681859619
DYNC2H1,8.323174840474014
WNT1,1.1324333637192343
TMEM14B,9.827657702825888
TMEM8A,10.397985323609847
MGA,9.927681677301708
MTHFD2,10.807428623518687
MTHFD1,10.646494348222433
LOC729156,1.7905208751139472
RHOQ,10.328368824065636
PRR20A,0.0
GSS,10.179030355515039
PRR20C,0.0003608021877848678
PRR20D,0.0
MGP,14.195763081130346
RSPH3,7.229916955332721
NSD1,11.115724977210585
TGFB3,10.261164904284419
TMEM189,9.783321330902444
RHD,1.8190329990884213
NUDCD2,8.598214311759339
NUDCD3,11.193965907019145
NUDCD1,9.21037301731996
ADSS,10.963409753874213
R3HCC1,8.985213947128512
LOC168474,2.9375938012762064
OR1D4,0.029471467639015494
IFI27L1,6.505633910665456
IFI27L2,7.396404740200551
EID2B,5.153983682771194
GMNN,8.217446034639929
ADSL,9.662219963536915
SAMD4B,10.735790793072006
PLA2G15,9.204282497721065
AS3MT,7.581873655423887
PRSS12,3.9059157702825913
C7orf11,8.616762898814947
C7orf10,5.873208659981767
C7orf13,7.0374080218778605
OR7E24,0.05902999088422974
GAS2L1,9.38613418413856
RPS27L,9.936706654512294
GAS2L3,5.403380583409286
C7orf16,0.15674320875113942
TGM7,0.2531943482224247
ZNF575,5.128452233363719
TMEM63B,10.523142570647224
NDFIP1,11.640011212397473
HPGDS,5.259844758432085
AZI2,9.824559343664534
SYTL5,6.274126709206922
ZNF341,7.466137556973557
AZI1,8.403262716499542
LOC646498,0.030486873290793064
TARS,11.00809407474932
ZNF345,6.252240018231538
WNT6,2.9622962625341867
TNFSF14,2.302343299908843
TMEM8B,9.053987146763896
WFDC8,0.05165897903372836
ZNF438,7.635607748404743
UOX,0.5112652689152231
KCNC2,2.578584776663626
POGK,11.10205515041022
TRIML1,0.15068869644484953
EPYC,4.326418231540565
VIPR1,7.766505195989061
NUDT12,8.623854968094783
DLL1,6.654284958979031
NUDT10,4.5657966271649935
DLL3,1.9990321786690965
DLL4,7.873474202370108
NUDT17,5.400777028258887
NUDT14,8.241665177757518
NUDT15,8.641408204193262
NUDT18,7.291523701002729
NUDT19,9.017964813126696
TSPAN9,10.724372196900644
OR6X1,0.00850884229717411
STX8,8.12422661804923
MXD1,8.86817493163172
KEL,2.9184889699179584
IFI6,11.746093710118505
PHKG1,3.1190607110300803
RSRC2,10.531006654512293
ACTL9,0.019172835004557888
ACTL8,2.7262009115770307
STX7,10.11707939835915
C9orf123,9.341305104831353
LOC285627,0.027716499544211484
RC3H2,8.561486052871455
NCRNA00164,0.3006542388331814
UBE2Q2P1,3.430001823154056
CPN2,2.4659908842297167
CPN1,0.03140428441203282
SOS2,9.978711030082039
LOC285629,1.1829950774840483
SLC4A11,6.420533546034639
CLIC6,7.924946216955334
PCP4,2.214649498632637
STAB1,9.715675752051045
PHACTR4,10.145100638103916
RNF125,7.648327529626251
KIAA0232,10.458401367365529
MTMR15,8.978059799453066
RNFT2,6.388697629899724
LGI4,5.233644940747488
CFHR1,0.5835386508659982
CDADC1,7.059964995442117
ECE2,7.710648587055601
ECE1,12.235431358249773
LGI3,1.2170496809480413
SOST,0.661355879671833
L3MBTL,6.138139197812214
HBP1,10.98371039197813
LOC388242,4.199127985414768
LOC90246,4.4083332725615305
IMPACT,9.982784320875119
DRG2,9.220136463081136
DRG1,10.193456882406565
CASQ1,3.5076146763901557
LRSAM1,9.157934366453974
ZNF205,8.273092616226087
ARHGAP42,6.540204102096633
TMPRSS11A,0.40979243391066533
CLIC1,12.646836736554247
NOP56,11.109463628076583
EVC2,5.933824703737454
IFIT2,9.164894348222433
NCRNA00162,1.2146749316317234
?|645851,3.380763719234271
LOC348926,6.482210665451231
AURKA,8.627410209662711
AURKB,7.338985323609849
AURKC,3.4601698268003633
AP1B1,11.472349407474931
SERPINE3,0.33223992707383787
SNAPC3,9.07772944393801
TNNT1,7.0353655423883295
OR5H6,0.03246171376481312
OR5H1,0.002559890610756609
RNF123,9.446060255241573
GNPTG,10.049612853236098
CDC42EP3,8.747502552415687
CDC42EP2,7.853429808568824
CDC42EP1,10.2722837739289
DRGX,0.05403883318140383
TXLNB,6.666960802187782
CDC42EP5,5.7395843208751165
CDC42EP4,10.93295879671832
HRASLS5,6.225058523245209
BMF,9.181991886964445
HRASLS2,5.073700364630817
TCP10,0.04275542388331812
GPRC6A,0.053337192342752957
ZNF354C,5.084681039197808
TBKBP1,7.571054238833173
RAB36,7.499027164995449
AHCY,11.984095624430257
FAM170B,0.1675622607110299
FAM170A,0.40213482224247954
TMEM146,0.2922760255241569
ABI2,10.296775205104838
ABI3,7.470066727438474
ABI1,10.571009206927974
TRAP1,10.950843664539665
SLC22A4,6.005799817684586
TESC,4.57126627164995
MUC7,1.277398632634457
LOC284578,1.8796318140382837
NKTR,10.444762807657263
RHOH,8.103377666362826
OTP,0.6596195077484052
PTCHD3,1.2636444849589787
NTF3,2.762659252506835
SP100,10.580503008204182
ELP2P,3.3703252506836825
KRT39,0.5454735642661808
KRT38,0.34159927073837715
ACADVL,11.752545214220598
RAB4B,8.820790428441201
OR6C70,0.013232999088422969
ZBED5,9.683856335460348
RAB4A,9.828768459434835
KRT31,1.8813371011850488
SOX14,0.05729033728350045
KRT32,2.2799968094804015
KRT35,0.2731666362807659
DHDDS,9.5322063810392
KRT37,1.8163429352780298
KRT36,0.749556700091158
IL21,0.25759179580674574
CHN2,6.551778122151313
CHN1,7.837028258887878
IL22,0.02822096627164995
IL25,0.41924512306289874
IL24,2.937027985414768
IL27,1.5824221513217869
IL26,0.2954721057429353
IL29,0.893487329079307
RAP2A,9.712375934366452
PPP4R1L,4.925013764813131
CAV2,8.852434184138554
CAV3,0.3298387420237009
AXL,9.982846490428441
CAV1,10.275234639927103
ZNF548,8.301297721057416
SNORD96B,0.0
TIMP1,12.45176052871469
IL12RB1,5.118859525979943
LDHA,13.61353901549681
IL12RB2,4.138159161349135
ATP6AP1,12.50014074749317
ATP6AP2,12.030960346399278
ELOF1,9.783025706472197
ENSA,12.448013491340017
CLINT1,10.75796381039198
PDCL,8.909722607110306
SNORD63,0.0
FLJ35390,6.139183773928902
WLS,9.441552415679114
BRCA1,8.398302734731095
SNORD116-22,0.0
BRCA2,7.1549347310847775
LRRC39,2.757766180492254
OR4N2,0.0694288969917958
ZNF439,7.012973381950775
PRY2,0.0017291704649042845
OR4N4,0.23526207839562435
AHRR,5.1853591613491385
CYP24A1,2.351077301731993
ACOT8,8.39585287146764
ACOT9,8.61282844120329
ACOT6,1.858731540565178
ACOT7,9.077140838650882
ACOT4,7.730370282588886
ACOT2,8.409225706472188
H2BFM,0.08952060164083869
ACOT1,9.028628896991808
ADCY4,6.953263081130351
ADCY5,5.830653965360071
ADCY6,10.673302552415675
ADCY7,9.036134275296266
ADCY1,8.509046308113028
ADCY2,5.9256934366453935
ADCY3,9.7578385597083
KIF25,1.6591131267092083
KIF24,7.534235095715591
KIF27,6.437009115770283
ADCY8,0.6286488605287147
ADCY9,9.7510166818596
KIF23,8.821115861440289
KIF22,10.56245141294439
JKAMP,9.839870100273476
RAB42,4.938180309936184
RAB43,7.848748587055607
NUCKS1,13.276629626253426
INTS4L2,3.568017046490423
NR3C1,9.940743664539633
PDLIM4,7.928977301731999
SLC22A1,1.3569628988149498
DDI2,6.558241112123981
DDI1,0.10425496809480404
PDLIM5,11.473797812215127
PTPLAD2,8.361682041932543
RNASEH2C,9.090553600729265
COL4A6,5.198650410209668
PTPLAD1,12.07849772105742
C12orf4,8.719364813126704
C12orf5,8.169197265268915
PROL1,2.0984092069279865
ZFP28,7.229775296262539
LY6G5C,4.787603555150409
XRCC1,9.750220966271662
XRCC3,7.900853965360072
XRCC2,6.106518596171374
PITPNA,10.862127256153137
XRCC4,6.938375113947126
PDLIM1,11.06389216043755
SMURF1,9.789629261622618
DCAF12L2,1.9926722880583436
DCAF12L1,0.4170247948951688
SMURF2,8.891038012762085
CLEC7A,7.328685050136735
GGT3P,3.9135392889699174
MEIS3,8.337000911577023
MEIS2,6.59552069279855
MEIS1,7.110489881494991
PCDHAC2,4.35283381950775
HNRNPCL1,0.01649243391066545
PCDHAC1,3.153609298085687
ZNF669,6.977730355515034
NARF,9.523213947128518
PRB3,1.1428049225159518
CTLA4,4.576356608933453
GSPT1,12.11004147675479
DNAJC25-GNG10,0.313808933454877
LOC389493,5.114690884229718
RALGPS2,9.794653144940753
MIER1,9.882246308113032
MIER2,8.64495259799452
MIER3,9.217415861440276
ESPNL,2.9856251595259744
LOC100287718,0.20613126709206925
OR5AN1,0.004632634457611668
ESPNP,1.3944434822242493
RBP2,1.0774767547857798
PAPD7,9.331463901549686
PAPD4,9.861446672743835
DDX60,9.82999845031905
NCRNA00112,0.020209571558796713
AMN1,7.607805013673653
KIR3DL2,1.2098832269826785
KIR3DL3,0.1446336371923428
NCRNA00116,7.131574749316308
NCRNA00114,0.029352597994530542
NCRNA00115,4.217496444849594
LMNB2,10.42038632634458
IL13RA2,2.1636486782133066
IL13RA1,11.902002552415672
LMNB1,10.07276007292617
LRBA,11.473985961713772
MRPS28,8.231666545123064
MRPS26,9.710169006381033
CD274,4.425006927985412
MRPS24,9.806576572470382
CD276,11.396705378304468
MRPS22,8.91244302643574
MRPS23,9.772189881494977
MRPS21,10.204167183226996
LOC100144604,3.180824612579756
CTSL1,10.770680674566995
LOC100144603,3.2376965360072956
CTSL3,0.002669553327256153
CTSL2,6.35277155879672
NHEDC2,6.828323427529627
INSIG2,9.189224886052866
IL13,0.4631277119416591
SMN1,2.495732360984508
PPP2R5A,10.99675186873289
PPP2R5B,8.429214858705558
NXPH4,5.620219507748402
LCMT1,9.710959981768465
DGCR2,11.414161713764825
FRMPD2L1,0.12015123062898818
YY2,4.636558796718322
PPCS,10.317301093892434
H2AFY2,8.559156061987235
NAMPT,10.727340291704667
RXFP4,0.4863903372835013
MAD2L1,8.508466909753883
NDUFB11,10.565736918869645
ADCY10,1.8883870556061997
KCNA6,3.7922472196900654
KCNA7,0.5573099361896076
KCNA4,0.4050764813126711
KCNA5,2.7900660893345464
KCNA2,1.0259254329990877
KCNA3,4.133020966271645
SNORD81,0.0
KCNA1,2.554059981768462
UTP6,9.640921330902454
RHOF,6.656250319051963
OPTN,10.669760711030086
JMJD6,8.851938833181402
BHMT,1.109420783956244
C10orf95,3.5098371011850507
JMJD5,6.506276390154969
ZHX2,10.100131540565163
ZHX3,9.364407748404732
JMJD8,10.760977757520491
ZHX1,9.944008021877867
LOC26102,0.7628187784867816
OPTC,0.11926162260711039
IRGM,0.6125793072014594
SYCE2,3.825796718322697
LOC348840,0.30040246125797626
IL15,5.441649407474929
OTOR,1.4755510483135816
FAM106C,2.153822242479489
FAM106A,1.6410190519598924
CCDC38,0.12773409298085683
CCDC39,4.254632360984507
ACACA,11.05356025524157
ACACB,8.54121267092069
SLFN14,0.811263719234275
CCDC33,0.5844960802187785
CCDC30,6.499424247948941
SIN3B,9.950218596171387
CCDC36,3.2006305378304534
CCDC37,0.220777392889699
CCDC34,8.365265907019161
FOXD1,3.6525319051959833
PLA2G2A,5.191553874202379
APPL1,10.640531449407487
APPL2,9.862560528714674
ZDHHC2,7.691369371011851
PLA2G2E,0.0
PLA2G2D,4.680246034639929
PLA2G2F,0.42573819507748395
SLC26A10,3.385675113947131
MEMO1,8.694948951686417
PTTG3P,1.5459378304466727
ZMAT1,8.175046855059263
SLC26A11,8.735145487693712
KRTAP21-2,0.04215815861440291
KRTAP21-1,0.002537830446672744
UNC80,1.5391237921604393
HBBP1,0.05363072014585232
MPP4,1.2337553327256165
CAPN14,2.1891961713764814
CAPN13,8.364006016408393
CAPN12,6.487241112123965
CAPN11,3.286642479489521
CAPN10,7.692840929808575
FAM128B,10.41527866909754
ZDHHC9,10.525251504102101
FAM128A,9.031255423883298
RACGAP1P,1.7766282588878775
DEM1,7.584933272561532
SLC16A8,2.740412944393804
OR8J3,0.0027398359161349135
SLC35D1,9.28230537830448
MLNR,0.37713582497721054
COX7B,10.5407547857794
COX7C,11.52968632634458
C20orf196,5.798417958067463
SARS2,8.273303555150402
HS3ST6,1.1784896991795804
HS3ST5,1.1499205104831358
HS3ST4,1.5499607110300837
CYFIP1,11.673381768459437
HS3ST2,4.698324703737463
HS3ST1,6.213351321786688
CYFIP2,9.326426071103015
HYI,8.257936007292606
DYTN,0.013141294439380127
LOC151658,0.043101914311759346
MPRIP,10.614539471285307
SH2D5,1.6405875113947126
PARP15,3.692342752962631
GUSBP1,6.958744393801275
GUSBP3,6.829350592525064
KGFLP1,1.4851897903372835
TRIM24,9.787563719234285
C11orf95,8.686520875113942
C11orf94,0.06109143117593437
C11orf93,3.5664935278030927
C11orf92,4.237043299908842
C11orf90,0.9918366453965362
THUMPD1,10.633587237921597
WDR35,9.039799361896092
MED22,9.55633044667275
KYNU,7.128948860528706
CHORDC1,8.973893527803105
PXDNL,4.722996627164992
LHPP,8.601259981768463
MLLT6,11.68022479489516
LOC284749,2.09790838650866
UVRAG,9.521589243391078
MLLT1,10.733882771194152
MLLT3,8.236594257064732
NUP188,10.545450045578848
PARP12,9.7801868732908
KRT14,8.609385688240657
COPG2,9.25908641750227
GLT8D2,8.185560164083865
GLT8D1,10.117869006381033
MRPS34,10.317945396536008
OR2T10,0.019033546034639928
OR2T11,0.003186599817684594
OR2T12,0.021389152233363722
LOC100216001,1.0318754785779398
MTO1,8.590590610756593
OR2C1,0.8779731996353686
KERA,3.528500182315407
RUNDC2A,5.243766453965359
ZNHIT2,7.19202069279854
RPS15AP10,2.2400606198723803
REG1A,0.16127912488605287
REG1B,0.026569188696444854
ZNF284,5.356693892433907
MRGPRD,0.19331494986326342
MRGPRE,1.2454136736554224
MRGPRF,6.286072379216041
MRGPRG,0.0006785779398359161
GTPBP5,9.07398295350958
GTPBP4,10.401183773928894
GTPBP1,10.256730811303546
DMXL2,9.025661166818605
GTPBP3,8.582340200546943
GTPBP2,9.830470738377393
GTPBP8,6.933945396536011
PCDHA2,3.3432161349133964
PCDHA3,4.5709175934366435
HES3,0.007411759343664539
BPNT1,9.920010209662701
PCDHA7,3.6354072926162293
MLKL,7.437637283500463
PCDHA5,3.2109503190519613
EIF4A1,13.278067821330888
PCDHA8,2.1882617137648133
NPVF,0.005088878760255242
PARP10,10.455853965360067
C1orf141,0.05853573381950774
GLT25D2,4.462990063810393
MYOZ3,4.340319416590702
BCL9,10.276240291704648
BCL8,1.6989332725615318
LOC360030,0.08234968094804009
BCL6,9.986400729261637
OR7G2,0.020962807657247035
OR7G3,0.007447037374658158
BCL3,10.09850665451231
BCL2,10.198205560619868
TMEM89,0.12730255241567914
MSI2,8.639555423883326
ZNF282,9.523126344576108
BLID,0.04923081130355514
TMEM88,4.5309706472196885
CDX1,2.617107292616225
POR,10.613529626253417
NPEPL1,9.345219781221498
CDX2,0.4120855970829538
CLMN,10.403274475843208
CDX4,0.00836052871467639
SGK196,5.084552871467641
LRFN3,7.966684412032825
LRFN2,3.3090939835916098
LRFN1,6.7419938012762035
LYRM7,8.295906198723799
HNRNPA3P1,6.627809115770291
FAAH2,7.939222424794877
NKX2-2,1.7208884229717407
KLHL21,9.873727985414767
NKX2-1,0.2836191431175935
NKX2-6,0.03525296262534185
ZNF665,5.245779307201454
NKX2-4,0.028743026435733822
NKX2-5,1.609807566089334
TDRD7,8.929571011850502
NBPF9,7.926070282588881
ZP1,1.3981164995442112
SEMA7A,7.3179272561531485
KAT2B,8.164391795806747
KLHL22,8.868712944393781
ZP4,0.33164612579763003
TRIM21,8.69795852324521
DMXL1,9.65935013673654
OAS1,9.763387329079308
TLE3,11.20784457611666
OAS3,11.060187511394712
OAS2,10.665914585232452
IP6K1,10.316230446672753
NEK9,10.785975022789419
PAG1,7.921298176845955
YAP1,10.99312515952598
STK11IP,8.765983682771198
TSLP,2.534544393801276
NBPF4,4.608905104831362
FBXL8,5.69114685505925
SPAG11B,0.04026800364630811
MTM1,8.411144029170465
SNORA2B,0.009465815861440291
PLEKHB1,8.23939553327257
TRIM22,9.777162807657232
OASL,7.7940458523245235
CCIN,3.2117525979945327
CSNK1G2,9.9769290793072
CSNK1G3,9.544951777575221
CSNK1G1,9.54604448495897
SERPINB1,9.883885870556059
ANKK1,3.1692643573381973
SERPINB3,0.8183059252506841
SERPINB2,2.6230107566089376
SERPINB5,6.6843705560619995
SERPINB4,0.8444377392889696
SERPINB7,2.7333507748404755
SERPINB6,10.938403281677296
OR9Q2,0.0041628076572470364
FAM76B,8.078628714676396
FAM76A,7.899825341841388
OR9Q1,0.028825250683682777
PCGF5,9.89890018231541
CX3CR1,6.977172105742924
LOC613037,3.685162260711032
MAGED1,12.422056061987217
MAGED2,13.540452597994525
C6orf64,9.757176390154976
MAGED4,6.088332360984508
C6orf62,11.927023336371928
ATP8B3,5.164526253418419
C18orf10,10.202296171376487
ATP8B1,10.69647602552415
TAF10,9.624452142206016
EXD3,7.434382771194159
EXD2,9.632387329079307
EXD1,0.7945397447584325
ATP8B4,5.925889243391069
DTHD1,1.8077939835916141
STC1,9.627203099361875
STC2,11.775674658158621
ELP4,7.7739414767547945
ELP3,9.422177757520506
CCDC81,2.8784948040109386
TRIM58,6.097316681859615
ASPHD2,6.371850957155891
C22orf41,3.133325250683678
C22orf46,8.828517593436642
DES,3.9558599817684588
FBXL4,8.155736827711936
DPPA2,0.10779981768459433
DPPA3,0.07045724703737465
DEK,11.283548131267102
SPRYD4,8.274734275296257
FBXL7,8.925484867821323
DPPA4,0.7278659070191439
DPPA5,0.026693710118505007
KLHDC4,8.02423409298086
C22orf45,2.124880309936191
KLHDC2,9.863059890610772
KLHDC3,10.956363536918873
TLR10,4.4355762989972645
KLHDC1,5.520075934366451
LRP5L,6.141988605287144
NIPSNAP3A,9.020565633546052
UBAP1,10.357569462169538
TRIM56,7.947227803099368
DPCR1,0.6532381950774843
ASXL1,10.59068833181405
POLK,8.701705104831358
ASXL3,2.405425341841384
ASXL2,8.964068732907922
PAR5,3.6365554238833186
HDDC2,9.498469644484947
HDDC3,8.107302917046503
ZBTB39,7.857549863263444
ZBTB38,10.48353053783045
NIPSNAP3B,4.563075022789424
HTR2A,1.7957199635369179
TRIM53,0.05373591613491339
HTR2C,0.5426054694621696
HTR2B,4.901362716499544
C1orf131,8.31037666362807
C1orf130,4.777693983591604
C1orf133,4.802914220601647
GBA3,0.9358216955332724
DDX60L,9.06649826800364
ZBTB34,8.281656882406555
ZBTB37,5.199222880583408
C8orf22,0.1477747493163173
KLHL36,7.5986106654512255
SPATA12,2.509269553327259
DKFZP686I15217,5.827964630811309
KLHL35,6.328650501367367
KLHL32,2.6523845943482236
KLHL33,0.6994515952597996
KLHL30,2.7631203281677275
KLHL31,4.8976168641750215
TMEM92,3.700019963536919
TAB2,11.024024886052866
SPATA19,0.02629954421148587
AGAP11,4.830053874202362
SGTB,7.349224612579761
TMEM97,9.423204649042852
KLHL38,4.10131823154057
SGTA,10.634396991795821
KIAA0895,8.037379124886057
EIF1B,9.231321422060162
TRIM48,0.06652871467639017
KIAA0892,10.304916864175024
MTNR1B,0.18852862351868732
SS18,11.048675660893352
TRIM44,10.25156399270738
GBAS,10.737517684594334
TRIM42,0.03672297174111214
TLR8,5.327168550592523
TRIM40,0.06747994530537829
TRIM41,9.380553418413843
IVD,10.674899270738367
TBPL2,0.043585597082953516
FXC1,9.70527374658157
MRPS36,8.432503190519585
PEX5,9.944108568824044
EXOC3L,5.900197538742021
PEX6,9.533379945305365
IVL,1.7083907019143143
REG4,0.9953835916134911
SCN3A,3.1323115770282612
TRAF6,7.533923883318134
NRD1,11.589214129443937
SCN3B,3.8038876937101262
ESAM,9.093495168641757
PPP2R1A,12.621538377392897
NECAB1,4.821852415679132
REV1,9.326510027347299
TFPT,8.298685870556062
ERMN,4.4278179580674495
HIF1AN,10.335961622607112
ACE,8.984532452142219
ACD,8.320630446672746
ATP5S,6.801944393801278
SEPT7L,0.6234546946216966
NEB,4.2262792160437535
STIM1,10.516441841385602
ACR,1.8225484047402027
ATP5I,10.325612397447587
ATP5H,11.226771558796713
ATP5O,11.361152780309936
ME3,7.295536007292613
DIO3OS,0.728326526891523
ATP5B,13.39113090246126
GNAI2,12.52614940747494
GNAI3,11.208349316317246
ATP5E,12.116383044667272
ATP5D,9.527616955332704
GPR144,0.6401437556973562
LOC728989,1.803916864175025
GPR146,6.357394712853235
LOC154449,0.031009206927985415
GPR141,3.2849319963536967
GPR142,0.5256518687329078
GPR143,5.994037283500453
AURKAIP1,10.137682862351884
PBX2,10.230219234275307
SLC7A9,2.2317130355515062
AFMID,9.1368835916135
GPR149,0.08446663628076571
NCRNA00204B,2.1144546946216938
HLA-C,14.049148222424801
PCDHB10,6.005850501367361
LOC90834,4.098955059252513
SLC7A7,8.367315223336373
CITED2,10.559512215132184
CITED1,4.361004284412032
SLC7A4,3.681404010938925
CITED4,9.005896262534169
DAGLA,7.41759890610756
ST6GALNAC6,9.873780492251605
DAGLB,8.904575569735641
PFDN5,11.961885141294443
PFDN4,8.415123701002743
PFDN6,9.122475387420248
MTHFR,9.294010391978118
HLA-G,5.852894621695527
SP7,0.6545599817684596
OGT,11.453659434822253
MAGEA11,0.7253843208751137
SLC7A3,1.851885961713765
TMEM35,3.3418257976298995
GAGE12J,0.2538322698268004
DTNB,8.916352324521425
NFKBID,4.825787420237009
LOC339290,8.657615861440297
DTNA,7.936671376481298
ACHE,4.087104102096626
PRB2,0.2354676390154968
NFKBIE,8.59479589790337
GAGE12D,0.38176453965360074
GAGE12F,0.006218960802187785
TAB1,9.35791157702825
LOC729176,4.946184776663632
CSNK1A1L,1.7132454876937102
PRPF39,9.150946399270744
UBXN7,8.420303372834994
HIRA,9.466646216955336
RIN1,7.044792433910662
TBC1D9B,11.798268641750239
RIN3,8.525398176845945
RIN2,10.616138559708306
GDA,0.8128508659981768
NCCRP1,5.378425615314492
WWOX,7.904527803099357
OTOL1,0.03615943482224248
NSUN3,6.829096353691874
CSNK1A1P,0.34322133090246143
RNH1,11.352252324521421
RPS13,12.740136007292625
CLPX,9.428697903372818
RPS11,14.274271467639018
RPS10,12.463695077484058
RPS17,13.314423245214252
LALBA,0.48040000000000005
RPS15,11.822868003646304
CXADRP2,0.5999896080218781
CLPP,9.563130811303548
CLPS,0.6204731996353697
RPS18,14.606842114858717
LAMA2,8.801512944393794
LOC100128164,1.2427711941659068
SLC16A4,7.167986144029158
RIPK1,10.01667775752051
LATS2,8.71646317228806
LATS1,8.430946399270754
DDOST,12.251515405651796
ODZ3,7.447755150410202
ODZ2,5.5136810391978255
ODZ1,3.261753144940747
SPRR1A,1.0715352780309928
CLPB,8.262166909753882
PUSL1,7.787154694621704
AACSL,0.7580706472196899
SRCIN1,8.271218778486796
LAMA5,11.131721604375578
TUBG1,10.000415587967185
C2orf27A,5.293378395624424
CRABP1,5.492749954421153
CRABP2,12.724002825888793
C2orf27B,0.02875487693710118
C7orf72,0.04723664539653602
C7orf71,0.156157155879672
C7orf70,9.057954512306301
PLCXD3,3.3995262534184136
PLCXD2,4.35623072014585
PLCXD1,8.14124020054695
POM121L2,0.4033342752962628
LOC646471,5.516111212397444
LOC643486,0.012073928896991794
LOC643955,0.06827921604375571
ZNF417,7.558137192342745
LOC401463,1.6648160437556996
TSSC4,9.07242488605287
LOC202181,5.19351567912489
HILS1,1.2096598906107565
TSSC1,8.84298988149498
RRAGD,7.850301002734731
GLIPR2,9.062104193254333
RRAGC,8.382197447584332
GLIPR1,8.962805469462163
PRAMEF3,0.0
GOLGA8DP,0.1861678213309024
TLR3,6.940729535095708
SSSCA1,8.415880401093885
POU4F1,1.172014129443937
POU4F2,0.10098030993618963
GGT1,8.084966818596167
GGT6,7.848554329990888
GGT7,8.209559981768455
MCOLN3,5.471794257064718
FBF1,7.434470464904286
RASA4,7.761153236098452
HM13,11.828065177757503
RASA2,6.811250045578853
FAM75A5,0.1850250683682771
ACTN3,0.9660063810391977
CCDC144NL,0.7970986326344583
ACTN1,12.470217502278967
PTCH1,6.790475387420232
NGFRAP1,10.139394621695521
HAUS8,7.320930720145847
PTPRQ,1.8833418413855978
ACTN4,13.293998906107571
CLP1,8.097716134913405
PRAMEF8,0.13316745670009117
EZR,12.86765642661805
LILRP2,0.3918545123062901
PTPRG,8.807777392889705
PLAC9,5.482012123974472
GEFT,8.095182224247957
PTPRD,6.821655241567916
PTPRC,9.411795077484046
PTPRB,8.873003646308108
PTPRA,11.068332087511399
HAUS7,7.917815861440286
PTPRO,6.112042479489522
PTPRN,3.3013710118505046
PTPRM,9.438333637192345
DTWD2,7.656870647219687
LOC100128977,2.4195868732907937
DTWD1,8.407936463081128
LASS1,3.6771463992707343
LASS2,13.042424247948944
IFT27,8.726992616226063
IFT20,8.640649498632632
CPM,8.853275113947134
LASS6,11.07083974475842
CPO,1.5388155879671839
LOC25845,8.45291476754786
KBTBD13,0.09377000911577031
CPD,11.597326891522336
CPE,10.595462534184128
TCN1,4.823080492251594
LOC84740,3.3327615314494077
CPZ,7.5977357338195155
GAPVD1,10.348180765724715
YIPF6,8.598590246125806
?|404770,0.0034358249772105747
RPL7L1,10.071693801276185
CYP46A1,3.658896900638105
PPY2,0.3000660893345488
AQPEP,2.5408027347310846
MRPL41,9.100305195989066
N6AMT2,7.192761896080226
RTN4R,6.403169188696455
DMPK,9.096341659070191
RAD9B,4.787225524156793
UBXN8,7.351949680948035
BANK1,4.440623883318139
WASF3,7.1769391978122155
SIRPG,4.531018687329085
PRSS36,5.199533454876941
DOC2A,4.998248404740206
OR5J2,0.004557611668185963
LOC127841,1.1544118505013672
DOC2B,3.445718596171378
PRSS35,2.674643755697357
PWRN2,0.03530820419325434
TAF1B,7.87234421148587
MUTED,8.341305651777564
RNASEH1,8.041441385597084
DMP1,1.1269671832269819
GPR151,0.06701075660893345
RRP7A,9.371988514129457
RPGRIP1,3.468823062898815
F3,8.230211121239748
ABLIM1,11.02015278030993
MAMSTR,4.698719507748406
ABLIM3,8.762329352780302
ABLIM2,6.034941932543312
PAH,2.876880674567004
SLC30A10,0.4151713764813129
GPR156,2.3927527803099355
FAM172A,8.855095715587982
PRSS38,0.06688331814038288
LMTK3,7.251463445761162
GPR155,7.347945852324514
STEAP4,9.051470647219684
F7,5.5474278942570665
SNORD114-20,0.0
LOC729082,8.830715314494094
UCP1,0.9352893345487693
F8,8.334083409298085
PIN1L,0.611632634457611
F9,0.11452023701002734
LOC284009,0.6891117593436655
TOP2A,11.140104649042847
RMRP,3.894664266180491
LOC284551,0.9886312670920706
HHIP,1.3337484958979036
HMGN5,7.106082771194171
HMGN4,10.557243026435755
HMGN3,9.774931996353692
HMGN2,12.606940747493157
HMGN1,11.957627529626249
NUDT11,4.797918322698273
GSTZ1,8.693297265268919
MX2,8.85500747493163
RAB6A,11.835935824977222
RAB6B,7.046378577939838
MX1,11.104186599817679
RC3H1,9.689678395624425
LOC646813,0.012522060164083864
CHL1,6.152287329079305
CRIPT,8.53425050136736
IFIT5,9.164840565177762
TAF1L,4.628278395624427
IFIT3,9.863471103008187
FAM66D,2.679417593436639
IFIT1,9.957945123062922
LOC285548,1.7373955332725617
LOC728410,0.0034903372835004562
LOC541473,1.995870009115769
DULLARD,10.696172926162255
P2RY10,4.719256700091152
KIAA0368,11.66285496809481
EFTUD2,11.044575569735652
EFTUD1,9.46257611668186
ISG15,10.121621969006359
TOX3,7.9104515952598
TRIM13,9.404757793983597
SNAR-A3,0.0
MAP1LC3A,8.119157155879671
MAP1LC3C,2.242629808568825
FAM66A,1.1535875113947114
PIM2,8.814815679124882
DAOA,0.003258249772105743
FBXW8,8.897212488605286
GGTLC1,1.7923980856882404
THRB,8.650969826800376
GGTLC2,5.388717593436651
GPS1,10.912684776663628
SLCO1A2,1.3722770282588888
BRCC3,9.491130264357343
TWISTNB,8.991684867821315
SNORD115-20,0.0
SNORD115-22,0.0
SNORD115-25,0.0
ZNF346,8.20895551504103
SNORD115-26,0.14947930720145852
GDI2,12.705319051959886
SMAP2,10.14043527803098
GDI1,11.71998268003645
ARL5A,9.722154512306282
CBY1,9.14646873290793
ARL5C,0.33778760255241536
ARL5B,7.923167912488614
SFRS4,10.706188787602551
ADAM5P,0.043973564266180494
ERLIN1,9.927570373746594
ERLIN2,11.008261987237924
TM9SF1,10.976988149498627
SPG20,9.690482041932539
GABRQ,1.0803438468550595
GABRP,7.862885597082963
APITD1,7.967106654512316
KRT17,9.228215132178667
KRT16,6.096050592525066
KRT15,9.616479489516873
KIAA1107,6.583232360984499
KRT13,2.034670464904286
KRT12,0.5703422060164082
OR2G2,0.007503555150410211
KRT10,8.763398359161348
GABRE,5.247413947128535
GABRD,5.768800091157698
CRIP1,11.670487329079288
WDR38,1.1109375569735656
CRIP3,1.6204474020054689
CRIP2,11.570549680948039
SEC22C,9.305102917046494
PCYT1B,3.5033685505925316
GIGYF1,10.150265633546033
GIGYF2,10.896773928896998
WISP3,2.5332571558796704
NBPF7,1.2135197812215126
NBPF6,3.138101367365538
TLE1,9.291020692798556
MIA2,0.5080612579762993
NBPF3,7.332265268915226
NAPEPLD,8.706708386508648
NBPF1,9.165047037374661
TLE4,7.637049316317221
SPTA1,1.8206748404740212
SLC26A8,2.0534461257976298
HGSNAT,11.265825615314501
MTFR1,9.40129753874204
PLP1,3.894135551504105
PLP2,11.236718140382864
THSD1P1,6.762496627165004
CDC6,8.556305651777576
CDC7,7.6538164995442095
CLEC5A,6.440177028258884
TM9SF3,12.419800455788511
FCAMR,1.159211030082042
CRYZL1,8.19947894257065
LOC100270804,4.376374658158621
SERF2,13.070003008204187
HIST1H2BI,0.37363327256153134
PCDHB13,5.506782315405649
OR4L1,0.003710391978122151
PCDHB11,4.16416308113036
MSLNL,0.8418745670009105
PCDHB17,2.070714311759345
PCDHB16,6.800849498632627
PCDHB15,4.6021072926162265
HS2ST1,9.840543208751129
TRIM36,6.609170464904282
PCDHB18,2.989956517775749
C10orf10,10.114426982680035
C10orf11,4.952729808568825
C10orf12,6.855963719234267
N4BP2,7.389578304466727
SPATS2L,10.546767912488614
SRPX2,8.284059708295347
C10orf18,11.0219713764813
NAT2,2.654832269826804
NAT1,9.64022278942571
NAT6,7.222778395624424
USP6NL,9.030071558796708
SNORD114-29,0.0
SIGLEC6,2.663735004557892
SMOC1,5.23861586144029
GLO1,11.788199817684578
TMIE,2.207929535095716
FAM41C,3.8009993618960825
TNFAIP8,8.215759981768473
FAIM2,5.785782041932538
FAIM3,7.983456791248862
EEF1DP3,1.5948148587055613
SNORA27,0.07706016408386507
ZNRD1,8.470887784867822
NR4A1,9.879369644484951
ZNF385D,4.635053600729264
SDC1,12.528967274384698
MFSD6L,4.8917153144940775
CCBL1,6.519047766636275
PTPRS,10.20852151321788
CCBL2,9.137368185961716
KCNC4,6.922978122151325
FABP12,0.02272716499544212
SDC3,11.031830993618957
COX5A,10.506595259799456
COX5B,10.569259617137666
KCNC3,6.948292616226073
WDR11,9.960223883318152
TH1L,11.023623609845034
KIAA2022,5.700109845031903
PGM5P2,1.2704902461257968
KIAA2026,9.46667484047402
LOC401588,5.8642192342752955
CPSF7,10.898423974475854
CPSF6,10.86506800364632
GRIA2,3.727131449407474
CPSF4,8.729186417502278
CPSF3,9.860070191431188
CPSF2,10.427940565177762
CPSF1,10.763822698267989
LOC257358,1.3244252506836836
OR1A1,0.0037288969917958063
NMT1,11.118158340929792
IFT81,8.367916317228797
MAD1L1,8.604137374658148
SIGLEC1,8.280182133090241
OR3A4,0.009977028258887874
ACAA2,9.866755332725614
ACAA1,10.160042114858703
HTT,11.131579033728368
OR3A1,0.2568492251595258
OR3A2,0.6374946216955334
OR3A3,0.07174484958979038
SIPA1L1,9.929567912488599
APCS,0.046768732907930724
FAM100B,9.331358432087496
SIPA1L2,9.732547766636296
WHSC1,10.770229899726548
INPP4B,8.628830993618957
TTLL5,9.300146672743852
TTLL4,8.999657155879675
TTLL7,5.902029626253421
LTBP4,9.507170464904283
LTBP3,11.153789152233344
ARIH2,10.322998268003637
ARIH1,10.702163445761146
TTLL2,1.1205469462169548
AGPAT3,11.1826875113947
RNPC3,7.247620328167732
TTLL9,4.10258049225159
QKI,10.475941841385593
ZNF324,7.649907474931644
TEX28,0.0012550592525068368
VPS35,11.532215041020969
PSIMCT-1,4.152164448495896
SUFU,9.334765451230618
APC2,3.0542162260711043
PLA2G4A,5.8398486782133165
PLA2G4F,5.7702779398359185
PLA2G4E,0.3654649954421148
PLA2G4D,1.7817776663628082
CRAT,10.500111485870564
OR8H1,0.008106016408386508
OR8H2,0.0037300820419325434
IPO5,11.583711030082043
SLC35F1,3.252126253418414
LRWD1,8.416182406563353
SLC35F3,4.19327821330903
SLC35F2,8.341791795806733
MBD5,8.125040382862357
MBD4,9.80969617137649
?|653553,8.227059525979955
MBD6,10.471490884229715
LOC286094,0.03280382862351869
MBD3,10.255680765724696
MBD2,10.670498632634473
CMTM2,1.436355150410209
CMTM3,10.148977757520502
CMTM1,6.6706873290793025
CMTM6,11.41273172288058
DEC1,0.09687556973564262
CMTM4,10.26878942570648
CMTM5,1.0286443026435736
LOC653566,10.821299635369195
TSPAN19,0.11458268003646305
COL11A1,10.634455332725624
COL11A2,3.5363837739288946
TSPAN10,4.875891522333643
SLC17A8,0.6948175022789425
TSPAN12,7.451175660893359
TSPAN13,12.263260437556962
TSPAN14,11.163300455788512
TSPAN15,10.905128988149487
TSPAN16,0.16396043755697368
SFTPA2,3.027235916134916
REXO1,9.142291795806761
HEPACAM2,3.874433454876931
REXO2,9.334808568824057
FAM13A,8.423037921604367
REXO4,9.16982342752963
SLC25A19,7.9545839562443055
SLC15A3,9.190370647219677
SLC25A17,9.423754056517788
SLC25A16,8.138171194165912
KIAA1429,11.215193072014582
SLC25A14,7.360952142206009
CAMLG,9.765659617137652
SLC25A12,9.007714585232447
SLC25A11,9.879846763901547
CHRFAM7A,3.6365675478577995
LOC100133161,5.1349783956244295
LMCD1,9.784759525979954
TUBA3C,1.7822588878760257
TUBA3E,3.7047457611668237
SMCHD1,10.262194986326346
RNF216,10.198008204193249
LOC340074,0.22730282588878772
ZNF321,6.048030628988149
USP29,0.02782661804922516
ZNF676,2.9037869644484977
TTC23,7.887605742935276
CCDC14,9.55262835004558
EAF1,9.944572379216057
EAF2,6.048759981768457
CCDC17,2.9156734731084772
LAD1,9.545447219690057
CCDC11,5.023644849589787
CCDC12,8.836244211485864
CCDC13,3.1071593436645397
NUP107,9.92598523245214
CCDC18,6.127264813126699
CCDC19,6.14221267092069
SRA1,9.25755770282589
RBPJL,0.1840332725615315
TMUB1,9.092281494986317
ZNF320,9.011455150410194
TMUB2,9.58968860528716
ZNF649,8.000500820419314
JAZF1,8.155337192342762
KLRB1,4.596855332725612
FLJ45983,6.784132087511392
?|10357,6.738837465815862
KIAA1644,5.577813126709211
FAM100A,8.681501731996349
SIPA1L3,10.730304740200532
SYNCRIP,12.040363628076573
HSD17B3,1.2878570647219674
RBM46,0.5098154968094806
TRIM34,7.7002085688240625
ALDH1L2,8.214917411121247
ALDH1L1,3.7389120328167773
ZNF280D,9.301447402005467
ZNF280C,6.620538195077492
ZNF280B,3.716050865998173
ZNF280A,0.5955155879671834
GK3P,4.348221695533267
GNG7,7.40126991795807
GNG4,5.252225250683681
GNG5,10.738432634457602
DBF4,8.095955332725605
GNG3,2.5913110300820437
VIT,4.3580969006380945
MMAA,8.009876754785768
MMAB,8.987155788514128
GNG8,0.15734603463992705
RAB19,3.869970100273475
SLC17A4,0.154797903372835
ALG8,10.037502917046476
ALG9,8.948866180492267
PARN,10.635884047402017
FUS,12.272765633546037
USP6,5.555089516864182
GTPBP10,8.393118413855976
ALG2,9.71389507748404
ALG3,9.961678760255255
TMEM17,5.845147219690065
ALG1,9.531033181403838
ALG6,8.606882680036462
ALG5,9.273246946216954
TMEM88B,0.11991494986326344
UBE2MP1,6.4689978122151315
PI4KA,10.961076845943484
TTLL6,1.4603391978122153
SMARCE1,11.645836645396543
PDXP,8.011368732907924
COX6B1,11.540971649954413
COX6B2,2.6049510483135814
STAM,9.172702461257986
FUK,8.495623701002735
LTBP2,11.515920328167738
KIAA1683,6.124955150410206
KIAA1324L,8.049441385597088
LTBP1,10.249319690063802
TTC14,9.43997985414768
CCNE2,7.761628988149496
HAR1B,1.4934885141294447
HAR1A,2.9207815861440265
CCNE1,6.348056700091159
MAGEL2,3.865650592525061
INSL3,1.5753690063810413
CLDN8,6.006907383773927
CLDN9,3.8036640838650873
FIG4,9.17005451230627
NOSIP,9.507563628076577
GCC2,9.913209206927993
GCC1,9.643492160437566
TBC1D8B,7.887909662716507
CLDN1,8.257778304466727
CLDN2,2.3500116681859597
CLDN3,10.040335551504118
CLDN4,12.19344393801279
CLDN5,6.9687706472196895
CLDN6,1.4806299908842298
CLDN7,10.896420601640823
FIGF,3.0332045578851417
RASGEF1B,7.335992433910663
RASGEF1A,6.7002823154056514
C6orf168,7.347752142206028
FIGN,4.496059161349136
LGALS7B,1.8189606198723816
TBC1D19,6.683665360072928
RTN1,7.609064357338193
MAGEB2,0.4381635369188698
MAGEB3,0.07044840474020053
UQCRFS1,10.536049863263425
MAGEB1,0.6290737465815865
CYTL1,3.884911212397444
MPHOSPH10,9.955735551504093
MAGEB4,0.8392166818596174
OR6A2,0.05239608021877849
RTN3,12.289166545123049
KIAA0114,9.396755332725608
MRFAP1,12.63664986326344
SERPIND1,0.9098906107566094
IRF3,9.601492251595255
C6orf48,10.380261075660894
IRF1,10.119728076572475
LOC374491,1.231745214220602
IRF7,9.34220328167729
IRF6,10.17975350957157
IRF5,7.92970127620784
IRF4,5.897298359161355
C6orf41,2.7010882406563357
IRF9,10.532048222424796
IRF8,7.999870829535106
FAM78A,7.3350304466727465
C6orf47,9.468245214220614
FAM78B,4.31051139471285
LY75,8.516014949863273
CLUL1,5.486278577939828
SNX29,9.279031449407473
SMPD1,9.47297164995441
SNX22,7.65379380127621
CLK1,10.38726636280765
CLK2,9.70093245214221
CLK3,9.483352871467646
CLK4,8.501648404740209
SNX27,10.499986782133094
SNX24,7.8162970829535245
SNX25,8.55340246125798
CSF2RB,7.836895077484055
SGCD,8.016563992707388
NPEPPS,11.195725524156815
INMT,5.6883850501367395
MRPL24,10.63343081130355
GPER,5.871901367365544
ONECUT2,4.011651595259801
ONECUT1,0.2700403828623517
PIGT,12.128876937101182
LAMB2L,4.186312215132182
METT11D1,8.922023154056507
SLBP,10.039894804010927
KIAA1586,6.999533546034646
C16orf70,9.155779307201444
PANX2,6.001429079307199
LOC388588,4.958067092069277
PARP4,10.506483318140383
FECH,9.410154329990883
MRPL20,10.30895925250683
U2AF1L4,6.886063445761168
PTPRE,8.6553454876937
POLR2H,9.84705296262535
ZBTB10,8.88290455788515
LOC90784,8.246137283500454
MRPL23,9.050794074749318
MRPL22,8.752241841385603
RCOR1,10.05119845031904
TEX101,0.19549352780309934
ADAP1,7.428894074749313
C3orf64,8.521046855059257
TMEM150C,7.965577392889695
ADAP2,7.968090884229721
ZNF641,7.127161987237924
C1orf159,7.50937538742023
C1orf158,0.6942658158614409
C1orf157,0.5827405651777579
C1orf156,7.983904557885135
DDX19B,9.309101823154059
SPATA13,8.454113035551517
C3orf66,0.13384639927073846
C1orf151,10.178202187784873
C1orf150,2.107563628076573
KLHL10,1.2370604375569727
ACVR2A,8.17991677301731
ACVR2B,8.467360437556966
C4orf22,0.37225551504102106
KLHL14,3.246422151321789
KLHL15,7.989350136736551
C7orf69,0.3951998176845946
KLHL18,8.771713947128537
GAB2,9.534041841385589
WDR16,1.4513573381950757
DAB2IP,9.996301823154058
GAB3,6.172198541476762
TRIM68,7.456368003646308
TRIM69,4.287317228805827
TAAR8,0.008945761166818595
OR8H3,0.0023395624430264357
MTOR,10.572740656335455
C4orf27,8.525290063810393
UNG,10.112670009115758
TRIM60,0.013706563354603464
TRIM61,1.4136139471285318
TRIM62,8.188318049225149
C4orf26,0.7554257976298985
TRIM64,0.0030028258887876023
ST6GAL1,10.348900911577013
TRIM66,7.950023336371922
TRIM67,2.253098632634458
HABP4,7.748040929808575
SNRNP70,11.35763254329991
OMG,1.4148207839562434
ITK,5.858221877848677
OMD,7.025606381039194
ZNF664,12.0131483135825
DMRTB1,0.07770054694621695
C2orf63,6.03274184138559
C2orf62,1.8815687329079327
C2orf61,0.5616268915223336
C2orf60,7.707996718322708
C2orf67,8.171551959890616
C2orf66,0.8362514129443923
C2orf65,4.253959525979944
C2orf64,8.998817502278943
ZNF853,7.530906289881491
C2orf69,8.866036827711937
C2orf68,9.688530902461238
NPTX2,4.931888331814044
NKD1,4.570139288969919
NAGPA,7.8816269826800385
NPTX1,3.5478484958979055
FLJ45340,9.38853108477666
RAB10,11.823211759343653
LOC647121,5.4320459434822235
SLU7,10.113801276207832
LOC100133985,3.0597974475843195
TPPP3,7.868850501367368
IER2,11.16439762989975
NDRG1,11.88137402005469
SC4MOL,10.078331996353711
LRRC8A,10.400202005469458
PRCD,2.5447817684594374
HIP1,10.281002917046484
NDRG2,10.152053509571555
FAM192A,10.213187511394723
SHE,7.060062078395632
C13orf33,6.738359708295351
SERTAD1,8.607029535095709
C13orf31,7.795323245214214
C13orf30,0.7476278030993618
C13orf37,8.729657885141291
C13orf36,0.6319731996353679
C13orf35,0.14445505925250685
C13orf34,7.33060391978122
ZSCAN1,2.942583318140383
C13orf39,0.21084567000911578
C13orf38,2.232227803099362
CMTM8,7.353359525979944
NPTXR,8.772596536007288
LOC728190,7.225202278942584
ZNF469,8.667367730173208
SPATA17,5.811686235186866
LOC100130987,3.422494257064721
TCP11,1.055790793072014
MBD1,9.826767821330904
GIN1,7.050023062898826
SLMAP,10.194176116681861
TTPA,1.9375781221513244
TFAP4,8.150371376481305
RRN3P1,3.8801148587055554
SND1,12.14577493163172
KLKB1,1.9996298997265256
PAQR5,7.102916773017321
SNORD116-20,2.393466180492256
SUPV3L1,9.148922880583406
PYDC2,0.0027304466727438473
PYDC1,3.428178669097541
RDX,10.096554421148591
CYBB,9.765598723792143
SLN,1.6433066545123047
CYBA,9.829678942570633
CEACAM19,5.43463710118506
CEACAM18,0.0007824065633546036
LMAN1L,0.8257261622607114
HMHA1,9.154026435733824
CEACAM16,0.48370711030082025
CTNS,8.424175478577938
CIDEC,4.686869371011852
DHCR24,13.615407383773958
KY,2.642688696444852
PRCP,11.279327711941662
PPM1A,10.748202917046488
RAB15,9.562519143117603
NOTCH4,8.650426618049233
PHGR1,2.361601731996355
MEAF6,10.834851321786676
MSMP,4.9092167730173255
AZIN1,12.269667183226996
LCA5,7.100763536918865
NOTCH2,12.294033090246105
CMTM7,8.34006690975387
FAM126B,8.848495259799437
EGR3,8.139548860528715
ZNF655,9.830684320875108
TCTEX1D2,7.3517211485870515
TCTEX1D1,3.096891248860525
MLPH,11.751755423883326
PPM1M,8.709939835916131
ZNF653,6.6771202370100236
TCTEX1D4,2.124691340018232
HSF1,10.772307474931655
TRMT112,11.023711941659094
FGFRL1,8.938090337283496
HSF2,8.352286144029172
CRLF2,0.30390063810391976
CRLF3,8.392129352780309
RNF14,10.449465268915231
CRLF1,5.265710118505012
NISCH,10.708070738377385
PRPF4B,10.769895715587968
C7orf55,7.582456426618056
C7orf54,1.2163147675478572
C7orf57,1.0721803099361886
N4BP2L2,10.064857520510483
C7orf51,2.7615443938012807
C7orf50,9.934302917046477
C7orf53,3.887543482224246
C7orf52,0.6654617137648128
RNF175,3.2457416590701937
C7orf59,9.991378213309043
C7orf58,7.065127256153149
NUDT13,5.240323792160446
TPTE2,0.6118814038286239
RNF130,10.673755970829546
PRSS50,2.5607033728350004
ZNF384,10.20353500455788
PRHOXNB,0.04553755697356427
POC1A,7.787167639015495
C1RL,9.819455788514134
RAPH1,10.504347493163158
TAOK1,8.480372835004541
VPS39,10.701468641750212
PARK7,11.918089608021884
NAALAD2,3.5292339106654538
RORB,2.497985688240661
RORA,8.231208113035548
PARK2,4.96977657247037
ZNF479,0.06951750227894257
RNF133,1.2314680948040106
MST1P2,5.22437629899727
SYS1-DBNDD2,4.6126681859617165
STXBP5L,1.5305521422060164
ZNF471,6.304036007292625
ZNF470,7.175789152233365
ZNF473,8.231829535095704
DMTF1,9.633491978122134
MST1P9,3.5697796718322703
GUSB,11.066272835004561
PRSS53,4.999951230628983
SCARF1,7.203055332725613
TELO2,9.516043482224244
HLA-DQB2,6.667171832269829
KRTAP3-2,0.15667529626253415
KRTAP3-3,0.4060923427529627
KRTAP3-1,0.6295570647219694
JMJD4,9.49404029170465
RNF139,10.34094904284412
MDM1,8.050331814038282
MDM2,11.001059070191419
SEP15,11.49909808568825
MDM4,9.965857702825886
ROR2,8.487403281677302
ROR1,5.0796336371923445
LOC285375,0.030882771194165912
LOC285370,0.015113673655423883
SNRPD2,11.364710209662695
SNRPD1,9.784358067456704
NR1D2,9.99993436645396
SLTM,11.002567456700078
SFI1,8.844793801276218
LOC646982,0.8139811303555147
CPB2,0.6370759343664538
CPB1,6.553961257976301
KIT,8.414400455788531
KPNA7,1.8793296262534194
KPNA6,10.997643117593428
KPNA5,5.833508204193259
KPNA4,10.892083409298086
KPNA3,9.923320692798535
KIN,8.018408021877846
EDAR,1.702964357338196
ZNF397OS,8.261010665451233
PKP3,10.26986745670008
TTC30A,8.480267000911573
CRP,0.4752309936189607
WDR90,9.294580765724712
IFT46,9.20002980856882
PAR4,0.04346134913400182
SPATA18,7.185354694621694
UNC119B,9.643042661804927
CRX,0.08899945305378303
SLC25A18,3.817916773017322
OR6S1,0.030081859617137656
ZNF749,6.370826435733817
FRS3,6.62263874202371
FRS2,10.20683655423883
GOLT1B,9.886574658158617
GOLT1A,6.73486627164996
CRK,9.712710847766626
CRH,0.1718301731996355
TTC30B,7.8974405651777575
SLC25A15,8.67844621695534
RPS16,13.342386052871484
TNFRSF19,8.293234001823143
OR6C75,0.004711941659070191
GLDN,5.093520692798541
CHODL,3.2799704649042853
GLDC,4.222102187784866
TRMT2B,8.569828988149498
QPCT,7.578892798541476
PC,9.31777848678213
FOXC2,3.3665621695533274
CASP9,8.127447402005476
B4GALT1,12.49875241567912
B4GALT3,10.579513764813123
B4GALT2,10.150231905196014
B4GALT5,10.597609845031904
B4GALT4,9.05544175022788
B4GALT7,8.928727803099356
B4GALT6,5.850043482224245
FCN3,4.0243310847766605
FCN2,1.8976468550592527
FCN1,4.465365177757522
ROMO1,9.465774384685496
OR5L1,0.0032981768459434823
DHRS11,7.50058012762078
DHRS12,7.722040565177757
DHRS13,8.05538441203282
SGOL1,6.123914038286239
SGOL2,7.96352570647219
FOXC1,7.523868459434818
LOC285954,1.4017318140382846
TBC1D13,9.648458523245221
GPR89B,4.423040838650871
GPR89C,6.270653783044679
GPR89A,10.079216317228806
RFX1,8.645433363719231
CR2,3.15673381950775
ASPSCR1,8.848982771194171
CR1,4.325835824977211
TNFRSF1B,9.347373108477667
WDR19,8.753793983591617
LGMN,11.138509389243383
TNFRSF1A,11.132029079307191
FAM174B,10.193943755697356
FAM174A,8.476771467639015
CYP19A1,2.517349134001825
PTPN9,10.003642388331825
TBC1D17,9.665363628076564
SPRN,6.415248860528723
PPP1R9B,10.671636736554236
LOC284023,6.688805104831361
SULT2B1,7.211504557885145
L1CAM,5.3168537830446745
GPD1L,10.454464630811298
TBC1D15,9.97945168641748
RFX2,6.7742257976299
POLR2J2,7.459995533272558
POLR2J3,9.380447948951682
C6orf217,2.415299908842299
VMAC,6.9252820419325465
C6orf211,10.588137921604384
PAX2,3.53403154056518
ZNF419,7.488374384685502
C6orf218,1.2007459434822236
PTPN3,9.499379216043755
SIGMAR1,10.31947657247039
CAPS2,4.82019416590702
GCFC1,9.278201549680938
ZNF671,6.760435916134912
ARNTL2,5.609838195077472
PTH2,0.03886645396536007
EHMT1,10.472440382862354
EHMT2,10.774487420237026
ADIPOR2,11.490162260711031
CCDC15,6.197483773928898
WDR83,7.427246399270735
PTPN7,7.016725979945298
HPRT1,9.521726162260702
PTPN6,9.9223448495898
MARK4,9.713681130355509
FOSL1,5.214246946216956
MARK1,6.721045943482229
MARK2,10.76438404740199
FOSL2,10.594541476754788
GRK1,0.28393345487693694
RG9MTD1,9.281585232452148
MCOLN2,5.642890610756614
S100A4,10.165519143117596
RPPH1,4.162960164083866
FOXF1,3.510946308113036
IGBP1,10.324498268003634
NUP54,9.471782133090242
CD63,13.37557028258889
FOXF2,5.597965086599815
SERPINA1,10.67716171376481
NDUFA13,11.164888058340928
CD69,6.193237192342756
CD68,11.084819416590715
PAGE3,0.010851595259799453
TPD52L2,11.367933728350051
MAGEB16,0.14531276207839558
TERF2IP,10.40606362807657
TPD52L1,9.730694804010925
EFCAB10,2.308001458523244
CA5BP,7.882485505925243
S100A7,3.593422424794896
SLC18A3,0.13863773928896994
CELA1,0.25524375569735647
VSX1,0.9044042844120324
ISOC2,9.597053418413848
ISOC1,9.729329261622608
HSPA1B,11.15447584320875
CAPSL,2.7884650865998135
KRTAP24-1,0.01689945305378304
ACTR3C,5.086248222424797
ACTR3B,7.770519598906121
TMEM121,6.149552415679133
WDR12,8.825765907019134
OR7A10,0.0040361896080218776
CHRD,7.934634548769367
WDR17,4.087543664539656
OR7A17,0.0016259799453053783
TMEM175,8.504880127620781
ARV1,9.13052051048314
S100A6,12.437875296262547
GABPA,9.552448131267091
PSCA,5.18520401093892
SPIRE1,9.63342114858705
PF4,0.16487675478577943
AOX1,6.622346946216958
LMF1,8.40831239744757
GPR55,3.283224339106658
JHDM1D,9.437363172288055
PPP1R1C,1.4530587055606219
C1orf210,7.959885688240648
C1orf212,9.181577939835908
C1orf213,5.357197538742019
TIMM9,8.981820145852328
C1orf216,8.91950182315405
SLC16A14,7.7658571558796785
PIK3CB,10.039872926162264
NCRNA00230B,0.008262898814949864
USP9X,11.945217137648122
USP9Y,0.1857497721057429
LRIT1,0.03670191431175936
WASL,10.86367146763902
PAEP,1.3302647219690071
ZMYND11,11.369715223336355
BCL9L,10.986499544211478
ZMYND19,8.589827347310841
ZNF644,9.939954785779394
SHOX,0.33106791248860545
UTRN,10.838000182315424
SLC35B1,9.95645278030993
WASH2P,7.895165451230636
CLEC3B,7.0947852324521445
KRT33B,0.28297219690063796
CGGBP1,11.041499726526904
CLEC3A,4.74954685505925
AMBP,3.3035645396536037
ZNF786,7.765896444849584
UFSP1,4.803372835004561
ZFP41,8.409757611668189
AMBN,0.07808149498632634
ZFP42,0.7783553327256152
CARNS1,4.6201961713764845
PHGDH,9.747328532360985
HSPA1L,6.13489653600729
VSX2,0.6777163172288051
MAD2L1BP,8.95787228805833
HSPB6,7.340877848678216
DGKZ,9.648851139471287
C10orf35,7.721386052871465
C10orf32,9.159969188696452
HSPB3,0.3344784867821331
HSPB1,12.843392160437558
PKN1,11.272908204193252
PKN3,7.4672525068368385
LRCH3,8.187978486782129
SNORA45,0.08031959890610758
HSPB8,8.798324886052871
HSPB9,1.553736098450319
NCRNA00157,0.027254056517775755
TPH1,2.0049089334548778
IDH3B,10.33107155879673
NCRNA00152,7.845042297174106
RHOBTB3,10.180999270738383
RHOBTB1,8.827304375569733
INO80D,9.088993436645397
IL21R,6.095282680036454
INO80B,7.821454785779401
INO80C,7.646162443026429
NCRNA00158,0.6636175934366447
DIS3L2,8.651040291704648
KIAA0913,10.549537921604355
FAM43B,3.8937546946216925
FAM43A,7.203627894257059
SCGB1C1,0.1779958067456701
ZNF784,6.956420237010016
TEX261,11.18092133090247
PLOD2,10.24878641750227
UTP14C,10.067907292616232
CMPK1,11.563994257064731
LMF2,10.307405560619882
PGA4,0.12898869644484956
CMPK2,7.964627347310857
KCNE2,3.319225524156789
KCNE3,6.7365591613491285
FKBP9L,5.702322515952598
KCNE1,3.3027903372834952
FAM124B,4.949015679124888
ERBB2IP,11.094017137648146
FOXE1,0.757469644484959
FAM124A,4.490679033728354
TEX264,10.131694530537834
PTDSS2,8.945267000911587
C5orf27,2.265691704649044
LDLRAD1,1.408565633546034
LDLRAD2,6.92821422060165
DCD,1.7058570647219686
HPCA,2.5573739288969866
TICAM2,6.825074384685515
SELO,8.355562898814956
NCRNA00120,4.602566362807656
A2BP1,0.5875720145852328
CYP2F1,0.5045340929808565
RFTN1,9.29389352780309
HTATIP2,9.323923154056523
LIG4,7.974098176845948
PMS2L5,6.250147857793983
CSNK1D,11.753569188696437
CSNK1E,10.926301823154056
LIG1,9.655086508659979
PMS2L2,5.960166362807654
BDP1,9.74717857793983
DEFB134,0.0014541476754785778
DEFB135,0.0027432999088422973
DEFB136,0.0012315405651777574
DEFB130,0.000661440291704649
DEFB131,0.03195715587967184
DEFB132,2.354839380127623
IREB2,10.190483135824978
ISCU,10.26277684594348
MRS2P2,1.379572926162261
ZNF789,6.182185414767544
EHBP1L1,9.685062443026434
ALS2CR8,6.90769243391066
FNTB,9.260043755697335
BOLL,0.32982680036463047
SNORD29,0.0
TPSD1,3.1969580674567
UMODL1,3.3581660893345417
ADAMTS20,0.8206542388331811
NKX6-2,0.022439927073837743
ALS2CR4,9.087502005469473
C15orf55,0.47076262534184127
AFARP1,1.7821198723792118
DPY19L2P4,3.0309536007292617
EVI5L,8.529614858705559
CRCP,10.084505834092957
DGKA,8.643373655423897
KCTD17,7.350881403828619
DPY19L2P1,2.4119885141294444
CSPG4,9.140295168641765
CSPG5,5.0934476754785845
KRTAP10-7,0.009748131267092069
KRTAP10-6,0.029360893345487693
KCTD19,1.4232816773017316
KCTD18,8.615468368277119
KRTAP10-3,0.016392980856882407
KRTAP10-2,0.04555168641750227
KRTAP10-1,0.01779143117593436
TNFSF13B,6.144235369188702
ZKSCAN3,6.355045578851414
ZKSCAN2,7.931640291704645
ZKSCAN5,8.661764813126709
ZKSCAN4,7.011218687329082
LOC100240726,0.8657404740200545
THEM5,1.802779216043754
KIAA1409,2.4262968094804043
LOC100132724,1.7776778486782137
FPGS,9.83364731084777
GLIS2,9.488543208751135
GLIS3,6.959098450319056
GLIS1,3.4177346399270774
H6PD,10.930670738377396
FNBP4,10.128131175934357
CYP2S1,6.1659480401093845
SLC25A37,8.549853874202372
SLC25A36,10.34054175022788
BCHE,3.715123427529626
DCP1B,8.588157520510467
DCP1A,9.35513436645395
GPBAR1,3.338436371923434
TMEM106B,10.575759343664537
VIM,14.16718286235188
SLC25A39,11.438943938012756
C15orf33,4.719691704649036
TGM5,2.6114738377392874
TUBA1C,11.931997629899728
LOC100190940,0.3422432999088424
TUBA1A,12.31998432087511
TMEM106A,7.259871467639019
FAM23A,2.118829352780311
VIP,1.1000439380127627
AJAP1,3.0635390154968083
IGSF11,1.9842876937101184
MMEL1,4.0288728350045515
TMEM182,6.512631996353697
TMEM181,10.620354785779394
TMEM180,6.3439855970829475
TMEM187,8.06994895168642
CHMP5,10.64901103008203
IL10RB,9.464959434822243
GNG2,8.26028778486781
RIBC1,5.69074430264357
TMEM188,7.826884138559709
PDZD3,0.6775482224247958
SLC7A6,9.698993436645397
FAM102B,10.029344484958983
FAM102A,11.821605742935274
CNTD1,5.6507097538741995
PRH1,4.812733272561527
PGBD4,4.9169453053783085
RIMKLA,6.111856061987235
S100A7L2,0.0
PGBD5,6.0310927073837775
SMCR7L,9.884704193254336
PALB2,8.669468277119412
SCGB1A1,0.40913846855059277
ZMAT2,10.764961713764817
PGBD3,6.54114102096627
OR7C2,0.005068094804010939
TAF6,10.307460528714666
TAF5,6.806767912488602
OR7C1,0.7637382862351861
TAF3,7.765218049225151
TAF2,9.861258340929805
RNGTT,8.640132999088415
G6PD,10.317952780309918
G6PC,0.12966089334548764
OSTCL,2.5068017319963567
TAF9,10.269257793983602
ELMO1,8.346075843208743
TSPAN32,3.149134092980856
TSPAN33,8.42759626253418
TSPAN31,9.933663719234277
ELMO2,10.285169188696441
LOC653544,0.08191631722880584
LOC653545,0.0
POMT2,8.8843581586144
AIF1,8.438533728350048
USP17,0.05340993618960802
AGPS,9.848776481312653
ALAD,10.236302643573378
LY6G6D,0.1615376481312672
FOSB,8.544854512306285
DKFZp779M0652,1.44502771194166
POM121L8P,0.8588048313582498
PPAPDC1B,9.855289425706475
CCNG1,10.642701458523247
CCNG2,11.099540382862328
PDXK,11.258210665451237
LY6G6F,0.12751385597082956
SNORA48,0.2775740200546947
CNO,8.23079890610758
LRRCC1,9.31753992707383
NPLOC4,11.293720692798546
TMEM86A,8.51265086599819
TMEM86B,5.601984412032819
LGALS13,0.0036920692798541477
FNIP1,9.703631175934348
FNIP2,8.430532907930724
USP19,10.34336727438469
PIK3C2A,10.384872014585236
VSIG8,1.6093539653600744
LGALS14,0.4288549680948042
LOC100130386,0.7169834092980858
GTF2A1L,1.4120600729261625
LOC644172,3.493761713764811
AP2M1,12.701425341841379
OR5K4,0.003438559708295351
PPIAL4B,0.004386964448495897
NPM3,8.244545578851403
PDCD6,10.952066362807644
PDCD7,8.840952324521425
PDCD4,12.243677575205085
NPM2,2.573585597082955
LOC285033,5.069015679124885
TCF21,0.788449772105742
PDCD1,4.332380948040107
UGT3A1,0.47225633546034673
PPIAL4G,4.878616864175032
LOC100128023,0.13438340929808568
FUZ,8.17016353691887
HDLBP,13.818320054694617
PRKCE,7.650624703737461
PROK2,0.6562709206927986
PBLD,7.272807110300821
OR5K1,0.12216116681859619
OR6C3,0.005765998176845944
DSG2,11.574268094804017
ERP44,10.440489699179585
C6orf27,4.916520328167732
C6orf26,4.486166362807653
C6orf25,1.0203508659981766
DSG3,5.695511668185955
GCAT,8.070563719234277
GHSR,0.10002470373746579
N4BP1,10.219607748404739
TP63,6.722757976299004
HIST2H2AA3,9.56383719234274
VPS26A,10.540959070191438
VPS26B,10.404353691886971
KLRD1,4.378999635369188
ZNF101,7.149623336371921
PRKCD,10.787015314494068
PGPEP1,9.2213130355515
FLJ39653,6.089423792160438
ZC3H7A,10.023941476754764
SREBF2,11.548518960802186
OR13G1,0.14981431175934368
SLC29A4,6.462843208751144
OXCT1,9.279302917046477
DSG4,0.3774893345487699
OXCT2,2.127171467639017
SLC48A1,9.3577131267092
TXNDC17,9.46962388331813
STAC,4.4357792160437555
CIC,10.603985505925237
KARS,11.286230173199627
TMEM20,5.482944758432083
RAB39B,5.1676926162260655
KIF16B,9.951818413855976
SSRP1,11.855639015496823
LOC100128292,4.193587876025522
IL12B,1.9806585232452163
IL12A,2.708461257976299
TMEM26,7.038813217866914
IRAK1BP1,5.324270191431177
LOC389332,0.9292012762078393
SPINK8,2.557065177757521
CIT,8.579211394712855
SRF,10.322450227894251
ASAM,7.376461440291709
TXNDC12,10.505702917046493
WFDC9,0.0026040109389243392
PRO0628,0.5905815861440298
TSSK3,4.2410830446672785
C1orf97,7.355760437556971
LOC283392,1.688357429352781
TRPV3,1.9436070191431167
TAF6L,7.903593254329994
C1orf96,8.77833391066546
SNUPN,8.865316043755698
SHPRH,8.085931996353697
DAO,0.20762497721057405
TATDN1,8.770121239744766
ST8SIA2,3.9035488605287094
FIGLA,0.25047347310847756
DAK,9.81027274384686
C1orf175,3.3434231540565165
C1orf174,8.67422515952598
C1orf177,1.0442441203281674
DAP,11.867169917958034
C1orf170,5.147106381039196
C1orf173,3.8450577939835933
C1orf172,8.694209024612585
MLANA,1.4056278030993619
FOXO3B,9.702235916134908
MTA1,10.01006089334548
MTA2,11.044899179580682
C1orf92,0.7958440291704648
LRP10,12.059634184138552
LRP11,10.175125888787607
LRP12,8.008449772105735
RIMBP3C,2.138163172288059
CUBN,4.796617684594347
ZNF329,8.521318960802187
GAPDHS,1.1573032816773012
GPC1,10.410430355515055
GPC2,4.485568550592529
GPC3,7.24786052871468
GPC4,9.736144576116693
GPC5,0.977463445761167
GPC6,7.782888331814035
ZNF485,6.412396718322703
LRFN5,3.3399546946217002
HEPH,8.69848988149498
KRTAP15-1,0.0028357338195077486
MTAP,9.274981039197819
C21orf15,3.320761896080218
BICD1,6.724477028258878
BBS9,8.007966818596165
SEC22B,10.843087329079307
SEC22A,8.492678395624427
SLC16A10,3.7208974475843224
BBS1,9.692503828623526
BBS2,9.396864721968997
BBS5,7.637533454876934
BBS4,8.66132406563355
BBS7,7.757852780309946
KIAA1984,3.653835004557883
ANKDD1A,5.786522151321791
C2orf49,6.979019781221524
C2orf48,2.502828623518689
INSL4,0.15843837739288952
C2orf44,7.8759642661805
C2orf47,8.351986599817678
C2orf40,4.099970100273472
C2orf43,8.128192342752953
C2orf42,7.771402917046478
OR52B2,0.04621804922515954
ELANE,0.7539444849589784
AGL,10.066735369188688
AGK,9.169162807657237
OR52B4,0.02908331814038286
NIPA2,10.040692707383783
MGAT4C,0.48228040109389225
CELA2A,0.028131631722880576
AGA,9.070214494074747
CELA2B,0.027147766636280768
C13orf18,6.388697082953511
FAM190A,5.2934913400182335
PDCD11,10.221952597994518
AGT,7.093776845943471
C13orf15,8.348788878760251
PDE9A,6.562696080218782
C13orf16,1.4875008204193245
RAB11A,11.944011941659058
FLJ12825,4.082319325432999
ESPN,8.026771194165912
GPR180,8.25828596171377
PIK3CA,8.975623154056512
GPR182,1.0433663628076584
GPR183,7.326972379216035
PIK3CD,8.144494439380134
PIK3CG,6.186190519598909
ZSWIM4,8.62348441203282
ZSWIM5,6.459806289881488
IGF2AS,1.6417360072926153
RAB11B,10.772091613491327
TBCA,10.420772743846861
ZSWIM2,0.04922734731084775
LOC91450,1.7727763901549654
PRND,5.297227620783965
TMEM57,10.21707247037375
TMEM54,9.91244129443938
SCLY,7.80142415679125
RER1,11.36084685505925
SCG5,5.956787055606199
TMEM51,8.256041020966267
FAM59A,6.454515132178664
MGC15885,0.2171833181403829
PAR-SN,5.718672926162252
GSC2,0.0029522333637192343
PLEKHA6,10.63537939835918
FAM84B,11.299769006381046
SNORD16,0.0
POLR3GL,8.766476116681856
FAM84A,7.250142935278039
KCNN3,4.561822242479489
SNORD17,1.6103856882406582
MEG3,5.542732999088421
TAGLN,12.594137921604359
SC65,9.48200546946216
TRAFD1,10.283335733819497
PIK3C3,9.150524886052876
LOC541471,7.835042935278038
MEG8,0.10237000911577032
PRRG4,7.827229261622598
RPL18,13.50800063810393
ZNF675,7.869369917958077
ZNF674,6.095013582497716
ZNF673,7.684712579762988
ORM1,3.3992959890610766
ORM2,2.664489061075665
PRRG3,1.1005082041932537
ORC6L,6.769589790337279
MAX,10.433178395624427
PARP14,11.147833637192347
MAZ,12.337816955332718
ERI2,8.919178577939837
ERI3,9.950238195077482
KTI12,7.486546763901554
ERI1,8.408991066545116
VPS8,9.698718596171368
TUBA1B,14.08615168641749
MAG,2.9421929808568823
MAF,9.145032907930716
ACLY,12.058269006381042
MAK,4.069995442114859
AG2,7.354539106654517
LOC100190986,7.02595086599818
SLC7A5,10.458583773928881
NXF2B,0.03895907019143117
KRTAP11-1,0.03262999088422972
EVL,11.732603919781216
OR1B1,0.07618021877848678
ALDH3A2,10.562287237921586
ALDH3A1,2.2893275296262545
WFDC1,4.914426526891528
HAS2AS,1.9621569735642668
EDC3,9.704711030082034
MGST1,11.199895897903357
SLC35B4,8.339118778486776
EDC4,10.226891613491345
KRTAP19-5,0.0018458523245214217
ATXN3L,0.0276186873290793
SEMA4C,10.12086827711943
CSDE1,13.637599453053781
C9orf130,6.487632543299914
BACH2,6.302202552415684
BACH1,9.462417319963542
JAM3,8.858091066545116
SNORD36A,0.0
GMDS,8.630118322698253
LSR,11.315871832269819
LSS,10.082023427529636
RASEF,8.127030720145854
SLC37A3,9.620003372835003
CYTSA,10.641198176845917
CYTSB,8.713545578851408
KCNIP4,4.034345670009115
KCNIP3,6.332409480401095
KCNIP2,5.057201185050137
KCNIP1,1.9601226982680042
LOC388946,0.007512762078395624
PRSS55,0.19073919781221518
PRSS54,0.11435451230628992
ZNF778,6.208049407474928
LOC220594,5.204916408386511
LOC729799,3.6009392889699186
C10orf113,0.135632452142206
HAND1,0.30789990884229723
RPL23P8,6.367501549680949
MPV17,9.666550227894245
BYSL,9.029784138559698
LIN28A,0.951343117593437
FAM136A,9.704541659070197
TMEM102,7.517694621695542
OTUD7B,10.451860893345494
MOGAT2,3.311436827711946
MOGAT3,0.025786690975387418
MOGAT1,0.28490255241567897
ANAPC1,9.327487967183236
HMCN1,8.949464630811313
ANAPC2,9.426106745670003
ANAPC5,11.239897903372835
ANAPC4,8.706268550592517
ANAPC7,10.20393126709208
KIR3DX1,0.21610063810391988
RPS6KA1,10.101930902461254
RPS6KA2,9.413320145852317
RPS6KA3,9.378833910665458
RPS20,13.711108477666366
OR12D2,0.022042935278030997
RPS6KA6,4.988816681859608
SMYD5,9.48726763901549
PISD,9.548082953509565
PSMD14,10.43737666362808
PSMD11,10.360982862351895
PSMD10,10.062838650866004
PSMD13,11.160877028258891
PSMD12,10.071000455788521
HBQ1,0.3455849589790336
FTCD,1.5810036463081147
EDIL3,7.305664448495898
UTP20,9.56465123062899
SENP5,9.597132269826782
MAGEB6,0.1862912488605287
MINPP1,8.847988787602556
RFPL1S,3.750404010938926
LEUTX,0.030477392889699174
METTL2B,8.303108751139469
GANAB,13.299766180492238
WFDC5,0.5199000911577024
SMYD2,9.507402825888779
VAV2,10.17807010027347
SMYD3,8.717327073837755
VAPB,10.350047584320889
VAPA,11.684998723792162
NPHP3,8.126723974475837
MKI67IP,9.72720692798542
NPHP1,6.673054421148591
LOC148824,0.7880868732907931
NPHP4,7.954690428441209
SNORD91B,0.0
CTH,5.835434822242489
EXOSC10,10.4951547857794
ARF3,12.577936554238818
ARF1,13.751238012762078
ARF6,11.91513445761167
ARF5,11.507218687329082
ARF4,12.359293163172278
LOC645166,6.090813673655411
SNN,9.688211212397446
MOBP,1.1056867821330902
PTPRCAP,6.849558705560627
C6orf186,1.8073173199635366
C6orf182,7.125660802187779
IRF2,9.679664995442124
LOC255025,0.013148860528714678
MYLK4,4.379639562443029
MYLK2,2.4484537830446675
MYLK3,2.709695715587964
RBMY1J,0.007467547857793984
RGPD1,8.155263263445777
RGPD6,8.979474475843197
PPP2R2C,6.854466636280772
RGPD4,7.138407839562441
RGPD5,5.729159252506831
MOB2,8.904713217866925
RDM1,3.5569914311759327
RGPD8,0.4745844120328166
PQLC3,9.331157064721985
OR10S1,0.006632269826800365
PQLC1,9.513587967183225
RGS17,2.485156153144946
RAB11FIP3,10.132535824977191
LOXHD1,2.3767061987237965
RAB11FIP1,11.70754056517776
RAB11FIP5,10.045747493163168
PATL2,2.9900468550592545
TMEM101,9.347523792160452
SLED1,0.5179605287146767
LOC100129550,7.3241181403828595
LRRC25,6.796685505925239
FAM176A,6.397344484958982
KLRAQ1,8.952754876937087
FAM176B,8.326518869644483
RAB7A,12.512825159525962
LOC100133469,0.5822301731996353
MYL6B,8.944301823154051
SNORD87,0.0
NRN1L,1.2803089334548776
SLITRK6,7.838648860528732
IFIH1,9.65630255241567
RNASET2,10.210492433910664
ACTR10,9.991392798541474
HMGB3,10.29476554238833
EEF1A1,16.22959553327256
EEF1A2,8.925832907930719
LRRC20,7.908277484047392
SLITRK4,5.064933454876936
CHP2,0.7185494986326354
ARL11,6.0624775752051
ARL10,4.459177848678215
RAB2B,8.85124238833181
SLFN12L,3.279437010027341
ARL15,8.01149206927986
ARL14,0.7452211485870557
ARL16,8.817830811303557
LOC550112,7.994484685505925
FRRS1,6.379882497721053
SNORD86,0.0
HYALP1,0.005160437556973564
GCHFR,7.376311668185963
TSPYL5,9.206053691886973
ZNF534,2.71106964448496
RPL7A,13.7941258887876
AASS,7.361539015496799
WDR45L,11.132299908842285
MGC34034,0.015117228805834097
KIF4B,2.8915167730173197
KIF4A,8.734230720145852
PEX14,8.546450410209655
CLIP3,8.339713035551501
ACTL7B,0.1609053783044667
ACTL7A,0.048030993618960814
ZSCAN12,7.1711261622607125
ETNK2,9.637830264357339
ETNK1,10.502857338195096
CLIP4,7.754122333637185
MNDA,7.492320875113946
LRRC28,7.261947584320881
RABAC1,10.495966362807652
HEXDC,7.994995350957157
DHRS7B,8.940136098450317
AP3B1,10.465570191431171
CD48,7.752141567912498
TRIM65,9.13446918869643
MND1,5.62615998176846
CD44,12.952354421148566
CD47,11.039294712853211
CA14,3.6480031905195958
CA13,5.973252051048316
CA12,12.096962989972658
CA11,6.522077028258882
CA10,0.5174824977210578
FPGT,8.775358705560626
FGFR1OP,8.133366727438458
VMA21,10.056186508659984
PDX1,0.4168481312670922
GCNT1,8.889994530537834
CETN4P,1.0674750227894259
MAF1,11.108157885141296
RAB20,8.620931449407477
CALY,0.7316108477666358
EIF4E3,9.411176572470378
EIF4E2,10.436240018231542
RAB24,8.793556426618062
RAB25,11.088248678213303
RAB26,6.803712853236085
PIK3C2B,9.716739835916139
GLRA3,2.3273650865998166
GLRA2,0.2838579762989974
CALR,14.184928988149514
DZIP1L,5.456650501367365
ASAH2B,3.052328714676395
GLRA4,0.47612260711030086
WDR78,6.7830709206927935
RPS29,12.319502917046476
FAR1,10.411412853236085
ACTR1B,10.19512689152234
ACTR1A,11.383952233363729
FAR2,6.986605469462178
WDR70,8.990363445761158
WDR73,8.527388240656343
CHPF,11.29687675478578
WDR75,9.864301640838638
WDR74,9.120900729261615
WDR77,9.493076390154958
WDR76,7.8621966271649955
WNT3A,1.4688084776663635
COL23A1,3.882493345487697
TRHDE,1.7950907930720135
SYT15,5.638917137648138
MCF2,1.047985870556061
NTAN1,9.184086144029173
PPP2R3A,8.980464448495912
NQO2,8.852284867821337
CDO1,5.4672309024612575
C1orf230,2.2257967183227008
NQO1,11.253874567000915
PRPF8,12.591721330902448
SFMBT2,6.351834457611663
RGS11,6.5062670009115715
LOC572558,0.6136126709206927
FLJ35220,7.983581130355526
NID2,9.660191704649046
PRPF3,10.168181677301721
PRPF4,9.799690246125795
PRPF6,11.679555515041024
FILIP1L,9.359556973564246
TPCN1,10.07913773928896
RUNDC1,9.880112853236088
CD177,3.5403836827711928
PCF11,10.302714220601642
GSTTP1,0.021105195989061073
GSTTP2,0.0466721969006381
C5orf48,0.029815496809480393
C5orf49,5.075507839562439
CLEC1B,0.12997092069279859
NID1,11.082735095715588
C5orf44,8.88604676390156
C5orf45,7.336332452142201
C5orf46,4.853380765724706
C5orf47,0.5632845943482231
C5orf40,0.46254676390154936
C5orf41,8.286740291704643
C5orf42,8.95444658158616
C5orf43,10.371087602552429
PABPC3,8.218734001823151
TPCN2,8.181525341841384
IL31RA,0.9573938012762078
NCRNA00171,4.718176937101191
RFFL,9.467429717411143
NCRNA00173,3.8626619872379204
LEFTY2,2.731686417502277
NCRNA00175,0.2554799453053784
NCRNA00176,4.678545123062897
LEFTY1,2.6892425706472207
ARRDC4,8.770667821330914
ARRDC5,1.7089376481312668
ZWINT,9.446080765724693
ARRDC1,10.014601640838638
ARRDC2,9.166807110300836
ARRDC3,10.578424794895161
FAM120AOS,10.425408386508648
FAM45A,8.609920054694628
KIF14,7.334445852324523
RAB27B,7.120520966271654
FAM45B,7.264662716499541
LOC388796,8.413206563354615
SH3BP5,10.094785870556073
RHBDD2,10.987367730173201
CSAD,8.564457155879667
RABGAP1L,8.108962898814953
ELK3,8.611207657247025
CDON,8.824649680948042
ELK1,9.752267365542375
GPHB5,0.0032092980856882405
ELK4,7.27534503190519
KTELC1,8.566235186873294
PAK6,7.58395442114859
PAK7,2.060135278030993
PAK1,10.591074567000907
PAK2,11.60428851412945
PAK3,2.381580309936189
TTR,0.5138258887876026
FAM122A,8.725307110300825
FAM122B,9.583255332725619
FAM122C,4.578599908842301
SH3BP2,9.910925432999077
NSDHL,9.170707657247046
ZNF200,7.981549954421149
KCNG1,4.161588605287149
KCNG2,1.4029188696444859
KCNG3,2.660700273473109
KCNG4,0.11240191431175943
NUBPL,8.14420154968096
PPP2R5C,11.016690337283482
KRT19,14.537689608021873
LOC115110,5.83916344576118
PANX1,8.862213491340025
MYL1,0.11158605287146763
NPB,1.5091032816773042
OR4C11,0.03862862351868734
CEP97,7.404155970829536
OR4C13,0.006740838650865997
OR4C12,0.007717046490428442
DEFB116,0.0
DEFB114,0.0
DEFB115,0.004478669097538742
DEFB112,0.0
DEFB113,0.0003350957155879672
CYP2D6,2.992838468550597
SUB1,12.042506381039193
ATXN7L3,10.468051321786703
PIGG,9.454904466727434
TTTY4C,0.0010305378304466728
MFSD2A,6.574562989972647
DEFB118,0.0160929808568824
DEFB119,0.014660072926162258
LCN15,0.04026554238833182
DMBT1,2.1399634457611683
C10orf58,10.839026618049218
ATXN7L1,7.635752142206022
LCN12,3.8809834092980813
C10orf54,8.916629717411121
C10orf55,3.404567183226987
TNS1,11.331992707383767
C10orf57,10.489789516864185
C10orf50,0.4095967183226985
ZIC1,3.104820145852327
C10orf53,0.04775834092980857
HEXA,10.943187784867819
ZBTB12,7.271766636280769
ARID2,9.944282315405639
SPRR4,0.0934051959890611
LOC652276,5.566189334548771
LOC401093,5.83701841385598
SPRR3,1.1917501367365533
HIF1A,11.003275387420247
OR8D4,0.009257155879671831
OR4B1,0.012091522333637191
NT5DC1,9.547337739288977
NLRP6,2.14310346399271
OR8D1,0.02946326344576117
OR8D2,0.0187260711030082
RBMY1E,0.0018392889699179581
ARGLU1,10.292223154056531
NLRP1,7.655868003646299
SNORD91A,0.0
NPW,2.5841226982680046
ZBTB16,4.068697174111208
SPANXN3,0.1425875113947129
TMEM194A,9.365948495897896
LOC400940,0.9419132178669094
ZNF775,5.981813582497713
PIGQ,10.238504557885133
CALML3,5.4189061987237945
CD164L2,3.534045761166819
NLRP2,7.136166453965352
GLYCTK,5.894819963536919
CALML6,1.6545004557885137
CALML5,6.7504797629899755
CALML4,7.921465815861434
COX18,8.631666089334551
COX19,7.919042752962631
PFN2,10.776612306289879
AADAC,1.1686833181403817
PFN4,2.796307748404739
CREM,8.496474202370107
SHISA2,7.886414585232448
SHISA3,1.7830473108477678
COX10,8.127678213309032
COX11,9.449219872379212
TMEM219,11.116826435733811
GAS2,3.2142968094804028
ARPP21,0.8890156791248859
COX15,9.987215587967185
COX16,9.785775752051032
COX17,9.173183682771205
PDGFRB,11.730659070191427
ANKRD13D,9.365442023701009
LOC158572,4.979970100273478
ANKRD13B,7.548013491340011
ANKRD13C,9.140097356426622
ANKRD13A,9.964814311759344
KIAA1467,10.107188514129446
AIDA,10.299806927985408
TIMM8B,8.874565907019145
KIAA1462,9.66912206016407
SCN10A,0.25769261622607104
PDGFRL,8.56027520510483
SUN2,11.419325979945304
PPA2,10.080643026435718
PPA1,11.463983044667264
tAKR,0.07491175934366455
MCTP1,6.450946125797626
MCTP2,5.864992251595261
LOC339568,0.0058690975387420226
BET1,8.994772014585228
NUP62,10.810081130355508
MGC45800,3.332664083865082
WDR27,6.638175205104834
LIMS3-LOC440895,3.9064895168641764
ALCAM,11.682643573381952
TPM4,13.725436098450325
CSF1R,9.89143664539655
TPM2,10.68302525068368
LOC678655,8.245963081130354
PGA5,0.17944102096627154
ETF1,11.48249115770284
FBXW9,8.118230811303563
C22orf39,8.744343391066538
CYB5D2,8.665485597082958
FAM21C,10.36267930720146
FAM21B,9.177446308113032
FAM21A,8.494656608933445
LRRN2,8.696818960802199
C22orf33,0.021806016408386506
C22orf32,9.290949316317237
C22orf31,0.7779268915223329
C22orf30,10.212049498632627
FBXW4,10.24405879671831
C22orf36,7.696921877848664
C22orf34,1.5879117593436627
CDCP1,9.938620966271634
TAX1BP1,11.767863992707367
TGFBR1,10.48967620783956
CDCP2,0.5054342752962626
SH3RF2,6.0142681859617095
SH3RF3,6.962985597082955
SH3RF1,9.954534822242488
SMNDC1,9.344360893345497
ZNF48,8.17842844120328
FAM159A,3.103264539653602
SSX2IP,9.322571832269835
IER5L,8.433062989972651
TMEM173,9.230686417502273
ANKLE2,10.642817046490432
ZNF267,8.550481586144027
ATXN8OS,0.15233327256153145
DDX19A,9.549410665451228
TJP2,10.495701914311764
TJP3,9.699232452142185
NDOR1,9.383330537830448
GLB1,10.568560255241577
PPAN,8.545721877848672
PPP1CA,11.767072105742931
OR7A5,1.0651992707383768
SH3GLB1,11.260337010027353
C1orf152,3.2652662716499576
PPAT,8.86216937101185
RNF38,9.964665633546039
GKAP1,6.713474020054699
SH3PXD2B,10.686847402005458
LOC100132707,6.058783318140377
SNORD88B,0.0
SH3PXD2A,10.94897529626252
MPPED2,5.239173564266179
LYSMD3,9.058636736554234
THPO,4.421227803099366
KLHL11,5.683909024612584
DCXR,10.278597082953507
CHPF2,10.513099999999989
KLHL12,10.34106171376481
AGRP,0.4914578851412948
AGRN,12.162296353691893
NFYB,9.509780583409306
CLGN,7.249484685505931
KLHL13,6.417932452142206
ZNF221,4.1998762078395675
SELENBP1,11.299569553327267
SMARCA1,9.821924156791253
SMARCA2,11.49515305378304
RABL5,9.359384867821325
CCNI2,4.067149680948042
BAZ2B,9.448559252506836
LOC388152,8.045076116681846
POMZP3,7.263788969917962
FYB,8.579522971741108
SYCN,0.022689608021877847
GOLGA6L9,6.533712579762992
GOLGA6L5,4.1083384685505875
GOLGA6L6,0.1753913400182315
KLHL17,6.59121713764813
FYN,8.941333728350063
GOLGA6L1,0.1125355515041021
RAB1A,11.854754785779395
TOR1A,9.925525979945323
XCL2,3.0011773928896974
ASCL3,0.15538030993618965
WDR47,8.646014402917038
OST4,11.18785341841386
NUDC,11.036139562443035
CCT6A,12.148001914311772
PAF1,10.595396809480386
CCT6B,5.946942388331812
OSTN,0.038678486782133085
GPHA2,0.5608354603463995
XAGE1D,0.8813360072926155
KRT79,1.4483164995442106
RUFY1,10.306438742023712
RUFY3,9.477630902461254
RUFY2,8.24363919781222
FCGR2B,7.455104102096638
FCGR2C,6.054265177757526
FCGR2A,9.589074293527808
NLE1,8.22244329990884
ROD1,11.614013947128518
CYP11A1,3.4443755697356426
SKIL,9.46349963536919
ZNF579,7.425020601640838
CYTH1,9.895455423883314
GCGR,0.6072109389243393
CYTH3,9.507042114858693
CYTH2,10.718207657247028
QSOX1,11.892670282588893
CYTH4,8.05742233363719
MYBPH,1.427405742935277
DPH1,9.110906107566104
DPH2,9.075022698267997
DPH3,9.125298906107568
KRT78,0.5176283500455788
DPH5,8.714822060164092
SPAST,9.165733090246107
MUM1L1,5.896978486782136
CALCR,2.268087055606202
PSAPL1,0.5834680036463085
AGR2,11.539372288058317
AGR3,8.903952324521413
RNF34,9.493047584320884
WIBG,9.203948131267087
SPDYE7P,2.714271285323613
WBP5,9.48505195989061
CANT1,11.568590246125783
CALCA,0.5027470373746581
CALCB,0.6791902461257971
OR13A1,0.9087558796718326
psiTPTE22,6.2337303555150365
CKB,8.71211659070192
CKM,1.5095008204193243
PTGS1,8.538113673655433
SLFN12,6.423632178669091
PLK1S1,7.9352892433910664
TM2D3,9.43126700091157
SLK,10.697507110300815
OR51B5,0.19919990884229713
OR51B4,0.18861103008204191
OR51B6,0.01557803099361896
PAM,11.186927894257064
OR51B2,0.047899179580674564
DCN,13.030792342752951
GPAM,8.787537101185052
DCK,9.222309206927978
DCI,9.887796900638074
ACSM1,4.551369006381041
ACSM3,4.976819781221513
ACSM5,3.9954892433910656
ACSM4,0.10209006381039196
THRA,9.286988696444855
SDF4,11.304705469462188
TAF4B,6.930828441203284
PERP,12.117878030993612
CUL9,9.454175660893332
DCX,3.0820487693710112
EIF4ENIF1,9.36251540565177
CUL5,9.714246581586144
C20orf173,0.07913163172288058
CUL7,10.30136326344575
CUL1,10.591941750227905
C20orf177,7.850959070191436
CUL3,10.972567365542382
SSPO,4.844419051959891
TRIM28,12.528439106654512
TRIM29,8.362758523245219
PNKP,8.8763905195989
CDH20,1.1782885141294441
TRIM25,10.134495077484036
CREB5,6.404470009115775
CDH23,5.9820211485870525
CREB3,10.274912123974467
TDRKH,8.922194074749319
CREB1,10.136726891522338
TRIM23,8.26316472196899
FLRT1,3.0444276207839547
PER2,9.398224247948951
FLRT3,6.082604831358249
FLRT2,7.539511303555159
SRP9,12.602149407474945
GNPAT,10.544377210574297
PTPN13,9.577787784867823
C21orf34,4.096442297174117
C21orf33,10.78854092980858
LOC283663,4.664801549680947
RHOT1,9.769546490428452
FCER2,1.9962665451230632
VTA1,10.081018322698267
KAT5,9.807555879671828
ARCN1,12.064687329079307
ZNF517,8.12826472196902
F2R,10.363636280765723
IHH,0.6029779398359167
ZNF514,7.977110665451239
NBEAL1,7.091922971741122
ZFAND3,10.851390884229719
NSMAF,9.413664721969006
QRFP,0.814101914311759
LOC338588,0.02804092980856882
AES,12.680543938012754
PNRC1,10.479932360984495
PNRC2,11.190086235186865
DNAJC28,4.860514585232458
DNAJC27,7.107698450319048
GNAO1,5.6000893345487635
DNAJC25,7.827639380127623
DNAJC24,8.196656153144943
NTSR2,0.6138349134001821
DNAJC22,6.438642206016404
DNAJC21,10.341121422060176
NTSR1,1.696971376481313
DTD1,8.621694530537825
TECTB,0.008826526891522335
ARHGAP8,8.849447675478581
ARHGAP9,6.851778395624438
RNF122,7.324690975387414
ACN9,6.696077301731992
ARHGAP4,8.574014402917038
ARHGAP5,10.60144266180494
ARHGAP6,5.680747766636288
ICOSLG,8.248901002734737
ARHGAP1,11.847302552415691
AEN,8.963217775752044
FAM196B,2.698699544211487
FAM196A,5.136043938012761
NOB1,9.665702734731079
SETD1A,9.860648587055612
TSPYL2,8.994268368277119
PRLR,11.851337192342761
KHDC1L,0.6109775752051055
SLC12A8,8.656767092069279
ZFP36,10.973167821330916
RGS19,8.407397447584332
TMEM79,8.891932634457605
OR4D10,0.032251321786690976
OMP,0.13736900638103922
PPP6C,10.869484412032827
ZYX,11.76868742023701
ZNF229,6.536111394712847
ANXA11,11.57838824065635
ANXA10,0.4018462169553327
ANXA13,2.051175387420238
TMEM74,1.522396627164997
KCNQ4,2.6092494986326358
RBL2,10.6972355515041
SLC39A12,0.8157417502278937
SLC30A5,10.303254056517769
FAM86A,8.87039790337284
SLA,8.317512853236094
CNBD1,0.04038614402917047
FAM86D,6.931158887876023
MGC12982,5.456515679124891
CCT6P1,6.133715496809473
HEMGN,0.5306566089334547
MRPL4,9.705810574293523
MRPL2,8.862271923427533
MRPL3,10.970416590701907
RPUSD2,7.534919416590708
MRPL1,8.401356608933467
TTLL8,0.042622151321786685
ZCCHC18,3.4118650865998204
ZFAT,8.180972014585231
RALGAPA1,9.234287146763902
MRPL9,10.295323245214238
ZNF611,7.730732360984495
HOXC11,5.796368915223341
WBSCR16,9.88178222424795
RUVBL1,10.215613035551515
ZNF614,7.924794257064715
ZNF616,7.612967912488603
MOS,0.011379671832269827
ZNF618,9.42183910665451
SLC3A1,2.4158292616226085
THOC3,9.685358523245212
EIF4EBP1,9.602511941659085
EIF4EBP3,8.326824521422068
ASPRV1,5.338028805834106
EDDM3A,0.49540382862351845
MS4A12,0.015370464904284412
EDDM3B,1.1227910665451226
MOG,0.608550683682771
MS4A15,4.034627894257064
BAG2,7.134568459434818
BAG3,10.581598997265258
BAG1,10.636950592525064
OR1L8,0.742811485870556
BAG4,7.753089243391063
BAG5,10.326675843208749
KMO,6.85911139471285
OR1L4,0.054071194165907006
OR1L6,0.013283318140382864
OR1L1,0.03381485870556063
RTKN,9.836607839562443
MSRB3,9.255917593436656
CTDP1,8.95852424794896
LRRC37A4,6.984725615314495
LRRC37A2,6.847981677301737
LRRC37A3,7.050027256153143
SLC39A1,11.842398359161361
RSBN1,9.148688149498632
CD79B,5.887194348222432
MEOX1,5.542832360984508
MEOX2,5.585231449407475
CD79A,6.186068003646317
CSDC2,4.7080053783044695
EIF1AD,9.266186964448499
ATXN1L,9.961182406563356
GMFG,7.811877666362805
CBLN4,3.485887146763904
CBLN2,3.862225341841384
CBLN3,6.219008842297177
CBLN1,2.7767755697356415
ZBTB26,6.464609389243394
LOC100131726,0.832183409298085
XIRP2,0.3576020966271648
MGC2889,1.5485811303555161
SLC39A7,12.042284138559715
PDHA2,0.03321203281677303
CPSF3L,10.446072105742942
PDHA1,10.345412215132182
COL4A3BP,9.745220783956247
SAP18,11.285521786690984
SNORD50B,0.0
LCAT,5.4328315405651715
SNHG10,6.144985870556051
EVI5,8.448124156791245
PAR1,0.7169030082041924
MZF1,8.078105469462166
ATXN10,11.153990975387423
PSIP1,10.053519872379223
LOC92973,5.575733546034637
FSCN3,0.9646039197812225
FSCN2,3.783004831358254
FSCN1,10.215807383773926
SLPI,8.15062342752963
MRPS17,8.2886870556062
PCNAP1,0.009296353691886963
MYL12B,12.875004922515933
MYL12A,12.554870373746583
G2E3,8.744085050136738
CKMT2,3.325510938924342
SNORD65,0.0
RPS6KC1,9.42895515041021
KRTAP22-1,0.0
MRPS14,8.891231996353701
RFPL4B,1.0019088422971745
BAGE,0.2617050136736554
RILPL1,7.982317593436635
OR2T35,0.0011446672743846856
RILPL2,8.573037465815853
NLRP10,0.21241704649042836
IDO2,1.287336098450317
TMPO,10.593066089334547
IDO1,6.447652324521412
CAMK1D,6.477480036463083
CAMK1G,2.281498632634461
NLRP12,3.297734548769368
LDHAL6B,0.9191134913400183
ECM2,8.351418778486776
ECM1,10.24578814949863
LDHAL6A,0.7882359161349137
SMCR8,9.975899179580674
HHAT,8.490375843208747
OR52D1,0.0872263445761167
FMR1,10.11409097538743
MICALCL,5.491980948040102
SMCR5,0.6985397447584314
SMCR7,8.30241084776664
LYPD6,7.178937830446677
RAB3IL1,8.031085870556064
LYPD4,0.4593127620783955
HIST4H4,4.631647402005467
LYPD2,0.15672114858705552
LYPD3,9.508913309024623
LYPD1,5.661961713764824
CATSPER4,0.10404995442114862
CALCOCO1,10.403334548769381
CALCOCO2,11.17391412944394
AMHR2,0.9106893345487691
NAP1L4,11.49528286235187
CATSPER1,2.1325278030993626
CATSPER2,4.544779216043756
CATSPER3,3.3781169553327244
ANKRD30A,6.856474567000913
RGS5,11.009026618049226
RGS6,3.1144714676390173
ANKRD30B,5.193140656335453
LRRC8C,8.577074931631717
RGS1,9.528260528714675
RGS2,8.53046171376481
RGS3,9.956289152233357
LOC100133669,3.099858887876025
PLAG1,4.454452597994534
RGS9,4.195714402917044
TRDN,1.187113582497722
PGLYRP4,1.0794032816773016
TTBK1,3.109029626253419
COL1A2,16.02584257064723
ZNF643,5.588921695533276
LOC151009,5.0479493163172275
SERTAD2,10.137760346399283
KIAA1377,7.254281586144023
LOXL3,6.872946399270734
SEPT6,9.804723245214234
IL1RAP,7.286321422060158
ARAP3,7.940189152233354
CATSPERG,4.61096882406563
LOC100133545,1.5513544211485868
CATSPERB,4.630705469462167
BIK,7.56339990884229
SNORD61,0.0
ARAP1,10.956011394712867
ZNF605,8.820713491340015
SH2B2,5.104949042844121
XIAP,10.570337374658155
SNHG12,7.501409206927981
GAL,3.5915944393801253
SNORD115-35,0.0
RDH14,8.825343938012775
SECTM1,8.895974293527805
KANK4,7.275631996353704
RD3,1.1439991795806743
KANK2,10.341747766636285
KANK3,6.147636371923439
RDH12,1.6535927985414776
CYBASC3,10.101285050136738
SLC25A34,3.7945470373746573
POLD3,9.014176207839563
EPDR1,7.449264357338197
DEDD2,9.206440109389245
BID,8.833693436645405
FAM178A,9.77971148587055
DOLK,8.901555606198711
PCDHB8,4.993788149498637
SH2B3,9.495313855970815
MYH11,9.330900091157686
KIAA0664P3,5.3245195077484055
UBR3,10.108589699179582
WDR5B,8.334058979033744
SNORD114-10,0.0
UBR2,9.86651932543299
SFRS12IP1,9.038280309936205
GADD45A,8.681869371011846
TARSL2,7.796997994530538
CDK2AP1,11.418757793983591
CDK2AP2,9.890139197812218
NALCN,5.0971101185050145
UBR7,10.418136189608012
KRTAP13-1,0.0033741112123974477
KIAA0427,9.55276043755697
CIAPIN1,9.64263628076574
LOC730668,1.9931351868732905
HSP90AB1,15.019750683682775
PTP4A1,11.435699726526892
UBR5,11.800817228805846
PTP4A3,9.021094895168652
PTP4A2,11.845894986326357
VIPR2,4.361515770282588
NUCB2,11.261438742023708
TRIM72,1.1779880583409286
REC8,5.572345031905195
ZSCAN22,7.023304193254332
TNNI3,2.452796809480402
STRADB,8.07231221513217
GPR3,3.770499270738379
TDRD9,3.204921239744757
CD28,5.725469917958066
SUZ12,10.03268240656336
MRPS9,8.99531093892434
BMP6,5.805284594348224
MRPS7,10.285920145852325
C9orf27,0.007430993618960802
C9orf24,2.0501875113947143
C9orf25,8.90148176845945
CD27,6.429454238833186
C9orf23,8.547692342752962
IFI30,11.57566882406564
C9orf21,7.030790975387414
PLA2R1,7.819374384685501
ABHD8,8.030180309936188
SNORA63,0.7155518687329083
MYLIP,9.775224612579768
OTUD1,8.426894895168653
ABHD2,12.033965815861427
ABHD3,8.91207174111213
ABHD1,3.958940200546939
ABHD6,6.915127711941657
PA2G4,11.707202917046493
ABHD4,9.744662260711046
ABHD5,9.59223846855058
TWF1,11.095051230628998
NKIRAS2,9.870268915223335
NKIRAS1,7.658577028258883
HEMK1,8.661681586144022
MBTPS2,9.341441294439365
WDR43,9.944727164995449
TRIM45,8.029489425706487
MBTPS1,11.636751595259808
EIF4G3,10.727230446672742
EIF4G2,14.173959252506824
EIF4G1,13.125370464904284
SERHL2,7.2226830446672725
WDR59,9.033068185961714
FAT3,4.3192693710118455
DR1,10.152381221513219
FAT1,11.098474567000899
GRB2,11.998182497721048
ULBP2,3.9020415679124887
ULBP3,3.341822607110298
GRB7,9.259107839562448
FAT4,7.295466180492251
PSG6,0.05910464904284412
PSG7,0.04740720145852323
PSG4,1.500602917046492
PSG5,0.9419773928896986
PSG2,0.055236827711941675
PSG3,0.16389088422971748
PSG1,0.09828514129443935
HOXC9,7.039200091157709
HOXC8,6.443839015496805
PPP2CB,10.527287146763905
HOXC5,4.942207292616229
HOXC4,6.783111394712858
HOXC6,7.683628167730176
CD151,12.50067210574295
TGOLN2,12.563534639927068
SSU72,11.235086782133092
HCST,6.605413035551501
SRPX,7.839517411121231
FAM200A,7.698568550592523
FAM200B,8.388571467639014
C5orf62,8.630709024612576
UROC1,0.5535071103008208
C5orf60,0.45226690975387446
OR4F5,0.019811668185961712
SNORA41,0.028253509571558793
SLC25A32,9.238098814949865
CSTL1,0.3430730173199635
HTRA1,11.955342844120318
LSM4,10.826937739288976
COL27A1,7.272190793072017
RBMX2,8.792167730173192
ZSCAN5B,1.141976754785779
LSM6,7.599211850501364
NEURL1B,9.786977484047394
LSM7,8.810474658158629
PTPN23,10.445438012762068
MFSD5,9.743457429352768
SELT,11.161385050136726
MFSD4,5.658890428441193
GATSL1,3.703321239744755
POLR2D,9.128531358249765
GATSL3,7.713088149498636
GATSL2,0.938661713764814
POLR2A,12.323257338195084
MFSD7,7.793741020966283
POLR2C,10.243951959890625
POLR2B,11.229860802187803
NDUFB5,10.357234822242477
POLR2L,10.653796900638111
AKR7A2,10.117987967183216
AKR7A3,7.712921604375557
POLR2I,8.982529352780297
LOC642597,0.17832844120328162
F11R,12.500427529626265
POLR2J,9.854888696444842
GOLGA8F,0.007475752051048313
TLK1,10.523123245214212
SERHL,7.632654603463984
FAM47C,0.290734639927074
CCL3L3,1.7060053783044649
FAM47A,0.19736636280765726
USP53,9.38970747493163
FAM47E,6.278064448495894
USP51,5.191536554238835
GTF3A,11.147293618960811
LOC338799,7.770854968094813
CCNJ,7.642866271649961
PPP1R2P3,6.069784047401998
BATF2,6.448693710118502
ASCC2,10.300308751139452
ASCC1,9.019586052871475
VPS72,10.162746399270734
SLFN13,7.434704010938926
DSCAML1,3.091602461257978
RASSF9,4.220266453965363
GAMT,8.593084320875109
CCDC109A,8.981482497721068
VBP1,9.924756061987246
CCDC109B,8.364938286235201
FAM120B,9.560545852324507
FAM120C,8.572727985414767
FAM120A,12.343395442114854
MAPK14,10.395005560619872
MAPK15,6.222465542388323
PEA15,12.486478304466738
MAPK10,5.903085597082959
MAPK11,7.5593770282588775
MAPK12,6.758413855970819
MAPK13,10.209892616226067
OR4F21,0.01896545123062899
TCEB3C,0.13376964448495895
HPGD,5.881119325433003
FABP5L3,0.5899938012762079
FZD1,10.144466909753877
FZD2,7.03704320875114
FZD3,7.079211668185957
FZD4,9.795192889699173
FZD5,7.049257885141289
FZD6,9.670816226071103
FZD7,9.613827529626253
CACNB3,9.542497629899724
CACNB2,4.737504102096631
CACNB1,6.859105469462168
CYP2B6,1.7939020054694605
SNORD114-6,0.0
SNORD114-5,0.0
CACNB4,5.23105542388332
C10orf72,8.188962169553323
RASSF1,9.171547310847776
C10orf71,0.09746472196900641
C10orf76,9.370949316317226
SPAG16,7.742558887876031
OR10W1,0.02718286235186873
C10orf75,6.635467000911578
C10orf78,6.901520692798549
C10orf79,5.26378350045579
PTPMT1,9.647210847766623
ASH1L,11.276906563354588
RASSF2,9.023576207839552
HIST1H1T,0.8236064721969006
RASSF5,8.771330173199624
WDR8,8.6360676390155
CLEC4M,0.4495154968094806
ATP12A,0.8180731084776658
CTRB2,0.26294211485870544
OR8B3,0.007081768459434822
AMFR,11.701172835004552
CEACAM22P,0.34575952597994497
USO1,11.06703062898814
PLCD3,8.8677871467639
OR8B4,0.002956608933454877
PLCD1,8.257005834092976
HIST1H1D,2.7384160437556977
HIST1H1E,2.6070077484047403
NCR2,0.09936681859617139
RASSF6,6.250197721057423
HIST1H1A,0.19142114858705556
HIST1H1B,1.3909828623518714
HIST1H1C,9.81674284412033
FOXB2,0.014317866909753873
ZNF599,6.688423154056515
ANKZF1,9.177786690975372
ITFG3,11.237141294439388
B3GALNT2,9.77183409298086
B3GALNT1,9.210110756608932
TACC1,10.392102187784864
TACC2,9.947320328167727
TACC3,9.59718842297173
JDP2,8.658842844120327
PICK1,8.50353646308113
VMO1,4.588700182315402
SLC1A2,7.347665633546035
NHP2,10.646869553327248
MRTO4,9.797139744758425
KIF20B,8.4280676390155
TMEM233,2.7108755697356446
KIF20A,8.816268732907917
MKI67,10.649831905195988
MAP6D1,6.33555533272562
GNMT,4.3403208751139495
LPPR1,1.947091795806745
LPXN,8.358646308113038
TOX2,5.244022424794889
MCC,9.13179143117593
CAB39,10.92743135824977
D4S234E,4.334755241567911
CKMT1A,6.855252051048307
CKMT1B,8.113657702825884
NOTCH1,9.933172470373744
RPL3L,0.2603170464904283
ZNF841,7.9200264357338215
ANKHD1,11.065800455788507
GNAT1,0.47854202370100335
GNAT3,0.2771873290793072
GNAT2,1.2066547857793992
DEFA1B,0.22450182315405645
BCL2L15,3.0730329079307186
BCL2L14,3.8701639927073876
TTC16,3.3286553327256168
BCL2L11,9.98013245214219
BCL2L10,1.7655056517775785
BCL2L13,10.264698085688238
BCL2L12,8.0999163172288
ESCO2,6.802933181403825
ESCO1,9.149707110300819
LOC729678,8.844748404740214
SNORA16A,0.03963445761166818
SNORA16B,0.028959343664539648
NUP43,9.675460072926173
CTU2,7.560178122151321
SCARNA27,0.0014708295350957155
C22orf13,11.256298450319049
CTU1,5.506723336371925
C22orf15,1.04267775752051
IL1R1,10.205351504102081
SCARNA20,0.007292160437556974
SCARNA21,0.03199325432999089
SCEL,1.3866090246125793
MSX1,5.828999999999992
MSX2,7.273687693710117
EIF3F,11.182979398359171
ADRM1,10.762684138559697
FAM27L,0.009539927073837738
ZNF558,8.540278030993614
HSD11B1,4.956481494986321
RPL3,14.91767338195077
CHD1,10.11703956244302
OR2AT4,0.015001185050136735
ISYNA1,10.01442935278032
GTF2H3,7.89715834092981
GTF2H2,6.946863536918861
GTF2H1,9.617348860528695
NCDN,9.900734366453959
GTF2H5,9.381800729261633
GTF2H4,8.75320856882406
MAPKAP1,10.700401276207822
CACNG1,3.5768444849589827
ALDH1B1,9.778652871467635
VCX2,0.06677192342752965
CACNG2,0.0872260711030082
COX7A2L,10.874199635369186
DBX2,1.863986508659983
PCDH9,3.5814434822242496
DBX1,0.03343290793072015
MYEF2,8.854770464904291
RPL38,12.45509608021878
RPL39,9.009665724703737
RPL36,12.745796080218781
BAT2L2,12.407395897903362
BAT2L1,12.227383591613487
MRP63,9.459638468550589
RPL32,13.814031722880591
PRKD1,6.462854238833179
CACNG5,0.09310455788514128
TARBP2,8.670042297174117
TARBP1,9.873222607110314
CTTNBP2NL,9.460008386508667
TSHZ1,9.335960893345494
SRCRB4D,5.015956244302641
ATF5,9.967980309936204
ATF4,12.38746226071104
ATF7,10.454382224247937
ATF6,10.79946144029171
ATF1,8.693905378304468
ATF3,8.980756244302647
ATF2,8.744600729261629
SMARCC2,11.394298723792163
LOC642852,8.213419507748418
SMARCC1,11.777767000911595
PPAP2C,10.516872379216045
LOC100133050,0.18360546946216952
PPAP2A,9.308878030993622
BUB1B,8.39086180492253
SUMO1,11.13593044667275
INVS,7.633343846855068
CTTNBP2,5.251059343664542
SUMO2,11.76538195077486
PSPC1,9.831937465815873
SUMO4,0.8646479489516853
TMCO6,7.491884503190529
SNORA7B,2.5848977210574335
SFRS13A,10.730746672743846
KIAA0317,9.796570738377392
SFRS13B,3.510702370100274
GTF2IRD2P1,7.89091267092069
NUP210L,0.9534994530537823
ANKIB1,10.544264630811309
HSF5,1.267944576116682
TTC12,8.025606927985423
HSF4,6.267106927985419
EEF2K,10.38190227894256
LHX1,0.8170197812215132
LHX2,2.471271923427532
LHX3,0.1716678213309024
BLOC1S3,8.746776572470386
BLOC1S2,9.513273199635382
BLOC1S1,9.695223245214223
TMPRSS11BNL,0.02535150410209662
LHX8,0.8220321786690976
LHX9,0.72621905195989
SIVA1,9.63897365542389
MIB1,10.726408295350948
MIB2,8.03802935278032
LOC285074,7.5792868732907825
TOR3A,10.512060164083858
LOC113230,7.542656882406554
OR52H1,0.091071741112124
B3GALTL,7.899614858705566
MTMR14,9.684214220601639
B3GALT4,7.654592160437546
B3GALT5,4.310276937101183
B3GALT6,9.222423336371921
LEPROTL1,9.830989516864179
CTNNAL1,8.585341841385597
B3GALT1,1.0501503190519597
B3GALT2,2.340955423883318
SLC38A2,11.879672470373766
TMEM184A,8.67947593436647
MDFIC,9.404018960802187
SLC38A9,7.623107019143114
SLC38A8,0.2881546946216955
KIAA0174,11.298121604375545
STK3,9.316657338195085
STK4,10.036761349134009
LOC100129534,5.292762169553331
CSF3R,8.24618623518687
OCA2,1.3829159525979942
CXCL11,6.92168505013673
CXCL10,8.777979489516873
CXCL13,6.933203555150415
CXCL12,10.850332087511395
CXCL14,10.692433090246134
CXCL17,5.921724886052877
CXCL16,10.265530173199645
OR13C4,0.005227620783956244
N4BP2L1,7.7121772105743025
UBE4A,10.59886153144941
OR13C2,0.038790063810391975
OR13C3,0.015611850501367363
HCN1,1.3621676390154973
HCN3,6.575768824065624
HCN2,3.7773252506836728
OR13C8,0.002526982680036463
HCN4,1.705904649042845
SNRNP25,9.523472926162256
SNRNP27,9.033182041932548
NTN1,8.150483682771194
LOC150527,0.09074503190519602
FAM41AY1,0.0014247948951686417
RAPGEF1,10.64606016408386
TTC5,7.64461011850501
MED10,8.68646909753874
RAPGEF2,9.25196253418414
JAM2,6.928330720145842
LRIT2,0.2494388331814038
LRIT3,3.320407839562443
SERF1A,8.981246763901543
APOC1,9.783593436645397
MIA3,11.404796900638114
GOLGA7B,5.615328441203284
PTGDR,3.536873381950776
MRPL14,9.767688696444846
STIP1,11.824021695533261
LOC390595,2.4952634457611667
MRPL15,9.920456153144967
CHIC2,7.589868915223333
LOC641367,2.4545885141294455
PTAR1,9.679621148587058
CHIC1,7.853996171376478
MRPL16,9.321150319051961
POM121L4P,0.24205806745670017
DRP2,3.9690280765724704
SGK3,9.633359161349139
RAB3GAP1,10.534375478577942
PEPD,9.928492889699193
UACA,10.405906472196914
TBC1D23,9.764046855059272
CDC25C,6.459010300820416
TBC1D21,0.009548040109389245
ANKS3,8.089242479489524
DGCR6L,9.394769553327244
TBC1D26,0.6809416590701914
ANKS6,7.046092433910661
C6orf1,8.81912725615315
TNFRSF4,5.647905195989059
TBC1D29,0.2772875113947131
TBC1D28,0.03924913400182314
C20orf152,1.6750844120328168
C20orf151,7.09002041932543
MED12,10.292541659070189
FKBP15,10.204430811303569
TBC1D2B,10.210273108477677
SARM1,7.743581768459437
FUNDC1,8.696866727438467
GUCY2D,2.2494779398359137
GUCY2E,0.15187028258887864
GUCY2F,0.07489033728350046
SENP8,5.756874840474019
SENP7,8.448099361896082
FIBCD1,3.7879203281677345
RPAP1,9.145734548769363
SENP3,9.69482452142205
SENP2,9.640241932543304
SENP1,9.099108751139463
SAMM50,9.888551048313586
C21orf54,0.009230082041932545
C21orf56,6.980668459434817
C21orf57,7.276389334548757
PLA1A,5.414009389243393
ING4,9.321372379216045
ING5,8.533539106654512
ARPC4,11.779805742935267
C21orf58,6.889915041020954
C21orf59,9.801285961713765
ING2,7.895357429352795
ING3,7.56560264357338
TMPRSS12,0.4593371011850506
NOTUM,2.6980945305378277
POC1B,8.645027711941657
VASH1,9.304039288969928
NCRNA00203,0.4941798541476754
TMSL3,14.472148131267083
KIAA1949,10.384659343664554
CEP170L,1.8371037374658143
NCRNA00052,2.144912306289882
NCRNA00200,0.2446352780309936
INS,0.03878195077484048
OR8G5,0.04719033728350046
SLC2A11,7.159736918869656
NCRNA00201,9.764733090246118
WDFY3,10.322798814949866
WDFY2,7.708955606198712
OR6C6,0.010891066545123063
TCL6,1.5898278942570654
GFPT1,11.656823609845032
GFPT2,8.262356061987234
ECHDC3,8.1093964448496
ECHDC2,9.198122789425717
ECHDC1,9.286993072014582
DAG1,11.995960437556969
ACP5,10.195702096627151
ACP6,8.143889243391063
TPI1P3,0.39273409298085693
ACP1,10.724889061075672
ACP2,10.203851504102085
TFAMP1,0.4308536007292619
SNIP1,8.38836873290794
GLA,9.455323336371913
USP36,10.336007930720156
SLC2A14,3.864387602552419
SLC2A13,7.344922789425697
SDCCAG3,9.211611030082038
CCT8L2,0.14003172288058344
SDCCAG1,9.815786508659983
ANKRD35,5.303859617137644
ANKRD36,7.172102187784876
ANKRD37,6.51341914311759
ANKRD31,1.357102187784867
ANKRD32,7.474007748404738
CHDH,8.830153144940748
NASP,10.908179124886063
GLS,10.133393527803102
ANKRD39,7.384013582497724
CDIPT,11.02788268003646
NCOA2,9.374040291704668
NCOA3,10.545601002734733
TMEM71,4.779854785779401
NCOA1,10.521037374658171
BSX,0.008739653600729261
NCOA7,9.493623518687338
NCOA4,12.121123154056512
NCOA5,10.3997092980857
FLJ10038,7.727357793983589
NELL1,1.3753569735642668
SPCS3,11.263220692798544
FAM194A,0.8803324521422057
FAM194B,0.014909662716499546
BSN,5.361998632634454
POU6F1,7.127865542388317
CISH,9.803141294439381
LOC442459,0.7660754785779395
LCOR,6.663868185961712
MECR,8.491185779398357
LOC442454,7.1401969006381005
BSG,13.16072297174112
YTHDC2,9.698526344576113
NSFL1C,10.675377575205088
P4HTM,9.451861531449419
MEI1,5.093833546034637
SNORA80,0.04208842297174111
IL1RN,7.598153600729261
EMID2,2.752696991795805
GSG1,0.4079583409298088
KDSR,10.569554785779403
PRDM15,7.914836098450332
SH3BP5L,10.042959343664554
MED17,9.183470920692786
ZNF844,7.720362989972661
SLC27A5,6.741558796718323
PLSCR2,0.8603055606198713
EMID1,6.889301093892432
PRAM1,4.864669735642658
SORT1,11.58640856882406
SLC27A3,8.867162989972643
PLSCR3,9.176111577028262
ACPT,0.2607751139471286
SEPT2,13.080248040109414
ERO1L,9.502359708295353
ZNF638,11.420070373746599
ACPP,4.66958459434822
WDR85,8.229053053783044
AK3,10.137080674567002
AK2,11.18603281677301
AK1,9.173879671832253
PRDM11,3.967432543299911
AK7,4.139784047402005
TBCB,10.249695350957154
AK5,6.321535095715593
ZNF474,2.806775752051047
NPNT,11.12215551504101
WDR87,1.2420101185050134
OXTR,6.8976740200546995
MME,8.269029261622581
MMD,8.283596444849593
SMARCAD1,9.660957338195079
FLJ42627,5.665313764813136
PABPN1,11.186497903372814
PPM1B,10.015743391066557
NCKAP1L,8.67140455788515
ACTBL2,1.4911525979945304
MAP4,12.478954694621695
UGT2B7,1.2594821330902457
LOC723809,0.5442561531449406
HNF4A,0.4081614402917049
OR1N1,0.08511987237921607
FLJ44054,0.4362626253418414
TREH,0.3776237921604377
TIMD4,2.2896427529626298
GEN1,8.434363810391972
ZNF497,6.7811628076572505
ZNF496,8.310540291704655
ERF,9.843640109389236
ERG,7.993986782133088
ZNF493,7.670860528714682
CBLL1,9.612469553327244
EPS8,9.876841476754795
SH2D3C,8.125941476754784
MACC1,8.676440929808564
RRP8,8.189116226071112
MPI,9.296244940747481
ERH,11.02530738377395
PARM1,8.933975387420247
APOL5,0.40183290793072063
HERPUD2,9.328985870556066
HERPUD1,11.204503190519594
RGAG1,2.7367394712853224
CELP,0.2538584320875115
WDR89,8.435937921604376
TMEM55A,7.2012069279854165
TMEM55B,9.11879908842297
MTTP,1.512615770282589
NDNL2,8.463623609845024
RRP9,8.535864175022812
SNCB,0.7222309024612584
FCGRT,11.16145998176846
TRA2A,10.343181586144038
SNORA84,0.0367239744758432
ITIH5L,5.907565542388338
SEZ6L,3.0230299908842304
PCDP1,2.5405939835916143
SLC24A6,9.345121877848678
KIAA0141,9.938502096627161
MDC1,10.030288605287152
FBN2,6.605754329990883
EMR4P,2.0583843208751174
NCR1,0.6970437556973572
FBN1,12.094373473108476
CXCR2P1,4.061705469462166
RNF126,8.771191340018229
BRMS1L,7.383727256153146
MEX3D,8.908648678213302
PACRG,2.3570873290793073
KLRG2,4.812200364630812
MEX3C,9.85780811303555
MEX3A,9.301660802187781
MGC2752,9.193163081130367
LACTB2,7.961608204193254
AOAH,6.613603190519602
C3AR1,8.254378577939843
BTRC,9.790715861440304
BAAT,0.808786235186874
IL17RB,8.037977484047403
ITLN2,0.39370355515041017
PDE1C,3.4205206016408396
ITLN1,0.4104244302643575
SCN1B,6.957707201458524
RNF121,8.969748040109389
PDE1B,6.706264995442104
PPM1N,3.5742821330902514
PDE1A,5.4975123062898765
EEPD1,7.518676572470377
SFTPD,3.5946480401093863
CLCA3P,0.14912251595259798
FRYL,10.26376417502279
DEXI,9.146001093892426
SFTPB,1.1876946216955342
KDM1A,10.937552597994548
IDI1,10.205726071103003
IDI2,5.99637857793983
IPMK,5.437554147675477
KDM1B,9.239498632634458
IMPDH1,10.555547128532368
SCRT1,1.0938989061075663
IMPDH2,11.747682315405637
SCRT2,0.18882470373746582
NECAP1,9.654805651777572
FEZF1,0.32232178669097533
TMEM185A,9.28077082953509
MAP9,8.428562534184149
UGT2B28,1.6219432087511383
UBXN10,7.493560346399274
UBXN11,8.613587146763908
DNTTIP1,9.08138422971742
DNTTIP2,10.451189243391065
UBLCP1,9.093214311759338
DYM,9.48050838650867
SNORD12C,0.0
PRAMEF22,0.01290711030082042
PRAMEF20,0.01664184138559708
PELO,8.786174931631724
UBE4B,10.228234457611677
ANKRD36B,4.685723974475846
MTMR9,8.408451412944398
FEZF2,0.22032871467639017
MTMR7,5.458412397447587
MTMR6,9.573156791248868
MTMR4,10.30320674567001
MTMR3,10.362569462169551
LAP3,11.222912123974485
MTMR1,9.677277848678226
YIPF2,10.113562169553337
NAAA,8.946182406563349
NR3C2,6.620218960802174
TSC22D3,11.532829990884238
SFTA1P,1.7695882406563344
TSC22D4,9.950357702825888
TSR1,10.221826709206939
OR11A1,0.0192771194165907
FCHSD1,7.796044849589794
FCHSD2,9.531332543299905
CABC1,9.977996900638116
MTMR9L,6.03910009115771
SV2A,5.952741294439376
SNORD123,0.0
SAMD7,0.0784927985414768
LOC349114,6.976491066545122
SNORD126,0.0
SNORD125,0.0
KIAA1161,8.50759261622607
VAT1,12.068013126709195
RAB33B,8.257796809480396
OR1S1,0.0032265268915223338
HIGD2A,9.83732251595261
HIGD2B,0.5003313582497719
OR1S2,0.004180218778486782
REXO1L1,0.18057019143117595
UBA52,12.980527711941663
DND1,6.185448587055609
PLCE1,7.188686782133089
NPY6R,1.0181072926162262
FOLH1,6.052531175934366
CD2BP2,10.76239489516863
MESDC2,10.505783135824972
NOBOX,0.01924257064721969
MIA,4.838338742023695
NDUFC1,9.45209298085689
RUNX1,11.797574931631734
THEM4,8.558440109389236
LOC100132354,1.1933278942570633
GRASP,6.317140018231531
EXOSC8,8.059209480401083
EXOSC9,8.882522607110314
BCKDK,10.32628605287147
EXOSC2,8.817192433910673
EXOSC3,8.64198587055606
EXOSC1,8.62149188696445
EXOSC6,8.033622607110292
EXOSC7,8.94754275296262
EXOSC4,8.799804649042853
EXOSC5,8.705070191431174
ADAMTSL2,7.179637010027343
ADAMTSL3,6.58880920692799
PTGER2,5.587156426618054
ADAMTSL1,6.586153509571561
ADAMTSL4,7.379637648131261
ADAMTSL5,5.532077301731987
DEFB108B,0.001434548769371012
SURF1,9.546517866909753
CYB561,11.870763172288058
TULP1,1.147224886052871
TULP4,10.244816317228775
C6orf142,1.2579582497721051
C6orf141,5.97312971741111
NMBR,0.6692339106654517
C6orf147,2.6055067456700094
C6orf146,0.05250692798541477
C6orf145,8.845221604375572
ZNF569,7.31591084776663
OR5B3,0.004119234275296263
OR5B2,0.042234548769371
KRTAP5-11,0.06848532360984505
KPNA2,11.411082041932552
INCENP,8.651495168641747
PTPN2,9.049506472196892
STK33,2.2634477666362827
FARP2,8.232674384685508
KPNA1,10.830740474020056
UPF1,11.418772926162253
FARP1,11.37978887876027
C9orf40,6.717478395624433
C9orf41,7.066115496809477
WDR36,9.514093983591621
C9orf43,3.5647107566089327
C9orf44,1.4910231540565184
C9orf45,7.0185603463992825
C9orf46,8.934577757520508
C9orf47,3.6895468550592563
BTG4,0.19801905195989072
MBNL1,11.253994439380097
LOC256880,1.6687370100273498
FCER1A,4.766791978122145
SYVN1,10.783399635369168
CRYBB2,1.482483135824978
PRMT8,1.0279448495897883
BTG1,11.702009845031904
OR2A12,0.026031449407474927
RPL30,13.839003919781211
OR2A14,0.07192962625341838
TMEM194B,6.659655241567914
SNAP47,9.832421695533275
DEPDC1,7.608278304466723
DEPDC6,9.264259434822227
DEPDC7,4.635593892433916
DEPDC4,3.1294730173199636
DEPDC5,8.251419963536925
KIAA1908,7.152846216955326
EEF1E1,8.221040382862366
ZFATAS,0.2185819507748403
TEC,5.000526344576124
PSMB11,0.14991175934366455
PSMB10,9.57022032816772
PAOX,6.786563445761165
CXorf50B,1.946875843208752
SCYL2,10.092694621695527
SCYL3,9.175354238833162
ZNF396,6.123306472196902
SCYL1,10.841522424794881
LOC388428,0.2541063810391977
STXBP3,9.861251139471293
STXBP2,10.691554603464013
STXBP5,8.522845214220597
STXBP4,7.259683591613496
TMEM133,5.733289972652691
PDE12,9.2817929808569
C14orf166B,0.1740276207839563
SMOC2,10.363716134913414
OR4D9,0.005706381039197812
PDIA3P,11.599900000000005
CYP1B1,10.128080765724713
INS-IGF2,1.2203285323609836
SKP1,12.516629808568812
S1PR3,9.681259708295347
OR4D1,0.033486326344576114
OR4D2,0.008107566089334547
NOC2L,10.925405651777574
TMEM200A,7.3535656335460295
OR4D5,0.00944703737465816
CRYBG3,7.506154512306302
S1PR4,4.705312306289882
FANCG,8.592200091157698
CFLAR,9.381504375569733
FANCE,6.934968824065628
FANCC,8.204553600729264
FANCB,4.653238924339101
FANCA,7.680611121239745
ENY2,9.553490246125786
FANCM,7.228190975387413
FANCL,8.386252142206004
HAS1,2.7346298997265253
FANCI,9.827134457611686
HAS3,6.011616864175022
ARSD,11.261139562443033
CA5A,0.09514758432087514
KIAA1671,10.763486417502273
ARSE,4.908870191431171
F13B,0.11989179580674567
HNRNPA3,12.326533910665463
HNRNPA0,11.685370738377392
HNRNPA1,12.602453965360075
C12orf61,3.2010589790337316
MSH3,8.891155697356412
SLC7A1,10.149666727438461
RPN2,13.187414949863253
C12orf60,4.726889790337283
LOC100131193,5.517096718322698
GLYATL1,5.441043664539645
MIF,12.05187657247037
EXOC6,9.208408386508665
MC5R,0.5809458523245208
DKFZp434L192,0.035027073837739287
ARSA,9.58181868732908
WDR31,6.136453327256149
KIAA1109,10.654247402005472
TES,10.319487329079305
ARSB,8.41133263445761
LRRFIP2,10.078133090246123
DUS2L,7.61802935278032
IRS4,0.8460172288058343
MYST1,9.37865989061076
EXOC5,10.33155113947129
SLC45A3,7.05368067456701
IRS1,9.914668003646309
IRS2,8.937929626253426
HOXA7,5.695260437556971
CDK1,9.548096718322705
CDK2,9.60021695533274
CDK3,6.412187602552417
CDK4,11.242472379216053
CDK5,8.477037374658149
CDK6,8.80394904284411
CDK7,9.062872926162264
CDK8,7.262211303555148
CDK9,10.10116435733821
IGLL3,0.42423591613491374
LPAR1,8.208163536918873
HAPLN1,4.50306526891522
C12orf69,3.049501002734733
HAPLN3,8.142785323609841
HAPLN2,0.9864454876937097
ZNF502,6.009846855059256
RAP2B,9.662246490428444
HEXB,11.18659562443029
SAMD1,8.424400273473111
NEURL,6.374529535095713
CEP57,9.414099726526894
FAM188B,7.069456973564268
CEP55,8.417390063810387
TIMM50,9.625833819507749
ARSI,6.115598359161346
LIMS2,8.150714402917043
LIMS3,2.3948047402005477
LIMS1,8.21941485870556
ARSJ,6.287567547857796
PRMT2,10.799129079307216
ARSK,6.887539653600726
SOSTDC1,4.553567092069285
RERE,11.374479762989981
ZFHX3,9.583515587967183
RERG,9.767415496809488
ZNF383,6.528995259799451
FLJ32063,0.2515783044667274
DMBX1,2.7115142206016434
RGL1,8.684376663628083
ROBO1,9.123910118505005
RGL3,6.79762297174111
RGL2,11.012437010027359
RGL4,2.843920601640838
MIIP,8.402668641750223
OR10Q1,0.16966973564266183
HSPD1,12.865392069279856
OGN,7.28404238833182
MTX3,9.178065633546025
MTX2,9.3744969006381
MTX1,9.751104193254337
LOC728723,3.45714165907019
AMD1,10.515393436645395
PRKCI,10.032460619872396
PRKCH,9.31770437556972
SYN3,2.445222698268004
LIAS,7.304971103008196
PRKCA,6.983799453053785
ATP10A,8.038313309024625
ATP10B,2.074254968094801
C9orf98,6.122571103008208
ATP10D,8.478152962625353
PCDHB9,5.838434275296261
PRKCG,0.797339471285323
TNNC2,2.128381403828624
HIST1H3B,1.1280239744758422
HIST1H3C,1.0068845943482219
HIST1H3A,0.6747828623518687
HIST1H3F,0.776330173199635
HIST1H3G,1.895738286235186
HIST1H3D,4.871890975387412
HIST1H3E,5.748914038286231
HIST1H3J,1.1613630811303566
OR5T3,0.003869644484958979
HIST1H3H,4.304922424794894
HIST1H3I,0.2843607110300821
SEC11A,11.186257793983598
LYZL4,0.18078614402917048
SEC11C,9.793038377392893
MATK,5.364880309936182
ROBO3,5.5064924339106645
PMF1,9.884696809480381
BZW1,12.41498131267092
TSGA10IP,0.7350989972652695
LOC154761,5.448230902461251
RAPSN,1.1460567000911581
SCRIB,10.746954968094805
TYMS,9.143957155879669
TYMP,10.538550410209664
RIF1,9.65695341841386
ZNF790,6.792996809480393
ZNF791,7.989455879671833
ZNF792,7.265903646308113
ZNF793,7.079329990884232
PPWD1,8.552788331814037
ZNF436,9.773378486782153
MUL1,9.498491066545121
LAMC2,9.42828122151323
PCDHB1,0.5888858705560621
MGC16703,1.628779854147678
ROBO2,4.756985414767544
WWP2,10.161073108477668
NAA15,10.269725706472206
TBX15,6.643243573381949
OR5T1,0.004880856882406564
SPTLC1,10.701877575205113
DAPL1,2.2541437556973554
C15orf44,10.029788058340937
PPIL2,10.095361440291718
PPIL3,8.003109571558808
PPIL4,9.249508386508662
PPIL5,7.787074749316317
PPIL6,6.085325524156807
SLC35C2,10.136333728350046
MYADM,11.899218869644482
SLC25A13,9.056745396536016
SNORA14B,0.07102825888787605
LOC339524,5.811972835004548
PPP1R7,10.182371376481312
PHLPP1,8.800710847766643
CCDC99,8.049077575205109
PPP1R2,10.392749225159513
CCDC94,8.391765268915226
CCDC96,6.596918869644489
CYP4F11,5.501447219690065
CCDC91,8.941438833181403
CCDC92,9.73543309024613
CCDC93,9.412929535095717
ZNF570,6.061387784867823
GSTA4,8.274311303555148
SORBS1,9.595895989061082
RTN4IP1,7.294360437556975
ZNF574,9.11058687329078
C15orf42,7.040837465815862
ZNF576,7.890998906107557
ZNF577,7.24429808568824
TRPV5,0.5351144940747499
FAM25B,0.34171923427529627
FAM25A,1.2981354603463984
PDZRN3,8.839882680036458
MFAP2,9.62585323609846
SETDB1,10.305756153144944
PRTN3,1.2939556973564275
ROBO4,8.457420054694628
CTSH,11.013263172288038
CTSK,11.59612789425705
ZNF645,0.04182224247948952
CTSO,9.91707383773929
CTSA,11.488592616226063
CTSB,14.13173454876935
CTSC,10.584484138559706
CTSD,14.394956882406557
CTSE,1.2336441203281665
CTSF,10.579015861440274
CTSG,3.91845004557885
RPL14,12.912467730173184
POSTN,13.918292616226054
CTSZ,12.164424977210583
RPL17,12.37670783956244
RPL10,13.81423108477666
RPL11,13.680383044667277
GPATCH8,10.20850455788514
RPL13,13.648452689152238
PRKAR2B,9.634374567000924
FGFR4,6.9559253418413896
CTSS,10.564070373746572
FGFR2,9.213252780309945
FGFR3,7.988351230628992
CTSW,5.664840109389243
CXCL1,3.3727186873290815
NAA10,9.780261531449408
CXCL3,1.921877210574292
CXCL2,4.072088514129442
CXCL5,2.322737101185051
VPS4A,10.575356335460352
CXCL6,1.6537841385597085
CXCL9,9.496745396536008
PRMT5,10.473036554238845
INCA1,4.052931084776658
SORBS3,10.69898195077483
NINL,8.07028505013674
LOC646627,0.10469480401093895
SYP,5.643832999088419
LOC100132215,3.280540382862356
AMMECR1,8.632035551504114
KRTAP23-1,0.0
KIAA1310,10.744019051959876
PRRX2,6.832763901549689
METT10D,9.557171194165912
LRRIQ3,3.4006219690063797
CSRP2BP,9.507432452142202
EMD,10.229989699179585
RGR,0.7285473108477671
NLRP14,0.7510923427529624
EMB,9.29808623518687
ZGPAT,8.958831449407473
SNORD48,0.0
USP28,8.919747766636286
SORBS2,9.233725068368267
GJC3,4.0503692798541415
TMEM150A,8.62003801276208
LOC644669,0.15349352780309933
PDZK1IP1,8.003208477666366
MIP,1.0682876937101196
LOC100287227,2.646036280765718
SUDS3,10.590252142206005
MBL1P,1.7580701914311732
RGN,3.940135916134915
AP2S1,10.577401914311759
FLJ25363,0.061088878760255226
PIAS3,10.471865451230633
NCRNA00093,2.3893701002734704
ZNF580,8.383131631722877
AFF4,11.538615770282563
AFF3,9.941695168641756
AFF2,4.370111485870554
AFF1,10.736011394712863
USP22,12.230861075660892
CARD9,5.6363814038286275
CARD8,9.087265998176845
USP21,9.403417137648113
ALDH16A1,9.259590975387423
USP20,9.329169462169562
CARD6,7.266906654512299
THRSP,6.04002515952598
SAE1,11.101653691886959
OR5L2,0.0033872379216043757
KIAA0195,10.67537329079308
KIAA0196,10.916825979945306
ERP27,7.661693983591626
HMP19,2.284940656335459
ERP29,11.519187511394723
PSMB8,10.515036827711933
PHKA1,9.008469279854154
GCKR,0.7071143117593435
PHKA2,9.243316499544212
UBA6,10.019989061075654
PDP1,9.619135460346417
PDP2,6.789851504102111
UBA5,9.667234913400188
UBA2,11.115796444849604
TRRAP,10.934803919781222
UBA1,13.061932178669105
LOC283174,5.457113491340015
PWP1,9.892083409298083
PHF20,10.559688422971735
PHF23,9.661552780309957
ABCA10,3.646406107566095
UBE2H,10.878598176845951
ABCA12,6.6903765724703605
ABCA13,2.1799332725615295
UBE2M,10.030769371011855
FAM162A,9.992913491340019
FAM162B,3.236824612579763
NAA11,0.23567474931631727
UBE2A,10.564969917958056
ZNF134,8.07160747493162
UBE2C,8.98940701914311
ADAMTS2,8.673155788514148
SI,0.04719389243391066
UBE2F,9.37093144940748
UBE2Z,11.597994804010932
FGGY,6.9164489516864105
IDH3G,9.868470009115756
UBE2S,8.563679854147678
RPAIN,8.937549680948035
TOP3A,8.851676025524151
UBE2T,8.514755059252513
UBE2W,9.627718322698263
TOP3B,8.037643299908838
OR51F1,0.0037268003646308114
TAC1,1.813144302643573
PTGFR,4.7333331814038235
OR51F2,0.006738833181403828
HHIPL2,3.7850767547857815
LIPT1,6.734518322698262
ADAMTS9,7.9392051048313625
SCG2,5.250765998176846
ILK,11.082712670920692
RPRML,0.5228758432087511
ADAMTS8,3.9438868732908023
LOC283332,0.1006021877848678
LOC440563,0.7489456700091154
SDHAP3,6.53976554238833
FLJ34503,0.6898931631722884
ARHGEF1,10.450522880583401
RASL12,7.153821513217862
FAM48B1,0.4726921604375568
TIMM44,9.03961230628989
PROKR1,0.5365042844120328
CPXM1,8.773194895168652
PNO1,9.2103520510483
CPXM2,8.772061440291695
PDE3A,5.236378395624434
BMP2K,8.397810209662717
MTG1,8.84303154056517
C20orf135,6.269554603463988
C20orf134,5.503150774840461
C1orf87,0.2695654512306289
RABEP2,9.106252689152234
C20orf132,4.2306723792160446
SHB,9.396091431175918
SRRM3,6.051564448495897
LFNG,9.641213491340025
PENK,2.266158979033724
MORF4L2,12.617140018231554
MORF4L1,11.889093618960802
COCH,4.782120237010026
NDUFA6,9.971171011850505
LOC100124692,1.8453759343664544
NDUFA4,11.54474576116681
NDUFA5,10.482096444849589
NDUFA2,9.909622242479493
NDUFA3,9.35863372835005
NDUFA1,10.520520419325422
C21orf70,7.251504010938922
C21orf71,1.1734120328167732
FOXR1,0.06831804922515954
MAP1LC3B2,7.7098310847766705
NDUFA8,9.764867821330885
NDUFA9,10.376365268915219
GPR64,4.067009662716498
GPR65,6.454846490428437
FLT3LG,6.397184685505924
GPR63,2.95704457611668
GPR61,0.442981768459435
INE2,3.4710989061075654
IMPG2,1.8441350957155898
INE1,4.130790154968095
FAM171A2,5.376682953509567
GPR68,7.735178760255242
FAM171A1,8.253601731996351
LOC728264,6.872593072014577
KIAA1967,11.029544484958976
RP1L1,2.065534184138558
SNORD114-9,0.0
TBL1XR1,11.854342206016415
SNRK,9.830682953509577
SVIP,8.609053600729263
ASMT,0.8962042844120327
NBR1,11.72091987237922
IL6,4.258463354603464
IL7,4.012786964448497
IL4,0.08530355515041023
IL5,0.1914010027347311
IL2,0.5313713764813129
IL3,0.03188614402917047
CFC1B,0.3359728350045579
VWA5A,9.0718547857794
ZNF443,7.238082315405659
IL8,5.313884320875123
IL9,0.019468641750227892
DTX4,8.57834512306289
GNS,12.289984958979034
ATP5L2,0.3863910665451232
PLGLB2,5.161636098450324
DTX1,6.1765484047401955
DTX2,8.90430373746582
DTX3,9.11493072014584
BIRC7,1.8250478577939828
BIRC6,11.130075660893349
BIRC5,8.27364375569735
BIRC3,8.247343299908838
AIP,9.717325159525991
EIF6,11.21466946216955
LASS4,10.281902370100271
OXR1,10.031060528714683
ANKRD19,5.707717411121246
ANKRD16,7.5366625341841305
ANKRD17,11.34256326344577
RB1CC1,10.706326618049225
INSM1,3.391515679124885
ANKRD12,10.081074658158608
ANKRD10,10.36440109389244
ANKRD11,10.7651131267092
UROS,9.381537830446673
POLR2G,10.119817684594352
LOC100192426,0.14609945305378302
?|388795,1.0634751139471288
TMEM37,7.054620692798534
AKR1E2,4.144607019143116
SNORD46,0.0
NSF,10.592181677301733
TMEM33,10.70294284412033
STK38,10.287860437556981
SPHKAP,1.4399814949863268
PDPK1,10.537596080218778
DMC1,3.544742388331816
NT5C1A,0.18540984503190525
MYH1,0.842855606198724
MBL2,0.3372381950774841
NT5C3,9.104659525979931
NT5C2,10.235365268915233
PUS3,7.704019051959904
MEA1,10.30219617137648
POU3F2,0.786562169553328
OTOP3,0.2650286235186873
OTOP2,0.1534325432999088
SNORD115-2,0.0
SNORD115-3,0.0
POU3F4,0.09370574293527806
KDELR2,12.642658796718328
TTLL1,7.890661896080213
MNS1,6.31668277119416
REP15,3.758262716499545
HAGHL,7.012780218778472
POLR2J4,7.773231996353684
SNORD22,0.3844463992707386
DPRX,0.10377219690063813
KRTAP4-11,0.043379398359161346
OR14J1,0.004264448495897904
KRTAP4-12,0.029667547857793988
FAM53B,9.864619051959886
FAM53C,10.065996262534178
FAM82B,9.623876025524151
FAM53A,4.888038833181402
KRTAP26-1,0.009348587055606199
C10orf105,2.9900872379216037
SNORD27,0.0
C10orf107,2.8627061075660905
SDS,7.47096171376481
CYCSP52,0.24549890610756597
C10orf108,1.730786144029171
SFRS8,9.7439196900638
ANO10,9.707989061075663
POGZ,11.373972926162251
ACRC,3.94548915223336
GSTCD,8.465502461257971
LDB1,10.45070519598906
PRUNE2,6.761432360984495
SFRS6,11.9069933454877
SIGLEC12,2.1424469462169546
TMOD3,10.480024430264352
CRIM1,10.909128896991806
KCNK6,8.815648951686406
PABPC4L,5.083269553327263
PARG,8.937894257064718
AOC3,9.095569553327268
AOC2,3.639983682771194
TIMP3,13.540122060164078
PEX11G,6.2585292616226065
EPX,1.0633078395624425
PARS2,7.299648587055601
NRCAM,6.80298778486782
MLH3,8.786893801276202
PARL,9.760830720145863
MCF2L2,2.3554118505013717
TNFAIP8L1,7.340936736554237
KCNK1,8.200249316317224
EPO,1.8940906107566113
PI4K2B,9.245447310847757
KCNK2,5.96832351868733
PI4K2A,9.79802014585232
HIBADH,10.053653418413862
KCNK3,4.6231850501367395
NHLRC3,9.158482771194162
NHLRC2,7.193045305378305
NHLRC1,6.731785323609845
CXorf58,0.7106267092069283
CXorf59,0.9203271649954413
RPP40,7.124913947128529
NHLRC4,5.486719234275296
PAFAH1B1,11.466089425706464
CXorf56,7.783194621695542
CXorf57,4.301782406563356
CXorf51,0.018655879671832267
LYZ,11.122956973564266
SYCE1,1.8030277119416578
SUSD4,8.558711850501373
SUSD5,5.74755861440292
CGREF1,7.856896262534189
SUSD3,8.922445761166813
SUSD1,7.696240747493164
POLR2F,9.00206052871468
TRIML2,0.7596399270738378
LYN,9.057324156791244
PAFAH1B2,8.68427438468549
PRH2,2.3128916134913404
LOC441177,0.6465257976298996
TINAGL1,8.884660437556972
VAMP1,7.4618800364630795
PSORS1C1,3.092750774840468
PSORS1C3,0.41562552415679116
PSORS1C2,1.8167401093892428
LY9,4.795123974475843
PAGE2B,0.5491856882406562
SUCLG2,10.318568641750248
VCX3B,0.25290556061987246
VPS13D,10.765584958979
PTX3,4.497477028258891
SEC23IP,10.401712397447584
DOHH,7.644931175934361
IP6K3,1.7978274384685482
IP6K2,10.499337101185045
CWC15,9.498373290793078
GH1,0.3048399270738377
OTUD6B,8.190762898814942
NACC1,11.01877201458524
BRSK2,3.154006563354603
BRSK1,6.376520237010027
SNRNP200,12.67429161349134
MEPCE,10.434738833181397
TNIK,7.740006198723785
SH3KBP1,9.460979580674573
DDX4,0.3164395624430264
DDX5,13.535563081130368
DDX6,11.763091795806755
INADL,10.849858523245208
TLR6,5.213781494986322
DDX1,11.24605423883319
LOC286467,3.163437648131266
PTX4,0.5299009115770283
MYO15B,8.434306472196916
MYO15A,3.947868641750225
HSN2,3.661379854147674
MYADML,0.05583208751139471
POM121L10P,2.099823427529629
NUP205,10.597522971741123
ZNF215,3.885245031905192
HLA-J,2.8301290793072074
ZNF217,11.280701823154036
HLA-H,10.506679945305379
ZNF211,7.762015770282596
SLC7A8,10.962765907019126
HLA-L,4.828514311759341
F8A1,7.116242752962629
HLA-B,14.51087082953508
HLA-A,13.885933454876927
NFKBIA,11.13217174111212
FMN1,5.91058960802187
HLA-F,10.035956426618041
HLA-E,12.558538650866016
FMN2,2.334702187784868
NFKBIZ,8.52339954421149
TDRD12,1.668884958979034
PSTPIP2,8.452111941659076
ARID4A,8.880766545123059
ARID4B,10.572577119416588
PSTPIP1,5.740063719234276
MMS19,10.184970464904294
PLAC1,3.7755279854147688
FAM75A2,0.5928005469462171
FAM75A3,0.30656134913400196
CRYZ,9.391518687329079
FAM75A6,0.0996339106654512
HAUS6,8.940141112123994
DKFZP586I1420,8.203882406563348
HAUS4,9.644585232452142
HAUS5,8.454788240656342
HAUS2,8.96592798541476
HAUS3,8.619393527803107
HAUS1,8.68921768459435
PRSS33,0.9970744758432094
SLC5A10,1.8494081130355509
SLC5A11,1.8411948951686423
PRSS37,0.3952169553327255
NR5A2,5.9028928896991815
NR5A1,0.6631371011850501
ZNF389,2.5281677301731995
DLX4,4.126511303555149
DLX5,4.069245761166813
DLX6,1.413730811303554
MYD88,10.46046116681859
DLX1,2.9731365542388364
DLX2,3.3374671832269813
DLX3,5.691937465815864
TLX1,2.170201823154061
ACVRL1,8.706352962625337
PACSIN2,9.80016490428443
TFEC,6.980324886052878
SNX16,8.134895442114852
TUBA3D,4.242632543299907
C13orf1,7.8587299908842345
SYNPO2,9.306459161349137
ZNF805,8.480436371923432
ERVFRDE1,1.5873056517775752
HIST1H2BD,9.170447857793977
HIST1H2BE,3.597932087511394
HIST1H2BF,2.164679671832272
HIST1H2BG,5.069403099361892
SNORD105,0.0
HIST1H2BA,0.01744986326344576
HIST1H2BB,0.24938167730173197
HIST1H2BC,6.572449589790325
HIST1H2BL,1.456559890610756
HIST1H2BM,0.4745887876025528
HIST1H2BN,3.4968544211485817
HIST1H2BO,2.3792874202370116
HIST1H2BH,3.6484572470373786
GATAD1,9.81371978122152
HIST1H2BJ,5.323669644484951
HIST1H2BK,10.50215943482225
SEC23B,11.039036371923421
TMEM160,6.120925068368279
VAV1,7.414629808568814
VAV3,11.329377484047395
ADIPOR1,11.917325979945304
TNFAIP1,10.527919234275288
SLC22A18AS,3.7498995442114884
TNFAIP3,9.273148769371009
TNFAIP2,10.563985688240662
RRAD,4.277370009115766
IPO8,10.336295259799455
IPO9,11.30629753874203
IPO7,11.919993254329988
IPO4,10.413375387420235
CTAG1B,0.9116254329990887
USP44,2.0930031905195996
NRBP2,9.349958796718319
NRBP1,11.270391613491322
RTF1,10.872810027347317
DTX3L,11.130276390154965
TFDP2,8.318851959890615
SILV,5.491034913400176
PAPL,1.1616127620783971
GHRHR,0.31202370100273474
SDCBP,11.667290884229713
SPANXN4,0.001314767547857794
FOXN4,1.3742297174111224
STARD13,8.9456938924339
DCAF8L1,0.11370674567000912
DCAF8L2,0.259680127620784
LOC401397,9.223383956244293
ZNF223,6.494371285323607
LRRC58,10.329843299908843
ZNF521,8.490421513217878
LMBR1,10.068151686417483
RAB8B,9.13446171376481
DEFB106A,0.00023974475843208752
RAB8A,10.91627356426619
NR6A1,2.967913035551506
PYHIN1,4.286456608933449
C6orf163,2.577218413855972
C6orf162,6.45637374658159
C6orf165,4.7965943482224285
C6orf164,2.999610483135832
C6orf167,7.879902370100272
SCPEP1,10.750945578851406
GAS2L2,2.2629833181403862
MGAT5B,4.086887693710124
OR13D1,0.05115706472196902
REPIN1,11.186558523245212
ARL17B,1.7444259799453055
ARL17A,6.410103281677308
GABPB2,7.15913682771194
PAQR8,7.648727894257065
GABPB1,8.975649316317226
PYGO1,3.3445187784867856
PYGO2,11.017916408386508
PHYHD1,7.5305665451230555
PAQR3,7.830689061075658
MARK3,10.168660164083857
ANKRD34A,4.332019051959897
PAQR4,10.0136422971741
ANKRD34C,0.7334664539653603
ANKRD34B,1.3572496809480412
FERMT2,9.720895442114848
FERMT3,8.475188696444848
HOXB7,6.982854329990886
FERMT1,4.825990793072013
NME2P1,6.357774202370101
FADS1,8.916793618960796
?|100134869,2.8546969917958087
FADS2,10.693531905195984
CRNKL1,10.362556608933462
FADS6,0.8782190519598896
SIL1,9.897617137648137
HCG18,8.904885688240658
SYNGR1,9.174062078395632
WDR92,8.023129170464896
SYNGR3,5.135248860528724
SYNGR2,12.339123518687309
HCG11,8.181080948040107
CTDSP1,11.28549188696445
NXT2,8.574631996353693
PRR5L,7.408216773017311
NXT1,8.484021969006381
CTDSP2,12.19175195989061
DGUOK,9.606495715587972
CSE1L,11.599477210574284
RFPL3,0.32764038286235186
SNTN,1.9260683682771165
MAK16,8.803429717411115
LOC100128288,5.092671923427524
ACSL3,11.755536189608039
SP8,0.19147438468550598
PMVK,10.259354694621686
PAQR6,6.062473017319969
PET112L,8.481564630811318
AMZ2P1,7.636336645396543
ACAD10,9.021388422971734
ACAD11,8.155106016408386
AWAT1,0.32726226071103015
AWAT2,0.7923453965360079
SAMD8,6.698062351868738
RAGE,7.431989881494977
VWDE,3.8912309936189584
C5orf28,8.243960528714686
ZADH2,9.692382862351863
SP9,0.33810884229717436
C5orf22,9.34400337283501
C5orf23,6.390840656335459
C5orf20,3.5390968094804
PLOD1,11.68772260711031
?|729884,2.3633617137648106
C5orf24,10.182841020966274
C5orf25,7.4803899726526915
DNASE2,10.830889061075672
DNASE1,6.450733728350034
GRIN2A,3.8906482224247894
C9orf66,4.075164357338191
C9orf64,8.796012670920692
C9orf68,4.933619325432997
C9orf69,9.698735916134915
UQCR10,10.328551139471298
TDRD10,3.0115349134001814
KLHDC8B,8.854198450319046
SLC45A4,8.528994895168642
KLHDC8A,3.921554603463988
RAD21,12.887749407474956
LY6K,5.554193892433912
ANLN,9.32418167730173
MYOM2,3.8477559708295326
DVWA,0.6167074749316312
PTPDC1,7.515617228805833
USP13,9.228239288969911
ALDH6A1,8.45331750227895
USP11,10.368735004557893
USP16,10.040399179580673
NR2E1,0.7627621695533275
USP14,10.885523336371916
NR2E3,2.6556047402005456
SSBP1,10.235387876025529
ZNF878,2.5656395624430273
SSBP3,9.273394530537832
SSBP2,8.674115679124895
BCL10,8.876593801276217
GSG2,5.625721604375568
INPP1,7.539368185961718
GFI1,4.440847493163171
PSME3,11.220340838650866
IL27RA,8.2615451230629
UNC45A,10.868148769371016
RLTPR,5.116256882406562
UNC45B,1.3041164083865082
TMCC3,7.667598906107569
PIGR,6.8270486782133055
DUS4L,7.4236222424794915
TPD52L3,0.07494585232452142
TAP1,11.274795624430283
SDCCAG8,9.10046663628076
CRKL,10.939626982680036
ZCCHC12,1.9256342752962612
VAMP2,10.407683318140379
DAND5,2.113368185961714
JPH2,5.756535095715587
JPH3,3.4887370100273487
JPH1,6.819740382862354
UBAC2,10.516275660893339
JPH4,3.5241421148587055
C11orf75,7.616771741112122
ZCCHC17,9.595189425706467
TYK2,10.209886964448502
ZNF787,8.791580856882405
ZNF350,8.224183409298092
NOS3,7.720222424794892
SOS1,10.238508751139488
MT1L,4.15405378304467
NCAM1,5.354981677301731
AMZ1,4.823139015496815
AMZ2,10.649353874202374
OR12D3,0.011583773928896991
BOD1,9.87919234275295
SUPT5H,11.490115496809493
ZC3H8,7.307878030993619
RETN,0.7262545123062893
TMEM87B,10.550992889699197
FAM190B,10.121624977210583
RBMY2EP,0.0
SPANXN1,0.011036280765724703
RPTN,0.3155444849589791
MT1H,1.3718412944393799
BRS3,0.15389644484958967
SH3D19,10.00044876937102
SF3A1,11.408273108477648
ARHGEF10,8.944168368277113
ARHGEF11,10.685005013673662
ARHGEF12,11.914768732907923
PPP1R14C,4.974085323609842
SLITRK2,1.8637904284412046
ARHGEF15,7.830647766636286
ARHGEF16,8.626193618960805
ARHGEF17,10.235906016408387
ARHGEF18,9.93679635369189
ARHGEF19,8.982791431175935
MOBKL1B,9.636895442114865
MOBKL1A,9.60171276207841
PAPPA,6.032372014585238
FXR1,11.275403008204204
FXR2,9.651803737465826
LOC400927,3.778588058340925
PIK3C2G,4.220386782133094
DHX29,10.158833546034648
ZNF764,7.8626587967183275
NEGR1,7.246372470373737
NEUROD6,0.010491978122151321
CYP4X1,8.27206627164996
SHCBP1,7.548639835916136
SNAP91,1.8523117593436658
TNKS2,10.553871011850502
SGK1,9.778086873290786
LST1,6.635413400182318
D2HGDH,8.24349015496811
TARM1,0.013730720145852323
MITD1,7.641879216043747
MGC16275,5.021746125797627
CEP76,7.293634639927062
CEP70,8.784118505013678
RHBDD3,8.36309562443027
CEP72,6.248427256153145
RHBDD1,8.347362534184144
ZNF776,8.996375387420242
KLC1,10.369252871467644
KLC2,9.513911212397455
KLC3,6.746185597082942
CEP78,8.26331978122151
ZNF773,7.079007748404739
ZNF770,9.894526891522336
CDRT1,1.3750515041020968
FBXW12,0.37151622607110285
USP17L2,0.2286475843208751
FBXW10,1.3304933454876933
FBXW11,10.15596499544211
HINFP,8.159521422060159
CCDC142,7.393303190519598
SNORD35A,0.0
SNORD35B,0.0
C14orf43,10.160546855059247
GPLD1,3.2965151321786634
C14orf45,8.034144484958976
OR2W3,2.7663257976299036
BAZ2A,11.40853691886965
C14orf49,4.950543026435736
C14orf48,0.05569252506836828
OR2W5,0.02994849589790337
CHCHD2,12.057081859617142
CHCHD3,9.778455788514133
CHCHD1,9.316036736554235
CHCHD6,7.199047128532354
CHCHD7,8.719771103008194
CHCHD4,8.181657885141297
CHCHD5,8.418764266180494
MST4,8.695159252506835
CHCHD8,9.650978669097551
LCTL,1.5998356426618048
RFK,9.030151230628977
MST1,5.7786067456700065
VNN2,4.559337739288973
OVCA2,8.910740474020061
TMTC4,9.046192342752947
VNN3,1.456799817684594
ZNF512,9.628015587967187
ZNF513,8.33510884229718
GDF15,7.502977939835909
ZNF511,8.424435460346393
OR5AR1,0.007096718322698268
HNMT,9.564457793983594
GDF11,6.998007566089337
GDF10,3.416757611668184
TSPYL4,9.589776298997263
DLG1,10.429554512306288
TSPYL6,0.3510807657247038
TMTC1,8.155265086599812
TRAPPC2P1,7.239951321786681
TSPYL3,4.810376937101177
RPH3AL,7.260147948951691
SAMD14,4.294860164083871
IAPP,0.09132123974475839
SLC39A8,9.30944056517776
SLC39A9,11.398238468550572
MSTN,2.080137192342753
HIST2H3D,1.0540535095715593
HIST2H3C,2.4599252506836873
NBLA00301,3.2146917046490446
SAMD12,9.021570556061997
SLC39A2,2.9460705560619838
SLC39A3,8.98290373746581
SLC39A4,8.348993527803092
SLC39A5,0.8114594348222426
SLC39A6,13.634725432999083
FLJ40504,0.46125533272561536
RBMY3AP,0.001479489516864175
WDR18,8.999905378304463
MFSD2B,4.394194804010937
GZMA,6.166689699179581
GZMB,4.807723427529628
GZMM,3.931575752051043
TBL1X,10.016257429352777
MTHFD1L,8.137841750227885
GZMH,4.472016773017323
GZMK,6.140295897903374
MSRB2,9.130686417502286
ZNF26,7.758029626253418
PMS2L3,5.360809480401098
TMX2,10.934330355515037
TKTL1,0.7938841385597089
C20orf3,11.994080856882402
VWF,11.517285323609837
C20orf7,7.215722151321784
TKTL2,0.45309343664539653
ZNF845,7.981120966271653
C20orf4,10.33167648131267
MYH10,10.699636554238829
MAP4K1,6.544334184138567
MYH13,0.7535061987237924
MYH14,10.726955515041018
MYH15,1.7361471285323626
MYH16,0.3201019143117593
KIAA0355,9.42868094804012
LOC493754,8.811918596171395
LOC647288,3.1345881494986303
RET,8.803223245214227
PEX19,11.157166180492249
MAP4K2,8.596456061987253
REN,1.2226952597994545
REL,6.691885779398361
MAP4K5,9.899614676390154
SH3BP1,8.412414767547858
PIK3AP1,8.408459161349132
MAP4K4,11.12279115770282
HMBS,8.549330628988164
SFRS17A,9.581658887876033
CDH17,1.4036625341841389
KLRG1,4.494223062898811
HARS,10.153996171376459
WNT9B,1.6445166818596182
SP6,7.596007201458527
ZNF28,9.05581057429353
GBF1,11.16232907930722
TBC1D3G,2.2146926162260723
ZC3H3,9.349998632634447
JTB,11.690758067456692
SLCO4A1,4.88202680036463
MIR155HG,4.059236371923425
NYX,0.21433983591613487
TMEM225,0.0014658158614402918
SYCP3,0.1996618960802187
ROM1,5.790892889699183
OR6K3,0.11349453053783043
OR6K2,0.011581312670920694
PNMA2,6.24117921604375
DNM1P35,3.921126618049224
PPEF2,0.4394185050136735
OR6K6,0.007670738377392891
PPEF1,5.242658067456701
OR4A15,0.004939835916134914
WEE2,0.9772255241567906
LEF1,8.499667183226974
PRPH2,3.9003820419325526
LMBRD1,10.00949580674568
SEMA5B,5.1110038286235175
FEV,0.26735815861440293
MTFMT,7.517802917046495
TMEM63C,8.509360893345482
KIAA1598,10.748769735642671
NAA38,8.867415679124875
FLJ40434,0.0020843208751139468
ZMYND17,6.469455788514122
ZDHHC20,7.479030720145847
NAA35,8.950492433910677
NTN3,1.1317195077484048
NAA30,9.166350592525085
NTN5,2.5911603463992714
LOC100169752,0.002259890610756609
FITM2,5.9137202370100255
FITM1,2.485037556973561
IFNA21,0.13599316317228813
RPS10P7,5.999886052871466
TTTY22,0.0
MIR17HG,4.324799088422974
ATAD2B,8.660562443026455
PLGLA,0.02470720145852324
TMEM168,9.3498742023701
GREB1L,6.166400364630808
B4GALNT4,8.789496444849592
RBM6,10.181631996353696
RBM5,10.763744667274402
RBM4,11.282390246125791
RBM3,12.281619963536919
B4GALNT1,5.47076873290792
B4GALNT2,2.22565834092981
B4GALNT3,7.687404649042843
OR51D1,0.003282862351868733
OCEL1,8.222165907019141
LOC283314,5.953767183226991
RBM9,10.74195733819507
CAT,10.57729525979944
GMCL1,8.416399635369185
ZBTB25,6.487699544211484
AP1S1,9.972859161349122
AP1S2,8.368619051959893
AP1S3,7.247910665451221
NDE1,9.458035460346391
SNORD24,0.0
VSTM2B,0.07597493163172289
WWP1,11.551550865998191
CAD,10.411342479489518
PGF,7.30252142206017
PGD,11.293884958979023
C20orf118,3.903317228805833
PGC,1.697190337283501
SNAR-B2,0.020040291704649046
SNORA8,7.742692707383776
LOC150786,5.558754876937095
C20orf112,10.143346946216944
C20orf111,9.754040656335453
C20orf117,9.028279307201448
C20orf114,6.279337465815861
DEFA6,0.018587237921604376
DEFA5,0.027624339106654513
DEFA4,0.048481312670920707
PGR,8.967929899726522
PGP,8.749708933454876
POTEH,0.5679191431175931
POTEG,0.2700254329990883
POTEF,4.334897356426627
POTEE,2.343658979033729
POTED,0.465138833181404
IVNS1ABP,11.195993983591613
POTEB,0.20817155879671834
POTEA,0.0048820419325433
ASIP,0.7462734731084784
C21orf90,0.6793544211485868
C21orf91,8.557665451230632
NDUFC2,11.189965633546018
C21orf94,0.024595259799453054
C21orf96,0.43494904284412045
C21orf99,0.13741002734731084
LOC644538,5.757322060164077
BMI1,11.007459161349137
MRS2,9.64936408386508
COX4NB,8.737240200546953
SEPSECS,8.235195533272563
ZNF500,8.140520966271655
GPR44,2.626514494074753
GPR45,0.9128575205104823
SLC45A2,1.2075417502278947
LYZL6,0.007661257976298996
NRP1,10.82842652689152
NBPF14,8.525872288058347
C12orf63,2.0121658158614406
C12orf62,9.124880492251595
CA9,3.4055247948951646
CA8,7.187474111212399
C12orf66,7.1422009115770315
C12orf65,7.920336463081122
CA3,3.822898632634456
CA2,8.676515223336372
CA1,0.2139655423883317
C12orf68,4.223112123974482
CA7,0.4567493163172288
CA6,0.8832092980856886
ARMCX1,8.998662716499558
CA4,1.5003759343664542
FUT7,3.4994390154968125
FUT6,3.2497955332725588
FUT5,0.847695442114859
FUT4,7.163653418413847
FUT3,4.84334020054695
FUT2,6.874947310847763
FUT1,6.980436827711934
MAGEA9B,0.793373017319963
MAGED4B,7.4394045578851395
KRT33A,0.8628007292616229
FUT9,3.8941476754785773
FUT8,10.110483500455782
PTMA,14.085071923427519
GHR,7.832009571558805
ATP5J2,10.612339927073844
GSTA5,0.23612379216043763
SF4,9.146679124886075
RPE65,0.46674986326344603
GSTA1,2.573399635369191
GSTA2,1.1391945305378306
GSTA3,0.8924751139471288
SNORD28,0.0
VTCN1,9.988362898814955
MKX,4.570613400182313
NCRNA00099,0.04500054694621695
NLGN2,9.147794621695533
FBLN2,11.048893527803084
FBLN1,11.752728167730153
NCRNA00094,9.468490701914316
FBLN7,7.376842114858702
NCRNA00092,1.757953327256151
FBLN5,9.583780948040111
ZNF586,7.787712579762968
LOC100132831,0.3870092980856883
LOC100132832,2.369061713764816
TRAF1,7.87257930720146
NHEG1,0.13217019143117598
GAN,5.743822242479485
OSBPL6,6.843061531449401
ZNF238,9.561701276207838
DYNLT1,10.55926198723793
NIPBL,10.989942661804916
DYNLT3,9.655991248860536
STRAP,11.304387511394703
C1orf84,3.7487515041020942
C1orf85,10.200875205104841
C1orf86,8.532397356426614
CBFB,9.944552689152234
NLGN3,4.5433507748404764
C1orf83,7.5926983591613535
VAMP3,10.86388021877849
GAK,10.799543026435725
PA2G4P4,5.729947037374664
C1orf88,6.9168274384685535
C1orf89,5.800538742023699
ZNF234,7.602027803099356
TOMM7,10.642123974475851
MDH1,11.296634366453985
STRA8,0.45395186873290777
SIM1,2.440100091157702
STRA6,7.023264357338196
HGC6.3,0.6737579762989981
RPL23AP7,6.244038103919783
PEX11A,8.046646125797642
NRG1,4.19932534184139
SIGLEC14,4.982576207839561
PEX11B,10.08707985414767
CGNL1,9.357195168641745
APCDD1L,5.042681221513228
SIGLEC11,2.446622424794895
TMEM93,8.060136554238836
GTF2F1,10.731713947128542
KIFC2,9.168203919781217
KIFC3,8.111491795806744
PAFAH1B3,10.142062351868708
KIFC1,9.054020328167718
C10orf125,5.880093801276209
C10orf122,0.1126270738377393
GH2,0.10492734731084782
C10orf120,0.023989699179580676
GTF2F2,8.741031631722887
C10orf129,0.35158696444849585
C10orf128,3.4949265268915153
SFN,9.570443755697344
NLGN1,2.3634840474020065
CYLD,10.159780948040101
EID3,4.630077484047399
EID1,11.484494621695546
HCRTR1,0.4047817684594353
ACTB,16.466586690975376
HCRTR2,0.5572538742023703
STARD10,11.61360920692799
DMRT1,0.7714356426618052
DMRT2,3.205666089334555
DMRT3,3.6995099361896084
HSPB7,5.276145123062906
ZXDC,10.07533263445762
PROS1,8.465587602552409
AMAC1L2,0.7063146763901554
AMAC1L3,0.41228969917958047
OR52E4,0.07029462169553324
HSPB2,5.609917684594349
VAX1,0.5335201458523245
CRADD,6.989228350045584
NCKAP5L,8.869217775752055
MT1X,8.664711394712855
SUCNR1,3.016051868732903
PPIP5K2,9.800974111212387
PLA2G12B,0.14861640838650875
ADAR,13.46478131267092
NRGN,5.759339562443024
HSBP1L1,7.23685843208752
MT1M,4.263167000911568
HSFY2,0.00601485870556062
ADAL,7.301832634457617
MAP1LC3B,10.659285597082949
IQCA1,5.694993254329988
SF3A3,10.75740455788515
MT1E,8.568727438468557
MT1F,6.606761713764812
MT1G,5.931913764813123
MT1A,3.162294712853235
MT1B,0.012334366453965361
ZNF185,9.515975205104825
ZNF184,8.190434366453966
ZNF187,8.201922242479496
PKN2,10.073441841385598
ZNF181,7.96159161349133
ZNF180,7.716093618960796
ZNF182,7.70629781221513
TRA2B,11.352180492251605
SPI1,8.546328988149506
ZNF189,8.944735369188699
TTPAL,9.142604284412029
TIFA,8.665872196900636
TFCP2L1,8.378888240656327
ZNF25,8.177491704649047
ZNF24,11.50506408386507
LYRM1,9.048936554238855
INTS10,9.711262260711063
ZNF20,7.477930173199632
ZNF23,7.6725862351868654
ZNF22,9.334145761166816
BLVRB,10.256242206016395
BLVRA,10.210402643573387
OR52E8,0.01918541476754786
GLTPD2,0.14715278030993612
GLTPD1,9.206939380127634
EPOR,6.332514129443932
WBP2NL,2.956446581586145
PION,8.31284958979034
SEMA5A,9.176890154968078
SH3TC2,4.598649407474929
SH3TC1,7.9173873290792995
ERAS,0.9225890610756601
LYNX1,7.516925432999082
SNORA9,0.06350437556973561
BBS10,8.416059799453052
TRIM77,0.005583044667274385
BBS12,6.915483865086602
HS6ST1,10.629664539653593
HS6ST2,5.516759525979947
HS6ST3,6.004140018231539
SNORA1,0.014641750227894258
RHOBTB2,8.866346855059245
LUZP1,9.678664357338201
OR1J4,0.28787611668185964
MYH8,0.5228628076572471
OR1J1,0.3101762078395626
SNORA6,0.16179106654512307
XKRY2,0.004158158614402917
UBASH3B,6.730864448495903
LOC143666,4.5335347310847744
LOC440461,2.2149513217866867
MOAP1,9.666111030082062
ZNF239,7.858343299908838
DKFZp566F0947,0.897178304466728
UBL4B,1.566387876025523
ZNF236,8.321708568824064
FLJ40330,4.530484229717409
UBL4A,10.158219234275283
TCERG1,9.906982953509566
SENP6,10.653513673655398
ZNF230,6.8611827711941595
CNBP,12.694327803099373
RNPEP,11.350459161349145
ZNF826,4.341126344576115
SRRM5,4.892448769371012
LOC391322,2.1347309936189633
RNF113B,0.2430951686417502
KRTAP25-1,0.0007022789425706472
RNF113A,8.186902187784872
INTS12,8.987752142206016
INO80E,9.46423673655424
SEMA4G,6.794980401093892
ZDHHC23,7.637577575205098
FAM75C1,0.3093739288969918
FAM35B,7.899920875113944
CERCAM,10.61318486782134
FAM35A,9.549251321786695
ZNF827,7.787027894257073
RANBP9,10.399048951686416
GABRG2,0.46017948951686405
NAE1,9.564291613491347
NCRNA00159,0.05214202370100273
RANBP1,9.8730744758432
RANBP3,10.250508933454865
RANBP2,11.587293618960803
LYRM5,8.177015405651783
ZNF131,9.292168368277125
ST7,9.179282133090219
TXN2,10.397511030082041
AGAP1,9.021937101185062
AGAP2,6.470850683682762
AGAP3,10.324102370100269
AGAP4,7.403193436645405
AGAP5,5.369695259799455
AGAP6,6.651145305378301
AGAP7,3.335295259799452
AGAP8,4.723661622607115
TMEM2,10.321622060164085
TSPO,10.588875296262518
TMEM5,8.3851385597083
TAF7L,1.8983939835916144
RANBP6,9.344423883318138
PDCL2,0.11848222424794895
ARNT,10.519660437557002
LYRM4,8.415735551504108
TLR2,8.299706472196897
CCL4L2,5.957449316317216
CADM3,4.883842935278024
GDPD2,1.6906225159525983
GDPD3,5.738314858705552
BASP1,9.252410118505004
GDPD1,5.843428532360981
GDPD4,0.5370195077484047
GDPD5,8.060618687329075
SLAMF7,7.737817319963538
SLAMF6,5.929154785779398
KCNRG,3.0902802187784846
SLAMF1,4.519462625341846
CN5H6.4,3.3714211485870575
KRTAP5-4,0.1353037374658159
TGFB2,8.329160528714679
TBCEL,8.25285706472196
C17orf99,0.55495679124886
C17orf98,0.19162844120328157
KRTAP5-5,0.03777474931631721
C17orf95,8.66601586144029
OSGEPL1,7.489837465815864
C17orf97,7.088730537830446
C17orf96,6.891368641750227
C17orf91,6.791854329990874
C17orf90,8.530284685505915
C17orf93,1.270211850501366
LOH12CR2,4.677274931631729
FGD6,9.30863655423884
TMEM132D,0.40542206016408416
HOXD4,3.3306270738377357
F13A1,9.370412032816771
UIMC1,8.67423099361897
FKRP,7.863313491340031
GBAP1,9.180579124886057
LPHN2,9.039037283500457
HDGFRP2,9.937483135824978
HDGFRP3,9.625567639015497
KRTAP5-2,1.4541226071103017
DEFB104A,0.0028468550592525067
C6orf106,11.563488696444844
C6orf105,4.252242479489524
KRTAP5-3,0.03947529626253418
C6orf103,0.7199241567912488
OR5F1,0.0037336371923427526
ETS2,9.858238833181407
YWHAH,11.838117775752066
ETS1,10.817052142206025
SHPK,8.531553691886966
LOC100302650,3.383435642661801
PRR5-ARHGAP8,5.659969644484959
YWHAB,13.047092980856885
FCRL1,1.9788842297174125
FCRL2,2.3637753874202367
FCRL3,3.4015618960802185
AQP10,0.4572584320875118
AQP11,4.987403737465806
FCRL6,3.614874020054696
YWHAE,13.3606030993619
ZDHHC24,8.290760072926151
SEC61G,10.07249635369191
LOC100134259,3.365885141294438
STAT5A,9.84839462169554
FCRLA,3.7832939835916113
CHRM5,1.8538517775752053
CHRM4,2.0855025524156776
CHRM3,3.057338559708295
CHRM2,0.11670847766636282
CHRM1,4.444085779398362
HSPC072,0.9976889699179574
HTR1D,3.6343062898814953
BEAN,4.624931996353687
MGAT3,6.133845761166816
MGAT5,7.3988955332725554
GLRX,8.92225578851413
PABPN1L,0.2939346399270737
KIAA0652,10.838598814949858
KRTAP10-9,0.00819671832269827
VTN,2.7404941659070188
CHST11,7.233960619872384
CHST10,8.299830902461276
CHST13,2.9187413855970807
CHST12,7.987160346399282
CHST15,10.327561349133996
CHST14,9.102884047401997
VAMP7,10.113986690975379
TMEM9,11.440948313582526
VAMP8,11.298581950774835
UNC5B,10.376537921604378
ROCK1,10.424793527803102
ROCK2,9.483335916134912
MOSC2,7.75802406563354
MOSC1,7.967489425706461
HTR1B,1.3879235186873293
MMP8,1.6588493163172293
MMP9,9.97595350957157
MMP7,8.761630173199642
SLFN5,8.861272470373743
MMP2,12.785637010027349
MMP3,7.118542844120335
GXYLT1,9.155372196900636
TRAPPC2L,8.868083682771184
GXYLT2,6.712800820419326
GNPTAB,10.337112488605287
AMICA1,6.711953509571557
TAPT1,9.522326891522342
AGER,4.867320237010033
PODXL,11.149312853236104
ISPD,5.452607839562442
NGDN,9.06642206016408
CAPRIN2,7.995040018231536
NAIF1,7.736264357338196
CAPRIN1,12.944475843208734
CCNT1,6.958880309936187
PLDN,10.161571285323614
CCNT2,9.458237921604377
SEC61B,10.484211121239749
CREBZF,10.214786690975396
BEYLA,0.009522333637192345
IER5,9.494290154968105
KCNE4,8.970617137648134
LTC4S,4.143960255241568
SLC28A3,3.8233096627165026
CBFA2T3,7.309567821330914
CBFA2T2,9.756887784867802
IRF2BP2,12.458293618960798
IRF2BP1,9.293120783956235
C9orf89,8.59971686417503
PNMA6A,4.137298906107572
C9orf84,1.5639624430264363
C9orf85,6.962111485870562
C9orf86,10.94505086599818
ZMYM6,8.793993072014592
C9orf80,7.985264630811296
C9orf82,8.457990701914312
H3F3B,13.68137046490427
MC1R,6.766118049225155
VRK1,8.242020145852322
FAM92A3,0.04320574293527804
VRK3,9.402373108477674
PDRG1,9.244382771194182
CRYL1,8.585622242479477
WNK3,3.675132360984499
LRRC6,6.666648131267094
LRRC7,0.5231018231540565
TXNRD3IT1,7.603127256153147
LRRC1,9.704320783956252
LRRC2,3.115609480401091
LRRC3,5.344384412032815
NR2C2,9.7887547857794
TNIP3,2.3560984503190476
LOC134466,3.8747483135824976
USP30,8.73362643573383
RFNG,9.366170009115768
USP32,10.385678122151338
USP33,10.471512306289892
USP34,11.442109662716499
SHMT2,10.700468824065627
SHMT1,9.183456882406567
USP37,9.314294621695527
MORN5,1.0521797629899712
MORN4,7.334955788514136
LOC145845,0.07260328167730172
MORN1,6.092075934366458
PLD1,7.888834366453953
MORN3,4.396899179580673
MORN2,8.079321422060163
ST20,5.957196718322683
RPL39L,7.91882151321787
PPFIBP1,10.133523974475862
PPFIBP2,9.507372105742936
RPL23AP64,1.9171031905196003
FTHL3,8.037327347310837
APOBEC2,1.2389819507748403
APOBEC1,0.18845852324521417
LDLRAD3,9.840227073837735
TPK1,5.849378669097533
APOBEC4,0.785256700091158
UBE2CBP,5.407160528714672
SIRPD,0.47300665451230645
CSPP1,8.565615405651783
HHIPL1,6.080918596171374
RRP1,9.206991978122144
DOCK8,9.3497261622607
DOCK9,10.313950683682776
MRPL19,10.372674111212383
SCO1,8.730238286235181
DOCK2,8.402669644484964
DOCK3,4.5482304466727435
DOCK1,10.580468185961694
DOCK6,9.302543755697352
DOCK7,9.791626800364643
DOCK4,8.39315232452143
DOCK5,8.192642297174118
SAAL1,7.754582406563357
UHRF1BP1,9.68634867821331
TAP2,10.284167183226987
ACSBG1,2.413746308113038
ACSBG2,1.161194074749316
TNFRSF12A,9.553461713764802
FAM184A,5.597070100273471
FAM184B,3.859746763901555
JUB,8.61946335460346
LOC342346,1.3123708295350949
NCRNA00095,6.293949498632636
FLJ41941,0.8806822242479491
LRRC66,2.7235663628076576
HSPH1,11.5171645396536
SLC9A2,4.860705834092976
SLC9A3,1.4559951686417476
LIM2,0.06760091157702829
PBXIP1,11.4582317228806
POLR2K,10.238028805834103
JUN,11.717657429352778
SLC23A3,2.894255970829535
EIF5AL1,10.360456791248847
UCK1,9.305670282588885
JUP,13.090977484047405
PLEKHB2,11.355983956244293
SCNN1B,6.996361440291707
SCNN1A,10.597512032816779
FAM98C,7.888262534184133
ARHGEF37,9.135199635369196
FAM98A,9.9755576116682
ARHGEF35,8.970611030082056
PLCB4,7.902131449407478
CYP4Z1,6.51012105742935
SPINT3,0.0952831358249772
LOC93622,8.82050619872379
SEC13,11.147586417502254
SLAMF8,8.255594895168642
CLEC9A,2.2768468550592558
ARHGEF38,4.644138286235195
SKINTL,0.7187933454876941
MCCC1,9.123466453965362
TWF2,9.960116043755702
GIMAP8,7.785561257976298
C11orf58,11.672072196900642
GIMAP4,8.995289425706472
GIMAP5,7.896267365542385
GIMAP6,8.462273928897005
GIMAP7,7.498176116681852
GIMAP1,6.355099088422983
GIMAP2,7.41387985414768
SCUBE2,10.794598450319066
SCUBE3,5.997815041020968
SCUBE1,5.188374567000914
ESR2,2.971746581586144
CUX1,10.302599544211494
JMJD7-PLA2G4B,8.38192069279854
WARS,11.373027985414776
TTTY6B,0.0
ZNF233,5.543441841385583
LOC221122,0.4049015496809478
RPSAP52,1.492009571558797
RHBDF1,9.880928076572484
RHBDF2,9.144697629899712
ZNF750,6.783656153144942
RPSAP58,12.742426618049226
MYOM3,3.9654884229717435
C14orf68,0.46137821330902473
MYOM1,4.866057611668189
NDST3,2.001469553327256
EARS2,9.801394439380118
POLA2,8.765439197812224
NDST4,0.8248695533272559
RPP30,8.748075752051063
OR52W1,0.1642405651777575
C14orf64,3.1413831358249777
OR2K2,0.16909908842297186
LAX1,4.810411759343664
TBX3,10.568965998176855
FBXO2,7.375944029170466
FBXO3,9.520675296262537
FBXO4,7.89876089334549
CTNND2,6.835445487693704
CTNND1,12.9037807657247
FBXO7,10.923249589790334
FBXO8,8.682254694621687
BCORL1,8.765912762078393
BCORL2,0.020396536007292618
A2M,13.464628896991803
KLRF1,2.2228425706472197
C18orf21,7.998090337283509
C18orf20,0.07820519598906106
ZNF536,0.6180266180492251
C18orf22,8.544284776663627
C18orf25,9.367703099361893
OR5AP2,0.007647219690063811
ZMYND15,5.724476572470369
C18orf26,0.2450575205104831
LOC643837,7.169122880583404
TLR1,7.380558523245211
NAV3,6.3756158614402905
SPHK2,8.192253965360077
SERPINF2,5.860754421148581
NAV2,9.396319143117593
TRUB1,9.164603828623529
SLC6A4,4.14561103008204
LOC401010,5.156828805834091
PMS2L1,8.299654694621697
OR5D18,0.004494165907019143
QSER1,10.238601549680972
TAL1,5.42597502278943
C1orf9,11.104750319051966
TAL2,1.27132415679125
LOH12CR1,6.835093618960799
LIG3,9.764986144029175
SLC44A3,7.737631449407471
SMEK3P,0.11829380127620785
APEH,11.028166545123085
SNX7,8.611454603463988
TRUB2,9.514253509571578
NT5DC2,9.632514129443939
DBR1,8.693323062898815
CSNK1A1,12.683993892433922
LCE2C,0.0419918869644485
LCE2B,0.03274047402005469
LCE2A,0.06281959890610754
LOC285501,0.13935587967183222
LCE2D,0.028528714676390156
PRRT4,2.898750592525071
SASS6,7.5299114858705565
ATL3,9.122216408386507
ATL2,10.079638833181399
ATL1,7.764294348222424
PRRT2,6.645713673655424
RUSC2,9.12745660893346
GLYATL2,5.924271649954429
MEGF9,10.4917485870556
SLAMF9,2.5697520510483116
GLYATL3,0.5356161349134001
C14orf2,9.93155287146763
PPIF,10.787294165907028
PPIE,9.490605013673669
C14orf1,9.840478577939827
CCDC85C,9.446322971741116
CCDC85B,7.6748784867821405
C14orf4,10.414717228805834
LOC729991,8.024783409298069
KIAA0406,9.45637046490428
RNMTL1,8.122914585232447
YARS,10.8641314494075
C21orf119,6.426653965360083
SNTB2,9.397168185961725
SNTB1,8.061748495897895
SLC5A7,1.03248131267092
KIAA0408,1.9380554238833179
CORO1B,11.0267030993619
CORO1C,10.943662807657235
CORO1A,9.575532999088425
FLJ25328,0.03431777575205105
RING1,9.556749863263438
SLC5A9,2.7579097538742015
MOXD1,7.341354421148583
PIN1,9.164836007292624
MID2,9.09860464904285
LHX5,0.17747137648131275
FNTA,10.520768824065616
DCPS,8.338850501367363
LOC338651,4.73291996353692
RPGRIP1L,7.7181593436645475
SMOX,7.415093710118508
WASF2,11.741303646308115
TTC32,5.804714949863259
FAS,7.866529899726525
FAP,9.772282133090249
FRG1B,7.563434366453978
NPAS3,5.034320237010028
NPAS2,8.129203190519586
NPAS1,3.9252762078395627
FAU,12.364551777575224
FAH,9.916220783956243
LLPH,9.338040200546967
HNRNPA2B1,13.882595806745682
TUBB1,3.995672652689151
TRIM9,5.207030993618966
LHX6,6.415970647219697
PDXDC1,12.263906381039188
TTC36,4.606404831358248
DCP2,9.970290793072024
TPRXL,2.9122226071102992
NRF1,8.651604375569736
LOC100233209,4.059076298997261
AMY2A,1.1906515952598011
AMY2B,6.529959070191439
MYCT1,7.273864448495899
MON1A,7.552277757520511
LOC648691,0.599661257976299
PIP5K1C,10.42237556973565
AP4E1,8.41044658158615
LOC441454,1.7948608933454866
TMEM95,0.05140911577028259
SLC18A1,0.7822352780309937
LZIC,8.509495806745667
NOP58,10.591078851412952
MIDN,11.095472014585246
C7orf42,11.684573837739302
NCAPH2,9.482480218778486
SLC47A1,5.218171194165909
TSPAN3,11.443671194165912
LOC284100,0.8437988149498628
CCL14-CCL15,0.17541640838650863
FAM166B,2.749199361896077
C6orf108,8.529361257976294
LOC150185,0.05217329079307202
C14orf149,6.084221969006379
C14orf148,2.955491886964449
PURA,8.215932999088416
TSPAN1,9.499439653600733
PURG,2.2081898814949885
CFDP1,9.567231722880585
TSPAN6,9.606102825888799
C14orf143,6.620557702825885
C14orf142,7.9026298997265245
C14orf145,6.722479398359148
ZMYM5,8.135544029170465
C14orf147,10.524263628076566
TSPAN7,7.412308386508655
HECTD2,8.246248951686413
HECTD3,10.201927164995451
HECTD1,11.58453445761167
MAN2B2,10.627439744758442
TSPAN4,9.326975569735634
TNFRSF14,9.507078304466733
MAN2B1,11.129623792160446
TSPAN5,6.453098176845938
PPP1R12B,9.705789152233368
CCS,8.867602278942579
LZTFL1,9.276092616226084
CCDC28B,6.554017137648131
CCDC28A,8.567848404740205
CCK,0.6633789425706476
TMIGD2,1.8156283500455779
ADAD1,0.06431905195989061
ADAD2,0.9857748404740204
NXN,9.01876499544212
SNX20,5.296812123974474
FSTL4,5.324721786690975
FSTL5,0.536333454876937
FSTL3,8.74695214220602
FSTL1,12.58556435733818
OR6M1,0.01566545123062899
C7orf4,0.40417055606198726
SLC41A1,9.372172926162266
PDE7B,5.747611212397451
FLII,11.505980492251595
TDP2,9.8270099361896
PIP,8.383903646308097
PIR,7.478873108477658
NKX6-1,2.873559890610755
LRRC37A,8.420187237921615
LRRC37B,6.860854147675482
TNP1,0.04852962625341843
KCTD13,8.5245421148587
COG8,8.60558413855973
KCTD12,10.659771376481304
COG3,9.463887146763895
COG2,10.08475077484047
COG1,9.80151649954422
COG7,9.678952051048315
COG6,9.07136226071103
COG5,9.958410209662723
COG4,10.03293035551505
C12orf49,9.120122515952591
C12orf48,7.034227803099353
KCTD10,10.569220875113936
IGHMBP2,8.485422789425726
TLR7,7.214128623518685
C12orf41,9.167371649954436
C12orf40,0.1204576116681859
C12orf43,7.927373108477667
C12orf42,0.8293254329990896
C12orf45,7.400996262534179
C12orf44,9.895697994530538
C12orf47,8.190166271649952
BARHL2,0.15571768459434818
ERC1,10.392023701002733
NFAT5,10.207845670009124
KCNMB3,6.33984010938925
KCNMB2,1.4032174111212397
PNCK,3.7930584320875096
DPY19L2P2,3.4631322698268
ZNF830,8.467090063810383
FCRL4,1.2529732907930722
KCTD14,6.0232402917046475
GSK3A,10.765329717411118
HORMAD1,1.8148149498632633
FCRL5,4.610340109389244
UBD,8.443745852324524
MSTO1,9.66243928896992
UBB,13.687862260711025
UBC,15.043959252506848
ZNF835,3.511606472196907
CFTR,1.9357969006380993
SNORA69,0.004201185050136736
ANKRD52,10.45736572470373
ANKRD53,3.0340979945305393
ANKRD50,10.463306381039175
KRTAP10-4,0.09972351868732907
ANKRD56,5.952024977210573
ANKRD57,9.195235369188673
ANKRD54,8.745389790337285
ANKRD55,1.996894712853236
ANKRD58,4.055970100273473
POC5,7.882346581586152
ZNF658,5.473052506836828
ZNF449,7.317933454876939
SNORA64,0.11398723792160434
AKR1A1,11.187162534184155
EPT1,10.449593527803115
RAMP3,8.296288696444858
MAT2A,12.079277301731997
NPRL3,9.943491340018248
HEG1,10.541934275296255
KBTBD7,7.288652233363723
AMH,3.2283586144029144
KBTBD5,0.11035086599817676
KBTBD4,8.737701093892435
KBTBD3,6.560412123974476
KBTBD2,10.188623518687338
AMN,1.1886946216955339
SSNA1,9.728240838650848
MEFV,2.987182497721058
KBTBD8,5.105900820419329
RAD51L1,6.480412123974469
NR4A2,8.320875569735648
GUCY1A3,9.737635278030993
GUCY1A2,4.828794439380129
PCBP2,13.253057520510481
PCBP3,3.952543026435737
NR4A3,6.069154694621693
RNF220,10.172080036463063
GFRA1,10.797686417502286
MYST2,10.32488632634458
MYST3,10.818410574293532
LZTS2,10.570837830446674
AMT,5.879448040109386
LZTS1,8.040257793983582
SIRT3,9.435577210574301
C1QL1,3.7280915223336364
C1QL2,1.5051186873290805
C1QL3,3.497742388331813
C1QL4,2.0774880583409345
RASL11B,6.874566089334552
RASL11A,6.419480218778483
SIRT4,4.313805651777579
MED30,7.52337474931632
MED31,6.832877666362814
NHSL1,8.122738742023701
NHSL2,5.470084412032824
CARD16,6.5817320875113925
RSRC1,7.931511394712847
PAK1IP1,8.536959890610762
SERAC1,7.848759799453051
WDR25,7.663452506836824
NPIPL3,9.227041203281676
C10orf140,3.9384616226071105
FAM57B,3.8786714676390224
LOC100128542,0.4596851412944396
FAM57A,7.863719234275301
ZMYM3,9.969144940747492
MGAT1,11.420160893345466
PHAX,9.004808113035564
MGAT2,9.62520455788513
RBM26,9.611541841385604
RBM27,9.885909389243388
RBM24,5.598221057429345
RBM25,10.890615496809469
RBM22,10.10464311759345
HECW1,2.518331084776665
HECW2,7.61590546946217
FMO9P,0.7006739288969914
RNF216L,8.018544849589798
HRCT1,4.291184503190516
HIST3H2A,5.6267064721969025
SCN7A,3.5642613491339983
RFWD2,10.251675296262533
RFWD3,9.665957247037369
EPHA8,2.5732559708295346
EPHA7,3.5870654512306297
EPHA6,1.621203463992707
EPHA5,0.9365240656335461
EPHA4,7.296097174111214
EPHA3,5.881677939835909
EPHA2,8.030187146763913
EPHA1,8.376717228805854
RSL24D1,10.814542297174098
SLC22A25,0.46182370100273457
PDCD1LG2,5.963007839562446
PSMA3,10.451914311759337
RASD2,7.673171467639011
FLJ11235,4.075056153144944
COL29A1,1.2446313582497723
ZMYM1,8.150040291704645
PBOV1,0.6249071103008206
RASD1,7.905729808568811
OR6C76,0.003447037374658159
HSP90AB2P,5.3964402917046534
TMEM30B,10.136094895168636
OR4S1,0.00670820419325433
OR4S2,0.010500820419325435
TRMT6,8.782635369188695
FGF19,1.1340929808568816
FGF18,3.53494247948952
KDM6A,9.695386964448504
KDM6B,9.732354056517785
FGF13,7.347443208751143
FGF12,4.790579854147678
FGF11,6.209760437556976
FGF10,2.8307444849589793
FGF17,0.9132140382862347
FGF16,0.6827983591613491
RFPL1,1.206431175934368
FGF14,6.565129899726528
RASSF3,7.751040929808576
SLC20A2,10.180458705560632
UGCG,8.886704010938915
PPP2R2D,9.289753327256141
SRP68,11.017967365542392
ZGLP1,4.329965815861435
COL9A2,8.118320419325425
COL9A3,5.326399088422961
COL9A1,1.350848951686418
CC2D2A,7.8079627164995475
CC2D2B,2.0881451230629002
FLJ39739,1.94224320875114
KIAA1407,7.743476207839559
LIMD2,8.266470282588868
VAMP5,8.266964904284416
MNAT1,8.05482315405651
RNU11,0.1191789425706472
USP18,8.815642570647208
RNF150,5.171637465815853
VAMP4,8.768741841385593
SEMA3A,4.979996627164992
SLC25A35,7.647567092069281
GLB1L2,7.80167010027347
GLB1L3,0.9950051959890611
SEMA3E,6.513528988149492
SEMA3D,5.4983555150410215
SEMA3G,8.384069279854147
SEMA3F,10.836070647219683
PAPPA2,1.4470659070191436
STYXL1,9.39280373746582
SFRS5,11.55997939835914
TNFRSF18,6.545900364630816
MESTIT1,1.2253206016408398
SYCP2L,1.966702005469463
ARHGAP11A,8.501089790337296
ARHGAP11B,4.392846672743849
GLT6D1,0.00981841385597083
SLC25A31,0.1389118505013673
RAPGEF5,9.173443208751149
GLP2R,0.3700857793983589
OR5AC2,0.008825979945305379
ARL9,3.183975843208756
OXNAD1,7.827087967183227
SLC25A33,7.599539835916136
ARL1,11.332373746581592
ZNF250,8.31886581586144
ARL3,9.619950227894245
ARL2,9.666595624430267
EIF5A,12.43528158614405
ZNF254,8.592096809480394
ZNF257,5.428352597994533
ARL6,6.0747493163172335
MTERF,7.692290428441201
CRCT1,0.24443482224247925
RRM2,9.683889516864173
RRM1,10.92950209662716
P2RY2,7.051059161349127
ZC3H12A,8.086124521422049
ZC3H12B,4.42188185961713
ZC3H12C,6.781097721057427
ZC3H12D,3.344390701914305
ZCCHC14,9.782250865998172
DERA,8.86156563354604
TRADD,8.221453053783035
SEMA6B,7.9242096627165015
LOC399959,7.292500455788524
TMEM183A,10.573841841385592
SLC25A38,9.516384412032831
ZBTB42,9.249307474931644
TH,1.6171825888787625
TF,5.96714548769372
MYEOV2,9.513305560619854
TLK2,9.520939197812211
KCNJ13,1.845472196900637
KCNJ12,4.5261845943482255
KCNJ11,7.935645305378316
KCNJ10,3.674760437556976
TFAM,9.200678942570638
KCNJ16,1.9731845031905195
KCNJ15,4.7372432999088465
KCNJ14,4.838073473108483
MLXIPL,4.48088979033728
TXNL1,10.51040847766636
FAM35B2,6.032944758432086
SART3,10.31302151321787
PNLIP,0.17072206016408387
TMX4,9.671927803099374
ANKAR,4.511942206016412
AR,8.033869097538748
TMX1,10.062514585232469
PI15,7.225093527803105
TMX3,9.977608477666346
NAGA,10.164202734731063
TPTE2P1,2.426825888787607
NAGK,10.324816317228812
C20orf85,1.084768185961713
C1QTNF8,0.11858368277119416
C1QTNF9,2.1113208751139454
CYP4A11,1.540618140382863
OR2M1P,0.007752962625341842
SNORD49A,0.0
GPR148,0.06593427529626256
C1QTNF2,4.5070096627164995
C1QTNF3,8.341995259799448
FOLH1B,1.1070273473108485
C1QTNF1,8.8699580674567
C1QTNF6,9.601282953509557
C1QTNF7,4.52707657247038
C1QTNF4,2.315373017319964
OR56B1,0.27399453053783057
CREB3L2,11.207929717411108
CREB3L3,0.8115219690063822
CYP3A5,2.6947653600729278
CREB3L1,9.931966180492253
CREB3L4,11.021150501367375
FAM175A,7.776777757520506
CARTPT,1.215305013673656
MMP1,6.824973655423883
THBS4,8.934211212397459
VDAC3,10.987268094803996
C17orf73,0.1766757520510482
C17orf72,5.645383044667269
C17orf71,9.171712123974487
C17orf70,9.825737739288968
C17orf77,0.7783150410209668
C17orf76,5.62869553327256
C17orf75,7.900307383773933
C17orf74,0.26512269826800344
PPAPDC3,5.084675205104838
OTX1,4.360207930720146
C17orf79,9.503665086599819
C17orf78,0.379554694621696
SLC6A1,4.398912397447579
PRB4,0.10488969917958067
THBS3,9.627590428441193
MFAP5,9.255904375569742
MFAP4,9.177685141294441
MFAP3,10.010822880583417
IGSF10,5.73899608021878
MFAP1,9.761685961713754
TMEM90B,6.323205195989061
OTX2,0.16897967183226986
VDAC2,10.487413217866907
KIAA0090,10.243330082041926
OR2L8,0.02778669097538742
C6orf125,9.8891030082042
C6orf124,3.8700470373746576
C6orf127,2.769485870556061
C6orf126,3.303280309936186
C6orf120,9.661324247948942
C6orf123,2.076166180492255
C6orf122,3.346381403828626
C3orf1,10.222402187784871
ZPBP,0.12856581586144036
PLEKHM3,7.8092716499544235
NDUFB8,10.114385141294436
CDC42SE2,10.233469644484952
PVRL3,5.029749772105744
CDC42SE1,11.821650227894246
PVRL2,12.113379398359147
OR5AK2,0.020740929808568825
NDUFB6,9.400523062898813
HEBP1,10.498160893345478
HEBP2,10.379894712853226
HBS1L,10.220709115770271
VAC14,9.819257793983592
LOC646851,6.400707839562435
TMEM186,8.179344758432094
NDUFB4,11.017494712853237
SPNS2,8.055815679124883
FLJ35024,2.503485505925253
THAP1,7.914690610756607
AHCYL2,9.256655697356432
ID2B,1.8591850501367349
GEMIN8,8.799663445761169
NDUFB2,10.349250957155869
IWS1,10.16927402005468
APRT,10.51373327256154
ZFYVE20,9.616457338195083
RPS6KL1,6.316351321786693
WBSCR27,5.274665633546031
FDPSL2A,2.303091157702825
SNTG1,0.07726909753874203
GYPA,0.07107028258887874
GYPB,0.010502096627164994
GYPC,8.34294439380127
MANSC1,9.841120145852315
GYPE,2.3888236098450335
SLC17A9,6.546945123062897
C19orf53,10.410915132178669
C19orf52,7.989431631722882
C19orf51,5.894039471285318
C19orf50,10.192107019143107
C19orf57,5.996341020966273
C19orf56,10.930773928896985
C19orf55,6.706604284412028
C19orf54,8.18890920692799
LECT1,0.3985651777575206
C19orf59,1.9358804922515946
LECT2,0.06251230628988148
SNAP29,10.275603008204223
ATF7IP2,6.591601731996355
TRPV1,7.386297082953508
C22orf9,11.035980765724712
C11orf49,8.969894621695538
PRR11,6.123207748404743
PRR16,5.175278395624438
PRR14,9.738551686417509
LACTB,8.489365998176853
C11orf40,0.0007719234275296263
C11orf41,7.634517411121235
C11orf42,0.8133918869644481
PRR19,5.965059981768464
C11orf45,5.337821513217865
C11orf46,9.240671467639016
TNFSF13,9.522423154056531
RASA4P,6.705659708295342
TNFSF11,3.901294712853237
TAS2R5,2.76815879671832
DIRAS1,7.361567912488609
DIRAS3,4.823995442114859
DIRAS2,2.452664995442112
LMO4,9.936722242479487
TNFSF18,1.1843515952597992
TAS2R3,0.617158523245214
PUM2,11.809141385597066
LOC100129387,6.248033454876931
SFXN4,8.727304922515941
PUM1,11.154856426618055
SFXN2,8.83526107566089
SFXN3,9.943443299908836
RAD1,9.423465451230616
SFXN1,9.551422060164057
CRYBA2,0.6794428441203278
CRYBA1,0.1406360984503191
LMO7,9.397217502278929
CRYBA4,0.6686659981768457
CCT8,12.010930446672738
RWDD2A,6.852696718322695
C4orf42,8.721122424794885
CCT2,11.787201549680946
CCT3,13.102624977210588
SH2D4B,1.313852324521421
CIDEB,8.3948390154968
CCT7,12.26858514129443
CCT4,11.948678851412962
CCT5,12.377133637192346
TIMM16,7.603553874202358
TAX1BP3,10.899715952597976
C3orf45,1.0766992707383758
NAALADL1,5.041979945305373
TIMM10,8.897231084776681
STAG3,4.485341020966271
C4orf47,3.235450501367371
OPCML,3.009037465815862
SUV39H2,7.7544074749316305
C4orf46,7.863701276207831
ARL13B,7.716773564266178
ARL13A,0.5389293527803088
STAG1,9.647894986326335
SPOPL,10.411151139471286
NAP1L2,4.874851868732904
PECAM1,9.911058249772118
TRPV2,7.685872288058337
MC3R,0.08321285323609845
MSX2P1,1.774677484047401
PCGF3,10.436231996353703
RAET1K,1.7295335460346362
CDK5RAP2,10.47562342752963
AKTIP,9.124501640838664
SUGT1,9.149902278942568
SNORD102,0.0
C16orf53,10.450422880583396
BMS1P5,5.943859617137653
BMS1P4,4.82413919781222
FAM50B,7.396016955332729
SP110,9.365626982680032
LOC645676,5.209054421148588
RPL23AP82,6.652906107566086
FAM50A,10.216184503190519
ZNF654,8.51728659981769
TUBGCP6,9.396827711941663
GFM1,10.49300018231541
GFM2,9.290385141294438
COL22A1,5.265839927073835
ZC3H4,10.078756153144937
ZC3H6,8.310511121239738
RIPPLY1,0.5343973564266178
RIMKLB,8.765380401093896
USMG5,9.50545205104831
TRPC4AP,11.206501276207845
CYP2J2,7.198609571558802
FLJ45244,5.381796900638104
CIDEA,3.2357983591613504
MARCH2,9.255323245214244
CROT,8.923999361896078
NPHS1,1.3435402917046502
UHMK1,8.94453965360072
THOC2,10.552451504102091
SLC4A5,7.976169188696441
SLC4A4,4.278249134001829
SLC4A7,9.825610300820438
SLC4A1,0.4865999088422971
SLC35F5,9.739880309936176
SLC4A3,7.347417319963532
SLC4A2,11.003237465815872
DCTN2,11.120244120328165
DCTN3,9.703665815861436
NUP88,9.463647584320878
CLCA1,0.06814685505925251
DCTN6,8.923919963536926
SLC4A8,8.172340474020048
CLCA4,1.461879307201459
DCTN5,10.629365360072905
RPS4Y2,0.0010546946216955333
KCMF1,10.306476572470375
ASPG,1.0372311759343666
FAM186B,3.3499073837739277
ASPA,2.738850865998177
FAM186A,2.233501640838653
LOC100130331,2.114241567912487
CIITA,7.8116349134001855
ASPN,10.214872105742941
KRBA2,5.829357338195079
ASPH,12.155368732907935
WFDC10B,0.6178196900638102
SLC35F4,0.43070601640838657
CHMP4A,9.945469279854144
ERC2,2.653467456700093
ZC3HAV1,10.39201148587057
TAF7,11.23807739288969
CHMP4C,8.981751686417489
OSCP1,7.790877119416589
VANGL1,9.994932816773025
PREP,9.754444211485874
FAM96A,9.592329170464916
NMT2,7.877339015496813
CYP20A1,9.118061713764808
FAM86B2,3.1660284412032835
FAM86B1,6.326424247948944
TAF4,9.037817046490426
MXRA5,12.556384412032802
BPHL,8.809408295350961
OR14A16,0.04589799453053784
ARPM1,5.213154694621699
MXRA8,10.898212123974464
UBE2V2,9.94621613491339
RNF26,9.773133363719234
RNF20,10.450059252506819
ZNF732,3.0910587055606182
CMBL,10.142355423883322
H3F3C,8.388489152233365
ZNF880,6.800334913400182
LOC55908,1.005439562443026
VANGL2,9.178376663628068
ZNF735,0.01444457611668186
UBIAD1,9.209664995442113
LSP1,10.004698723792162
C1GALT1C1,9.314251412944385
ZBTB17,8.739587237921599
SSTR1,2.635769371011847
SSTR3,0.8797942570647211
C10orf88,7.680144393801284
SLC43A1,7.7924304466727445
PHTF2,9.443157338195077
A2ML1,3.415635551504102
ARG1,0.40382379216043746
CLEC18C,0.828987602552416
ARG2,7.352359890610757
TMEM203,9.7746351868733
ANKRD45,2.6985217866909763
TOX,5.278764813126708
PCID2,9.398293618960789
IGSF8,10.774093254329983
IGSF9,9.676736098450323
ANKRD44,5.826769006381043
SNORD115-14,0.0
HMOX1,9.680798632634458
IGSF6,6.653045487693701
CER1,0.160668550592525
IGSF1,4.494008842297169
IGSF3,10.761959708295368
CTNNB1,13.15110838650865
AQP5,4.401356608933452
TMEM50A,11.45413053783044
C15orf56,3.1267072014585184
MYOC,1.1798337283500446
ZSCAN4,0.5025634457611663
HMOX2,10.041410938924352
CYS1,6.380747948951682
C10orf81,8.608971741112141
ANKRD40,10.350371741112129
C18orf45,9.281040474020052
LARS2,9.036452871467649
TRAK1,10.52756964448496
TMEM41A,9.54552716499546
SLC34A3,2.4483458523245174
ANKRD42,8.207241659070192
RAE1,9.871793892433917
LRRC4,5.545296444849592
CNOT8,10.467834001823146
ERAL1,10.181891522333638
NHS,7.439102005469463
PRNT,0.014032543299908842
CNOT3,10.158968459434822
CNOT2,10.518988969917967
CNOT1,11.873159343664545
C15orf50,0.9750709206927982
CNOT7,10.556507566089318
APOL2,9.721751412944387
APOL1,10.453440200546932
CNOT4,9.031854785779409
ITGB1,13.503200455788521
NOS1,0.6146999088422969
ITGB3,6.810198085688237
HCG9,0.1520503190519599
ITGB5,12.131902734731087
ITGB4,10.972242844120329
ITGB7,7.031608386508668
ITGB6,9.566720601640833
ITGB8,8.605473564266179
DDX11L2,3.5381827711941654
SRC,10.168317775752046
BUD31,10.17419307201459
YARS2,8.583331631722896
SLC37A1,9.361800273473115
ATN1,12.053431631722875
SCXB,1.6876717411121243
LIX1,1.1216233363719241
LCP2,8.414104193254346
LCP1,11.402785323609837
PMPCB,10.36538313582497
GNB1L,6.339887237921605
TNIP2,9.154074293527811
SLC37A4,9.004866909753867
USP39,10.375463445761165
LCE4A,0.0038884229717411124
KRTAP12-3,0.0038711030082041933
RNF40,11.529707110300814
MYO6,11.966820601640846
NR2C1,8.088133546034642
RPP14,8.843063172288067
PLAC2,7.233707657247051
KCNA10,0.08550537830446678
EAPP,9.77106390154969
AICDA,0.8967499544211486
ZNF498,8.451460164083864
C21orf130,2.17403445761167
C21orf131,0.021047584320875112
ORAOV1,8.248060072926163
PASD1,0.11260546946216955
GNPDA2,8.411012215132182
GNPDA1,10.03432962625341
MAT1A,3.816280036463083
SULF2,11.999386326344565
MAN1B1,10.907537739288975
SEC14L5,3.1963706472196884
OR5M9,0.00445278030993619
GJB7,0.9700753874202371
SCARNA6,0.8392666362807653
GCM1,2.2725850501367413
RASAL3,7.092700455788525
GCM2,0.1453370100273473
URGCP,9.75983418413854
EGF,6.299841659070184
C6orf191,0.5068405651777578
LBP,4.3346467639015565
LBR,9.535965633546041
SLC30A2,3.3844878760255255
C6orf192,7.97525733819507
ST5,10.034414494074756
RAN,12.000653053783047
ZFP112,7.051059070191419
FGR,7.131110027347329
USP35,7.708692342752967
SEC14L4,1.0952946216955344
SLC12A4,9.419353874202363
SLC12A7,10.92322087511396
NEO1,10.49059608021878
SLC12A1,2.556487055606198
TDRD5,7.000560346399269
SLC12A3,1.9969895168641745
OR5M3,0.0026088422971741114
LBH,10.159847584320872
FGG,1.5021674567000916
SLC12A9,9.64702470373746
FGA,0.8119857793983588
FGB,1.8939754785779404
VWCE,3.073105104831359
IMP3,10.02287866909755
MRVI1,8.235674020054697
OR5M1,0.006521422060164084
EXT2,10.834637192342754
EXT1,9.958173746581588
IMP5,0.6064278942570648
ATP1B4,0.08803536918869644
ACIN1,11.576943026435742
ATP1B2,5.055366362807654
ATP1B3,10.706499999999997
ATP1B1,11.710468094804012
TFB1M,7.359737010027346
LY96,6.561717137648134
RBM12B,9.00794958979034
TESK1,9.811023974475843
TESK2,7.945286052871468
ZAK,10.308668277119423
LOC91316,7.547529808568824
PSMC3,11.070600000000013
PLD2,9.409988058340932
NCRNA00113,0.15086144029170473
PCA3,0.14037948951686421
NOS1AP,6.321657429352783
LOC645332,6.878768641750238
PLD3,11.955348587055614
ZNF132,6.079150136736553
FAM164C,5.710877848678206
FAM164A,7.6067938012762095
FAM113A,8.886255241567905
C14orf169,8.486787784867824
C14orf167,9.554172835004557
ALDH5A1,8.851524247948971
C14orf165,0.04757319963536918
BSPH1,0.0018285323609845033
OSBP,11.083004922515958
C14orf162,2.0885474020054695
TCTA,9.988429808568812
SNX3,11.28781795806744
SNX2,10.441232634457602
SNX1,11.309887784867824
OCM,0.8943515952597998
SNX6,10.357902917046479
RAB1B,12.441573928896984
SNX4,9.836036918869633
RPL27A,13.329336189608016
SNX8,8.571942935278035
VWC2,0.5000098450319057
TRMT1,9.04524202370099
CASD1,9.706734913400187
XPO6,11.176879854147693
OXER1,4.072283409298086
CCDC127,8.781410391978119
CCDC126,7.736337283500457
CCDC125,9.070983500455789
CCDC124,9.635246399270734
CCDC123,9.122808477666366
CCDC122,5.646190975387417
CCDC121,6.780371558796729
CCDC120,8.799734822242481
CEL,4.3751499544211505
TIMELESS,9.882081312670904
SNHG7,8.949095806745671
CCDC129,1.9910265268915246
ZIK1,5.577775296262534
ITPKA,3.5834789425706526
ITPKC,9.794293983591603
ITPKB,10.088272743846847
SNORD115-16,0.0
RNF219,8.589282497721054
MGEA5,11.91146526891524
L1TD1,3.207472652689151
PHKG2,9.325441203281672
NRTN,3.3653659070191426
ITPK1,10.687757976299025
ORAI3,9.174448495897911
SNORA70B,0.0029692798541476753
ORAI1,8.69806918869646
POM121L12,0.0034050136736554245
LGALS12,3.746916226071101
STH,0.41396034639927126
LOC221442,4.785818049225155
RAG1AP1,10.763651868732914
TSIX,6.052650957155879
ZNF672,9.88229234275296
OPN1LW,0.0328947128532361
DLAT,9.75647958067456
UHRF1BP1L,9.277819051959899
C12orf29,8.566098997265271
ZNF343,8.260056791248862
C12orf27,0.1627155879671832
C12orf26,6.6726713764813175
C12orf24,6.165380127620789
C12orf23,10.555910300820432
TUBB2C,12.486642023701004
TMED2,12.922300455788529
HIST3H3,0.22880154968094793
RNASEH2A,9.21362835004558
CEP170,9.836170100273467
RNASEH2B,8.667686326344578
SNHG9,5.534407110300822
COMTD1,7.055483226982678
KIAA0284,10.223035642661817
MAOB,9.451727256153136
MAOA,7.763114767547846
DTYMK,8.917252871467642
NEIL3,5.571505104831356
NEIL2,8.642336371923422
MSTO2P,6.8682938012762085
HNRNPR,11.608093436645412
MMP28,5.999614494074744
MUT,9.795903919781205
PIWIL4,4.6583316317228745
PIWIL3,0.13128058340929802
PIWIL2,2.355972470373746
CHAD,7.228426435733825
MED28,9.095296900638111
CLYBL,6.065470464904281
NCRNA00051,0.03291030082041932
AHI1,8.464906563354598
FABP6,1.8049044667274377
FABP7,3.494370373746581
FABP4,7.681603919781206
FABP5,6.076651868732915
FABP2,0.14550218778486793
FABP3,6.66158085688241
CHAT,0.04237930720145852
FABP1,0.13118140382862348
AKR1C4,0.11781422060164086
GABRA4,0.3451195989061077
MESP2,4.3488728350045545
GABRA6,0.019985141294439374
GABRA1,0.3702551504102096
AKR1C1,6.398861166818594
AKR1C2,5.976953600729271
AKR1C3,7.882497629899724
ZNF771,5.998331175934376
FKSG29,0.2682108477666363
MMP26,0.12273418413855967
SNCAIP,5.5395784867821325
ZNF530,6.192204284412039
SPDYA,3.4608154056517755
MTERFD3,8.537050683682773
SPDYC,1.8960425706472201
CENPC1,8.380506745670012
WHAMML2,4.354314494074748
C1QBP,10.669953509571547
MTERFD2,8.42125113947128
?|57714,9.292015041020967
ITFG1,9.8061837739289
GRIA3,3.689438833181403
HNRNPL,12.39153117593435
DNMBP,9.130997082953513
ENAH,12.286470373746567
ASL,9.075051868732908
ATP6V0B,11.4213778486782
ATP6V0C,11.601112853236113
GRIA1,2.0996572470373773
UFM1,10.591262078395637
SEPW1,11.534445214220606
GKN1,0.09526964448495898
GKN2,0.1317652689152234
KIF26A,6.102272105742941
COL5A2,12.879651048313576
COL5A3,9.462337192342746
COL5A1,12.77899544211486
CENPM,7.093102005469462
GRIA4,2.6242439380127633
LAMP1,12.838504284412029
TCF25,10.780158067456702
NAT15,10.483733181403835
EP300,11.163515405651788
DUT,9.876588878760245
NAT10,10.650216226071093
TAAR5,0.009081494986326346
PDCD5,9.568691522333653
TAAR1,0.04936827711941658
LOC388692,7.799540565177756
ANUBL1,7.389338195077489
FAM55D,0.6653865086599817
HNRNPD,11.92943154056517
TAAR9,0.00536563354603464
FAM55A,0.14521267092069287
ALDH2,10.76086435733819
FAM55C,9.296531631722878
C18orf2,0.545756244302644
C18orf1,10.307115587967175
NEU4,1.9594236098450304
SEPT9,12.656600638103912
NPFF,2.841237192342753
RCE1,8.577442752962618
LENG9,7.020971285323617
LENG8,10.874638742023691
C18orf8,8.738438559708296
ATP5F1,11.379690519598904
LOC92249,9.04534858705561
UQCR11,10.205880309936179
ARMS2,0.2864538742023703
SPANXA2,0.2895909753874203
SCN9A,3.637591795806743
RPRD1A,10.362289972652684
STOM,12.240219051959897
CXorf38,7.5948153144940775
RPRD1B,9.854319507748395
SNORD30,0.0
TRIM3,8.775572288058347
SEPT4,7.90259298085688
CXorf30,1.435874293527803
SNORD31,0.0
CXorf36,8.436087876025526
OPRL1,6.451551230628986
PRUNE,10.266674658158616
COQ4,9.608611303555156
GABARAPL1,9.624798723792162
ASAH1,12.27609179580674
ASAH2,2.5380132178669115
GABARAPL2,10.469720966271646
KLKP1,1.9869732907930735
PRR3,7.963373473108473
PRR4,5.159933363719239
PRR5,8.104223336371929
HSP90AB4P,0.753099817684593
PRR7,5.506014767547854
DVL2,9.135778122151317
DVL3,11.21082488605287
ABCB1,5.784480948040121
DVL1,9.85118231540566
ABCB7,8.761067183226993
ABCB6,8.914704284412027
ABCB5,2.0304039197812225
ABCB4,4.659639835916133
MED18,8.225831358249769
MED19,8.16589462169552
ABCB9,7.538960072926168
ABCB8,9.438541750227895
JSRP1,2.690493527803099
SLC9A4,0.7239872379216047
NLRC4,5.339457976298991
EEF1A1P9,12.443259343664536
SLC9A5,4.373568185961712
SYDE2,7.3384094804010935
PSME4,11.331388969917947
PSME2,11.123418960802205
PLEKHA1,9.490737648131267
PSME1,11.790666271649945
ZNF69,5.991482315405651
MTSS1,10.170909206927988
HMGA1,10.82718951686417
SLC9A1,10.669433272561523
SNORD115-10,0.0
BAI1,4.084083865086603
BAI2,8.47620164083866
BAI3,1.7033582497721067
UBAP2L,12.11021103008204
TOPBP1,10.047917137648144
OR6C2,0.012871558796718323
RSPRY1,8.59560601640839
SUPT7L,9.808484047401997
OR6C1,0.0036093892433910666
TLX2,0.747449498632634
TLX3,0.5839456700091156
PVRIG,5.679717411121237
ADH1C,3.1718405651777566
ADH1B,6.9224067456700125
ADH1A,1.8511773017319961
CLEC4GP1,0.7116663628076576
SERPINF1,11.43893883318143
HCK,8.2007161349134
TNRC18,11.634815405651802
ARFGEF1,11.356284138559705
DNLZ,6.868925706472185
APOC1P1,0.3923778486782134
ARFGEF2,11.198512762078403
KIAA1704,8.239304740200545
KIAA1257,5.125602005469458
SLC9A8,9.228970191431184
MLEC,12.450655606198715
LIN7C,9.44917994530538
SLC9A9,6.584093163172279
LOC645431,4.703711121239749
TGM3,2.750041385597086
CYP2W1,0.5169722880583403
SLC30A8,4.532868003646305
PSMC3IP,6.638787237921612
SLC30A4,6.108722424794897
SLC30A7,9.900807748404741
SLC30A6,8.320827894257077
SLC30A1,8.474872014585237
LOC647859,1.7425200546946225
SLC30A3,1.8733305378304494
FURIN,11.200954238833184
ASPDH,0.30416690975387406
PLA2G4C,7.291293436645398
EML2,9.619628441203284
BTN1A1,1.1489210574293525
GADD45B,9.9411934366454
EML1,8.179665907019142
EML6,4.342140382862358
LOC344967,2.450117958067458
EML4,10.336183135824987
EML5,5.136187693710122
SCNN1D,5.400325979945296
ZYG11B,9.710921695533258
TAGLN2,13.790018505013679
GJD4,0.37244466727438436
GJD3,5.152708204193251
GJD2,0.05561030082041932
ADM2,7.893097356426607
SPEF1,4.769482406563352
HLA-DPB1,11.516447493163176
HLA-DPB2,2.794198359161352
SPEF2,7.670943117593436
CETP,3.9208805834093017
SFRS3,12.350564904284422
SCN1A,1.0993131267092067
NARS2,8.615868277119418
BZRAP1,8.147012670920684
OR2D3,0.01345341841385597
OCM2,0.01859535095715588
NUPL1,10.08041777575206
NUPL2,8.580218869644488
KAAG1,1.301924156791248
MIPOL1,7.26419261622606
GMPR,7.207961987237922
GMPS,10.5432482224248
RSPO3,5.483356882406564
RSPO2,0.5888904284412034
RSPO1,3.811808113035554
CNN1,7.943312670920693
CNN3,11.805913582497713
CNN2,11.384101549680953
RXFP2,0.06722971741112126
DHODH,6.966968550592527
ZSCAN29,8.964098176845948
ZNF273,7.437456973564271
ZNF300,5.91887830446673
SUGT1L1,5.089975478577931
ZNF277,8.627294074749317
SNORD18B,0.0
ZNF275,9.08411668185961
NCAPH,8.005652142206015
DKFZP434L187,0.49410729261622577
SCARNA23,0.0028965360072926165
CHAC1,5.230035278030991
TM7SF2,8.765065724703744
KCNV2,0.7009692798541481
KCNV1,0.5061906107566088
SNTA1,8.506031631722877
SPANXN5,0.03490054694621696
MMP23A,0.6397116681859613
FAM98B,8.35971649954421
TSG1,0.1665805834092981
LRRC46,6.0145224247949
PLCB2,7.8094563354603395
XKR8,7.59824357338197
CIAO1,10.879095168641754
NOP10,9.85485533272562
ITGA10,6.115232816773022
ITGA11,9.877239015496817
EXOC3L2,5.895985597082944
NOP16,8.04510446672745
PARP8,7.830343938012757
EIF5B,11.885738377392896
CTXN1,8.534578395624441
CTXN2,0.9988813126709203
ARHGEF33,3.1568229717411094
CCKBR,1.2406574293527788
OR2A9P,7.011912762078393
STK35,10.233120966271661
MAML2,7.706079033728344
MAML3,8.299315861440286
MAML1,10.38664813126708
NONO,12.927712397447563
MARCH8,7.912226162260701
IL28RA,6.612286052871464
DPYS,1.097309298085689
TRPM8,1.7583357338195085
TP53TG3B,1.1972564266180492
TRPM4,10.005120783956244
TRPM5,0.8919969917958064
TRPM6,2.8478215132178653
TMEM171,2.317642752962626
USP17L6P,0.019183044667274378
TRPM1,0.24808577939835907
LOC100128822,6.534521513217869
TRPM3,0.6712214220601642
SULT1C3,0.24124721969006388
SULT1C2,2.832606927985415
TUBB8,3.3932577939835897
METRN,8.712171194165915
TUBB6,10.138991795806755
TUBB4,5.880059070191425
TUBB3,9.23850583409299
METTL1,8.638253144940743
HERC1,10.54720893345488
HERC3,8.891603463992713
HERC2,10.447897174111205
HERC5,7.771091157702822
HERC4,9.812247310847754
HERC6,8.698865177757524
C19orf71,2.780072652689148
C19orf70,9.271687146763911
C19orf73,4.390754876937104
APTX,9.314557155879664
C19orf75,0.04269206927985415
APOLD1,9.015745214220603
C19orf77,1.6831621695533254
C19orf76,4.256778304466726
ZFYVE28,7.043418778486791
FLJ22536,4.538919690063805
SH3BGRL3,11.599639197812206
SH3BGRL2,8.174616681859614
PEX5L,2.7030181403828664
DKFZp761E198,8.52210993618961
PSMB9,8.84609808568825
NYNRIN,8.906495533272572
C17orf59,7.648393801276201
C17orf58,8.929999908842298
C11orf68,9.608527256153126
SLCO2B1,9.550786690975388
C17orf51,6.824265268915222
C11orf67,8.165384867821347
C11orf64,0.0021643573381950774
C11orf65,2.583436736554237
C17orf55,3.450718778486783
C17orf54,0.2301544211485871
C17orf57,4.69967839562443
C17orf56,8.20145095715589
EIF3C,7.877133090246133
TNFSF4,6.967558340929806
C9orf16,9.379743573381962
MKNK2,11.628260528714648
LCLAT1,8.810972835004561
MKNK1,8.82538113035551
ADRA2A,8.17902051048313
OLFM3,0.6132792160437558
CCR1,7.727740474020054
CCR2,5.851076298997267
CCR3,1.6734130355515044
CCR4,4.547319872379217
CCR5,7.428424794895167
CDSN,6.076374658158608
CCR7,6.156960619872382
CCR8,3.095982224247947
CCR9,0.830751139471285
BCAS4,9.801137192342761
STK39,9.587986873290784
BCAS2,9.520092889699173
BCAS3,8.976771923427531
LOC151174,2.1062546946216987
BCAS1,8.078293436645406
DRAM1,9.154555150410213
TUSC1,8.579949134001817
DRAM2,10.035066727438442
PABPC1L,7.788778669097534
CD81,13.284346216955337
CD80,4.512838012762079
CD83,8.440123701002735
CD82,9.771453874202363
CD84,6.584856061987233
CD86,7.727026435733814
ABCC6P1,1.614194348222426
ABCC6P2,3.812763536918867
LOC402377,3.3749890610756585
TM4SF4,0.9415227894257047
LOC284441,6.320923974475842
LOC284440,6.369305560619879
SLC8A3,1.9356475843208756
SLC8A2,2.942190063810392
BCL7C,9.482100820419333
BCL7B,9.856196991795814
BCL7A,9.017833090246134
ZBED1,10.549762534184152
ZBED2,3.4323709206928004
ZBED3,4.806965360072921
BNIP3L,11.230993527803102
TMEM135,9.172177392889713
RPE,9.58077803099362
LOC149134,3.7206384685505927
SCP2,11.47727903372835
EFNA5,7.878418869644478
EFNA4,8.720874567000902
EFNA3,8.40564457611668
EFNA2,0.4222751139471286
EFNA1,11.240455515041035
SEMA4F,8.075904740200553
SEC1,2.2414107566089347
STAU1,11.833712032816775
TM4SF5,0.1070340929808569
ZNF562,9.17384466727439
CD8A,7.269278395624427
CD8B,5.340121057429358
SLC28A2,0.23476134913400196
OSBP2,7.270825888787598
LRP2,8.635790519598904
LRP3,9.654329170464889
GALNT14,6.222461440291706
LRP1,12.616727438468523
GALNT12,5.532948222424798
GALNT13,3.9015874202370093
GALNT10,10.602939653600755
GALNT11,9.96037830446673
CDS1,10.041641385597076
CDS2,9.822617593436659
ESR1,11.675188149498629
OR51L1,0.0038485870556061994
SSH2,9.134386508659988
RUNX3,7.997973928896984
HLA-DOA,8.89213044667274
HLA-DOB,5.498791522333638
NFATC1,8.563485688240663
LOC554202,2.7302939835916122
CALR3,0.453630446672744
HARS2,9.721191157702833
CLCC1,9.772410027347306
STIM2,8.802294804010943
ANTXR1,11.856610483135848
SNORA29,0.04793336371923427
ANTXR2,9.290875752051042
LIMK2,10.619604284412024
CCDC74B,6.562770829535096
CCDC74A,8.386263992707375
LIMK1,10.067038377392887
S100P,8.118967183226978
SSH3,10.215877484047406
OR51S1,0.002479671832269827
MAP2,7.3603969006381105
C1orf189,0.5038103008204196
C8B,0.45518249772105734
TBCCD1,8.210337921604374
MAP6,5.968377575205094
MAP7,10.272761440291696
CRIPAK,7.669518596171382
C8G,1.675688058340931
C1orf180,0.6960291704649044
TEAD2,9.768020966271655
C1orf182,2.6939385597082937
C1orf183,5.133642297174114
C1orf185,0.0274207839562443
C1orf186,3.595219781221508
C1orf187,2.188866180492253
PTPN22,6.022317502278949
FAM180A,5.139958432087516
FAM180B,1.5336175934366445
PTPN21,8.233703828623518
PLEKHF1,7.161467639015495
WFS1,10.748718596171361
PLEKHF2,10.652266818596171
BRI3,10.044623245214224
CXorf49B,1.0345038286235189
CHIT1,5.566608751139473
MRPL18,9.710698906107575
?|728045,0.0005124886052871468
APEX1,11.597496536007279
APEX2,9.574367183226983
RPL37A,13.50874758432088
OVOL2,7.952788605287142
SERPINI1,7.7419353691887025
PPY,0.07157247037374659
SPOCD1,5.9058221513217894
FANK1,6.854883956244301
RAB37,6.127725068368276
ESRRG,6.391057338195089
ESRRA,9.075843664539637
MRPS6,9.35298495897902
ESRRB,1.8698567912488637
CLDN23,6.674686144029176
CLDN22,0.09199963536918869
CYP4V2,9.032809753874215
CLDN20,1.266759070191431
CLDN25,0.7704712853236101
CLEC11A,7.9529680036463075
IL28B,0.28767930720145846
IL28A,0.3805525979945306
TMEM208,9.235293436645385
DYNC1H1,13.18743728350046
EPHA10,6.734647310847764
TIE1,8.751074931631726
ZNF718,6.428495350957156
DMRTA2,0.8217356426618037
THG1L,7.451994895168634
ZNF716,0.48124621695533304
DMRTA1,2.956321148587052
RFC4,8.637703281677297
EBPL,8.947195989061077
ZNF860,6.386247037374659
ZNF713,6.261134822242473
NFAM1,7.5573922515952665
BASE,0.4454062898814949
TOM1L2,10.299398359161339
MAPT,10.05182971741113
ANTXRL,0.6065149498632629
HLA-DQA1,10.503487967183219
HLA-DQA2,8.127393345487691
VPS33A,9.176969735642658
ASB10,0.055528896991795834
ASB11,0.046374567000911575
ASB12,1.0969869644484966
ASB13,10.188369371011854
C14orf21,8.170691248860534
ASB15,0.49742160437556954
C14orf23,0.09042816773017319
ASB17,0.021602005469462168
ASB18,0.023978213309024606
NME1-NME2,6.796648131267085
YIF1A,10.228176390154962
C14orf28,6.444016043755709
DHCR7,10.529418322698264
CASP10,7.412349680948029
OR4K15,0.1200428441203282
CASP12,1.0123616226071108
AFG3L2,10.512706198723793
CASP14,2.1297678213309013
TATDN3,8.31037402005468
SERPINB9,7.969900820419312
FAM5B,3.9332282588878846
TATDN2,10.548267547857778
TROVE2,10.427232543299898
C18orf62,0.056843026435733836
LOC401052,6.148424886052858
XPOT,11.01977666362807
NBEAL2,10.29864813126709
AVIL,5.183257702825894
TCHHL1,0.35635688240656327
LRP1B,3.6980239744758445
ZFP2,5.424324521422059
OR4K14,0.006082406563354603
GNB2L1,14.328332725615311
ANKMY1,7.859606836827711
ANKMY2,8.577668003646306
TLE2,8.973707292616213
MYCBP2,10.467002825888803
SERPINB8,7.5478484958979095
PTBP2,8.103918049225161
PTBP1,12.426206654512315
NNT,10.053724430264346
TYW1B,6.458271832269824
DOK7,5.994889061075656
FAM19A4,0.8649375569735639
FAM19A5,5.837549589790342
FAM19A2,3.705881494986326
FAM19A3,2.4506347310847776
FAM19A1,0.8836453053783047
HK2,10.933824977210573
HK3,5.5378704649042865
ZBTB6,8.56973463992707
HK1,12.018593892433925
TUSC3,9.095528988149509
CACNG3,0.1106269826800365
CT62,4.555930537830441
ZNF445,9.197761440291698
CACNA2D2,7.519110027347308
CACNA2D3,3.030698814949865
ATP2B3,0.70253582497721
CACNA2D1,5.0191762989972695
ATP2B4,11.473701823154052
CACNA2D4,5.489420875113945
VSIG1,3.4189180492251596
FDPS,11.115129170464915
YWHAZ,14.38106991795807
MTCH1,11.779595259799434
GPR160,9.576517684594352
MLC1,2.8767084776663636
ZNF80,2.065713126709208
CACNG4,9.665568824065632
TFPI2,5.4517817684594405
MSRA,6.8204606198723745
SUPT4H1,10.551157976299002
TBX1,6.103064721968999
ZWILCH,8.768800182315413
XRN1,9.81787174111212
CYP27C1,3.044537830446669
NR1I2,1.8399483135824999
TBX6,5.0478858705560565
C6orf225,7.221685961713765
TNF,4.8798994530537785
FBXO5,7.682788149498627
BATF,7.614027985414768
LOC100130264,0.2095169553327258
TRIM6,6.927008933454888
FBXO6,8.485327529626256
LOC148413,8.48270711030081
PABPC1,14.880767183226977
MACF1,12.412192616226083
LOC653786,2.208766636280768
PABPC5,4.259462169553329
PHLPP2,8.331679398359157
FBXO9,9.975074749316315
DQX1,3.5871639015496797
EED,8.529492798541474
MAPKAPK5,9.138686599817682
TSSK6,4.4664579762989955
MAPKAPK3,9.819188240656331
MAPKAPK2,12.243823062898805
PDHX,9.607175022789418
ZFHX4,7.503087329079302
ZNF804A,3.068093072014586
GOLPH3,11.630531267092088
LOC400891,0.4265321786690975
PIK3R5,7.326553509571554
PIK3R4,9.854906381039186
PIK3R3,11.368993710118513
PIK3R2,11.06524357338197
PIK3R1,11.159916773017319
CTNNBL1,9.916550136736562
ZNF107,9.030285050136735
PDHB,10.313685050136725
FAM83H,11.413223609845032
LOC286367,4.7216827711941685
ZNF235,6.428333181403831
PTPRN2,7.183154056517773
TMEM38A,5.730054968094796
PDIA4,12.255013126709205
TIAL1,10.440670464904299
SLC10A2,0.036695897903372826
OR4A5,0.003811121239744759
C15orf5,0.32690701914311776
C15orf2,0.09524020054694624
PMFBP1,1.927620966271652
LOC643763,1.9690585232452136
NAIP,6.069825068368283
HACE1,7.812174293527808
HEXIM1,10.411111212397431
DENND5B,7.745403828623522
DENND5A,10.382716499544214
HEXIM2,7.001529717411113
PTCRA,1.6994204193254328
CATSPER2P1,4.570292980856872
ELFN1,5.354494348222426
LOC284632,0.22300948040109386
ARMCX6,7.853399726526888
ZNF532,10.265184047402009
LRRC18,0.8334222424794892
LRRC19,1.3044050136736556
AQP7P3,0.5833596171376478
LRRC17,7.461010209662725
AQP7P1,1.9610290793072045
LRRC15,10.719456882406568
LRRC10,0.05265186873290795
LOC284798,0.2521567000911576
C14orf105,0.13696326344576115
C14orf104,8.225857976299004
BAT5,10.105567274384697
C14orf106,8.92269553327257
C14orf101,8.762787055606182
BAT2,12.705238377392888
BAT1,12.370378851412926
C14orf102,8.01775706472196
CRLS1,9.703310665451223
RAB3C,1.6676551504102086
OR10J1,0.015426800364630809
C14orf109,8.371529079307196
AASDHPPT,9.679511485870556
SMEK2,11.103983226982681
ARMCX5,8.309902734731084
XCL1,2.91860619872379
LOC730811,0.018088422971741108
TOMM40L,8.950195715587979
RAB3A,6.763482315405646
ATP8B5P,4.916360619872382
TMEM202,0.01587830446672744
OR7E91P,3.2337927985414807
IDS,11.529213764813127
RRS1,9.183719416590723
ARMC6,9.369642388331819
RBKS,6.873372561531453
NFATC3,9.431503190519585
GLIPR1L1,0.44436563354603464
GLIPR1L2,4.314668368277121
CDRT15P,2.5208703737465785
TNFAIP8L3,6.371845214220607
IDE,9.237742388331803
ZNF204P,6.235637192342758
LRG1,8.255991522333645
NCAM2,6.852563992707379
TNFAIP8L2,6.264670191431183
CCDC101,8.317065907019153
FAHD2B,7.939806927985406
CCDC103,6.974297174111206
ARMC5,8.315297538742024
CCDC105,0.027000364630811305
CCDC104,9.567290975387408
CCDC107,8.331180765724708
CGN,10.514621057429357
CGA,2.5618200546946213
CCDC108,2.466317775752052
HIATL2,4.506779124886055
CGB,0.37357055606198714
BICD2,9.663353783044679
POLD1,8.845875113947123
POLD2,10.883384503190525
LOC641298,6.085305469462171
POLD4,10.2463942570647
RPRM,1.8181368277119416
PML,10.569173746581589
REEP3,9.283727894257064
REEP2,5.773211303555157
DLC1,9.446180309936185
ARMCX3,10.714682953509556
PI4KAP2,6.294174111212399
REEP6,9.466378213309019
CECR1,9.95706007292615
CECR2,4.084967183226986
FUBP1,10.65393773928897
CECR4,1.5073876937101176
CECR5,9.211454968094793
CECR6,4.666103099361898
CECR7,4.8590125797629975
NUB1,10.751842752962611
ARL6IP6,8.209085414767546
ARL6IP5,11.825510391978112
ARL6IP4,10.716205195989067
TLR4,8.382290884229722
ARL6IP1,12.940004284412014
CHRNA4,0.7493917046490429
CHRNA5,5.26771549680949
CHRNA6,3.0602272561531474
CHRNA7,1.3389278942570664
FER,5.480040747493162
CHRNA1,4.111357520510484
CHRNA2,0.9384304466727437
CHRNA3,2.4332157702825903
SAV1,9.666861804922508
ARMCX2,9.571761622607118
USF2,11.089986326344578
CHRNA9,1.5511316317228807
MAPK8IP2,8.376594348222419
MAPK8IP3,9.569335460346403
MT1DP,1.384592433910666
CEP152,6.401678395624428
DICER1,10.671784594348223
PLAC1L,0.008017319963536919
ID4,7.549864175022798
TLR5,8.083591522333634
ID2,10.225573928897
ID3,9.200023701002726
ID1,7.6173957155879695
TIGD3,4.131226709206924
LOC100302401,3.9475630811303555
SLFNL1,2.481329079307203
?|652919,2.818218140382864
HP1BP3,11.759422607110315
FAM18B2,7.766671194165909
CPAMD8,6.921322789425706
CHGB,2.454541385597078
SNORD26,0.0
TCF7L2,8.982603555150412
NCRNA00032,0.14638696444849597
OR10AD1,0.6230572470373748
MSN,12.583889699179567
LENEP,0.6913363719234272
LEPREL2,9.186893254329984
LEPREL1,6.742766453965355
TIGD2,7.3496485870556105
NECAB3,9.38814685505926
COL20A1,0.29027137648131274
LOC100268168,2.8991318140382885
OPLAH,8.5581675478578
SEC31A,12.330836918869652
XBP1,14.781428167730162
UBOX5,8.453449407474922
ANKRD5,8.22857511394713
ANKRD6,7.3908466727438435
ANKRD7,0.8857765724703747
ZNF846,6.108283135824981
ANKRD1,2.1809861440291702
ANKRD2,1.5411933454876972
AQR,10.08365305378306
ANKRD9,6.02416964448495
BCMO1,1.8847310847766634
AHDC1,9.492319051959884
GLI3,9.979405834092976
GLI1,4.087981677301733
TFIP11,9.752782588878755
AQP12B,0.28419216043755713
AQP12A,0.03670765724703738
FSHR,0.024602187784867825
DISP1,7.772340109389229
MPPE1,9.103453874202375
DISP2,5.252269188696441
YME1L1,11.922693436645398
TMEM145,4.231311850501362
PEF1,10.648199999999996
GDNF,0.5730597994530539
LONP2,10.78761631722879
COL8A2,9.912946125797626
COL8A1,8.916873564266183
HNRNPA1L2,11.153170282588873
PDGFD,8.451655241567915
TSGA14,8.270278213309021
HCCS,8.853805651777574
MTMR8,2.5727391066545113
GTF2E2,9.076461440291714
SPATA3,0.19435332725615306
DMKN,7.713369462169552
UBA7,9.471402734731097
SPATA2,8.999620145852328
SPATA1,1.755623609845031
SNORD114-7,0.0
RCC1,9.75661659070192
RCC2,12.185788240656338
TLR9,4.461258158614408
LPHN1,10.197325888787606
SPATA7,7.240669553327256
ATPBD4,6.752661896080219
SPATA6,6.504627894257072
CWH43,2.216745123062897
RDBP,10.305712944393806
SIGLEC8,5.629800364630812
CD5L,0.3511551504102097
NBL1,11.54425086599817
FOLR4,0.25017812215132185
DNM1L,10.65755104831358
LETMD1,9.567092616226057
SIGLEC7,5.161793163172287
FOLR1,4.791733181403824
FOLR2,6.979801914311755
FOLR3,0.5342714676390158
DUOXA1,3.494596900638102
RANGRF,8.333691431175936
DUOXA2,1.2747061075660884
SFRS2IP,11.24843208751139
FHIT,5.487904284412036
KRTAP1-1,0.2566282588878761
HSPA2,9.225060984503196
ZNF70,7.06755442114859
PROCA1,4.237400182315412
FTMT,0.29899416590701905
TRAM1L1,6.810199544211491
LAPTM5,11.867754329990888
B2M,15.226663810391978
HSPA7,6.29977274384686
WHSC1L1,10.517699179580683
FLJ42393,0.8365065633546027
HSPA6,7.48415268915224
HSFX2,5.054204193254332
HSPA5,13.952203828623533
NR0B2,0.4160832269826802
NR0B1,0.6808286235186872
HSPA4,11.56366927985415
PTPLA,4.695376754785769
NT5DC3,8.224892433910668
TBC1D22A,8.479747948951694
HRSP12,8.481869006381036
RPSA,12.338924794895183
SPTLC2,10.962916317228805
SPTLC3,7.687793072014592
DRAP1,10.296044029170462
ABCD1,8.752371558796717
ABCD3,10.960576572470366
ABCD2,3.7175299908842265
RARS2,9.34419006381038
ABCD4,8.735154056517775
C2CD3,9.572044211485867
C2CD2,9.338781677301727
KRTAP1-3,0.070790063810392
HSPA8,14.545675660893348
ZNF43,9.123451959890604
SIRPA,9.978177939835913
LOC100131496,1.246222607110303
TOM1,10.080922607110297
SIGLEC5,4.8499764813126705
TUBD1,7.748679671832275
TMEM19,9.428606472196888
RRBP1,12.467040565177765
TRAPPC9,9.988923245214226
PI3,2.872785323609845
LIN52,7.040299179580673
SPANXC,0.3262582497721057
TRAPPC1,10.233475843208748
TRAPPC3,10.169192980856876
TRAPPC2,8.450730355515065
TRAPPC5,8.967172470373745
TRAPPC4,9.592542479489527
PRPH,2.324609298085688
BAK1,8.841015679124874
PPAN-P2RY11,4.692570920692802
SIM2,6.410923245214217
TMEM129,9.656211394712852
SBSN,2.227099544211485
CSN2,0.2590678213309024
CSN3,0.8127293527803096
RHBG,2.963337556973558
PPP1R14A,4.421839927073833
UTS2D,1.3065137648131278
KRTAP1-5,0.31768331814038275
ZNF232,7.435600820419337
KIAA1274,8.037934457611675
PRRT1,5.478694712853236
ST6GALNAC3,5.123245487693708
ZC4H2,6.503339835916131
KIAA1279,9.722695442114855
TSNAXIP1,4.443656882406563
PDCD10,9.647411212397449
PRRT3,7.985598906107575
PFN1,13.333582133090253
CYP2U1,7.475204102096634
LILRB5,4.947764813126712
ATPIF1,10.485245943482207
C15orf17,9.76697201458524
LILRB2,6.658423701002732
LILRB1,6.780103190519595
DGAT1,9.784868550592526
KIR2DS4,0.855163719234276
DGAT2,8.798700729261615
TNFRSF21,9.574082133090249
MTCP1,4.724094165907021
PSMG4,7.218334457611665
TBC1D10B,10.595764539653604
GRAP2,5.089823609845031
ABCA17P,3.460043299908844
PSMG1,8.776723336371923
PSMG2,9.99062461257978
PSMG3,9.135551595259804
RRN3P3,5.655324886052868
KSR1,8.047565724703732
KSR2,5.355395259799456
TIMM17B,9.504740656335448
DSEL,7.679069371011852
SLC35D3,1.224437921604374
PPIH,8.630903008204202
GRAPL,1.678660802187783
GATAD2B,10.383932634457597
C20orf43,11.139686052871467
NRK,5.6900983591613485
C20orf46,4.3837464904284325
CNTFR,4.838722971741107
TACR3,0.45128158614402925
TACR2,4.197495715587957
TACR1,4.705247402005476
DIMT1L,8.562848222424806
KCNH5,0.20667402005469462
KCNH4,1.4437985414767545
KCNH7,0.5859734731084772
KCNH6,1.0019963536918872
KCNH1,5.398472835004553
KCNH3,3.1663043755697333
KCNH2,4.9845834092980805
PPIC,9.921869006381048
KCNH8,2.6150530537830354
PPIB,12.96241759343665
SNORD45C,0.0
LOC388789,9.180154147675472
C9orf119,8.533756061987246
OR5T2,0.04253719234275295
CCDC85A,5.199930355515044
SERBP1,12.540935460346399
SNORD111B,0.0
MRPL53,8.969969826800376
C9orf110,7.008287784867822
C9orf117,4.0785617137648105
C9orf116,7.096421239744754
C9orf114,8.931825888787607
LOC731779,0.04301212397447584
PNMA5,0.8905741112123962
SLC28A1,1.7430460346399261
NUP133,10.712918778486767
PRNP,10.534869006381042
LIN37,7.28249097538742
KIAA0586,8.511930173199644
FOXM1,9.603198268003636
ZER1,10.61594247948952
NDUFAF3,9.831497721057442
FKTN,9.094635186873303
OR2H2,0.4198129443938015
OR2H1,0.06010382862351867
URB2,8.924991704649042
WBSCR22,10.49586371923429
GDAP2,8.677353691886953
GDAP1,8.364182406563351
LOC285735,0.06921267092069279
ZSWIM6,8.469604284412034
ZDHHC21,7.489335460346397
LOC285733,0.3308542388331813
LRRC70,5.012512762078391
DNALI1,8.6456905195989
GCSH,4.094427711941658
ZSWIM7,8.008338833181403
LOC100130557,4.878822515952597
AP3D1,11.652822789425704
PTTG1,8.438618505013684
ZSWIM1,8.236582497721068
LOC340357,0.031545123062898826
ILDR2,1.7099714676390134
ILDR1,7.910406654512315
SNORD18A,0.0
FAM71E1,5.709712306289888
FAM71E2,0.9677312670920694
MEIS3P1,8.587875752051048
SULT1A1,8.615817411121236
OSTalpha,4.430249134001821
SULT1A2,4.495655241567915
BARX2,7.94020474020055
RBBP7,11.814037921604381
CABYR,7.244799088422978
BARX1,2.5070395624430297
IL3RA,6.919851230628989
NOL8,9.734716317228804
CHTF18,8.323790793072023
C19orf18,3.5659448495897945
NOL4,1.7577188696444843
NOL7,9.539320419325417
NOL6,10.299101914311768
OLIG2,0.3575822242479488
C19orf12,8.855482224247947
NOL3,8.785784047402007
C19orf10,10.683476298997267
TTTY2,0.004417137648131268
NIPSNAP1,10.720015223336393
OR9I1,0.01042242479489517
TTTY6,0.0
TTTY7,0.0
FAM156A,8.81578906107567
TTTY5,0.0005110300820419325
USP1,10.38753655423885
TMEM52,4.6564020054694595
TTTY8,0.00038249772105742935
KRTAP9-8,0.004216773017319963
DCAKD,9.619698723792144
TMEM53,7.55064329990884
TMEM70,9.156415679124882
TNFSF9,4.000108933454879
CLPTM1,11.565370829535091
C17orf39,8.269148040109398
RAB7L1,9.092455423883305
C17orf37,10.030574202370097
LOC145783,5.194762169553325
CDC40,9.32900218778485
CDC42,12.54456499544211
NEK10,5.662381312670925
KRTAP9-9,0.011096444849589791
TAS2R13,0.32674448495897895
NADSYN1,9.815763536918872
TECR,10.871145943482219
PGLYRP3,0.33158842297174124
PGLYRP2,4.5992790337283544
PGLYRP1,0.21973755697356437
ACRV1,1.142849954421149
PDDC1,9.953856335460342
CHAF1B,8.37266955332725
VCY,0.011693801276207838
BIN1,8.114377301731986
BIN3,8.392543755697353
BIN2,7.302588331814048
RGS22,4.875261349134003
RGS21,0.036794804010938924
RGS20,1.7443584320875114
DPYD,8.454728258887883
SNORA36C,0.0
UBTF,11.605373381950763
PIPSL,7.592822607110294
CDCA2,6.98970592525069
CDCA3,7.600855332725618
YLPM1,10.568464175022788
CDCA7,6.4689728350045606
CDCA4,8.65245086599817
CDCA5,8.774308386508658
CDCA8,8.506831358249777
MID1,7.309244393801272
GFAP,2.652387784867825
UTS2,1.196719598906108
RADIL,5.697582224247946
FAM108C1,9.124595350957168
XYLT1,8.740609206927983
METAP1,9.911730446672733
METTL11B,0.9746305378304471
ZNF717,5.316079398359164
RSF1,9.729005013673664
TTTY20,0.0
VPS53,9.723688514129437
OR2Z1,0.00581950774840474
OAF,9.040352233363718
KCNF1,5.312079216043753
PLB1,5.158625888787611
SLC31A1,10.448606836827704
MUC4,2.9744580674567014
PCDH18,8.479492980856877
SASH1,10.000450045578855
CT47A7,0.003797447584320875
CT47A6,0.003425524156791249
TCL1A,2.7452086599817633
PCDH19,6.10626526891522
CT47A2,0.009680765724703737
CT47A1,0.0029567912488605284
ZSCAN12P1,5.4604772105742985
FLJ10213,3.519756153144939
RG9MTD3,7.409183318140387
CYB5A,10.685343208751117
CT47A9,0.0
RALB,10.385700182315404
TMLHE,7.510224339106656
SNORD109B,0.0
TFEB,8.16748541476756
ZFAND2B,8.645820875113941
POU3F3,0.517785232452142
SS18L2,8.355491704649035
NBPF22P,1.6950910665451246
TP53TG1,8.32133044667274
IGDCC3,3.6474184138559673
DMRTC1B,2.7235556973564297
TMEM63A,10.66582023701005
HLA-DMA,10.074165907019129
PCK2,10.117537283500479
RRP7B,6.5420575205104905
NPAS4,0.9915256153144939
SYTL1,8.7836323609845
SYTL3,7.083276572470366
SYTL2,10.310143938012764
OR51Q1,0.14649963536918872
FADS3,8.13895350957156
POMT1,9.317052962625347
SPRED2,10.254970556062004
PTHLH,6.381469371011856
OR10K2,0.002435369188696445
OR10K1,0.004966362807657246
OR10G4,0.029625615314494074
RNU6ATAC,0.036518140382862344
ZNF652,10.9355065633546
OR10G3,0.007561440291704649
KIR3DP1,0.0190154968094804
OR10G2,0.17414667274384685
WDFY1,10.216454603463998
LOC100272217,4.396569553327257
LOC100272216,3.359016408386508
ASTL,1.8216416590701918
KRT73,0.3735254329990884
FAM182B,3.896410847766632
PRL,0.40761385597082944
FAM182A,0.8908234275296265
PLEKHH3,9.399576754785762
PLEKHH2,6.667541567912491
PLEKHH1,7.876916681859614
RELT,7.388128714676391
ESRP2,10.183756426618045
ESRP1,11.568174658158613
PPP1R2P9,0.1509716499544212
RELN,3.8373533272561526
RELB,8.580489061075678
NANOS1,7.690448495897907
HDGF,13.030506107566085
PRX,6.934654603463994
ZMPSTE24,11.00021212397449
MRPL36,8.579614676390145
CRISPLD2,10.372186873290792
CRISPLD1,7.993868185961709
ATM,9.773048678213316
MRPL32,9.64892999088421
MRPL33,8.86701422060166
MRPL30,9.772024703737463
PTRH2,8.901526800364625
CLEC17A,1.9368913400182295
SNORD45B,0.0
ZNF550,7.65896025524156
PTH2R,3.691786144029168
MRPL38,9.838626800364619
CYYR1,8.220783318140379
FAM69C,2.413759434822243
ESX1,0.23288213309024616
FAM69A,7.911643299908838
FAM92B,1.474707657247036
KLK4,4.973117411121248
DMRTC1,0.30350528714676395
DMRTC2,1.0491740200546942
KLK7,4.40844147675479
KLK8,2.9850372835004517
KLK9,0.46368824065633557
THOC1,8.921995442114863
THOC7,9.77451631722879
THOC6,9.08621549680949
THOC5,8.95302041932543
PRRG1,7.252189972652693
PRRG2,7.694068550592522
TTTY23,0.0
SNORD45A,0.0
SOX9,10.556792889699175
ZNF670,6.642245943482223
RHBDL2,6.070287784867822
RHBDL3,4.396937921604382
LOC144486,3.584984047402001
RHBDL1,5.524569006381043
PARP16,8.190535460346402
TRIM6-TRIM34,0.31917201458523237
HSD3B7,9.595440291704632
FLJ42709,5.850254238833178
HSD3B1,0.39068650865998183
HSD3B2,1.0892733819507745
MTRR,9.378730720145839
LOC100129034,10.601185779398362
ADAM32,3.828899726526895
YWHAG,12.205545670009105
CD300A,7.3603681859617085
WHSC2,9.318875934366451
CD300E,1.37392133090246
CLUAP1,8.986285323609854
FOXP3,5.966764266180497
COPS8,10.238222971741122
FOXP1,10.59967502278941
RCCD1,7.583518778486792
ADAM30,0.062286417502278923
FOXP4,10.997503646308115
MSL3,9.156396627164998
COPS2,10.648900091157687
COPS3,9.911146490428433
SAA4,2.2901895168641753
COPS6,10.877490975387433
NUP85,9.639401367365533
COPS4,9.695229808568822
COPS5,10.485711759343669
YTHDF3,10.922650957155863
PPOX,8.40701139471285
YTHDF1,10.702983865086598
ZNF596,5.940910300820422
MDGA1,6.757481950774851
GTSF1,2.0400923427529634
ZNF595,7.652027438468556
ZNF598,9.654031084776658
PARP11,8.003727438468541
TMEM72,0.19931504102096625
MYCN,4.587754421148584
KIAA0802,7.624593710118498
SREBF1,12.213359617137636
PLCH2,6.197949954421135
SPOP,10.356910209662717
TKT,11.877263536918873
PLCH1,6.240621877848668
VEZF1,10.717552962625351
SHOX2,6.0828876025524155
NLK,9.103831631722878
FDFT1,11.266606289881487
FAM135A,7.114065815861435
FAM135B,3.270347037374655
NLN,8.839125797629903
IGF2,10.339120692798545
?|100130426,0.012950410209662718
IGF1,7.966974658158622
DLD,10.698725797629907
TMED5,10.346616955332724
NUDT1,7.86614612579763
NUDT2,8.44893591613491
NUDT3,9.252057155879674
NUDT4,9.840851504102087
NUDT5,9.70681175934365
NUDT6,6.216989972652687
NUDT7,5.625603919781226
TFPI,8.055599544211487
TWSG1,10.006038195077483
SEPN1,11.76406973564266
PVR,9.028072105742929
TK2,9.459314129443955
OR2B11,0.1250124886052871
SNORA81,0.6926387420237017
PHLDB1,10.668204831358237
COL16A1,10.420250136736549
PHLDB3,7.760701002734724
NTHL1,8.166969917958065
LARS,11.385928532361003
OR2M4,0.0646341841385597
SST,0.24745843208751125
ZNF628,6.923273108477666
FLJ42875,1.5393227894257073
MAL,3.4132848678213312
CYP27A1,9.766965542388323
MEF2B,4.54612825888787
MEF2A,10.228558158614394
FETUB,0.4293690063810393
DDRGK1,10.012064813126718
TP53BP1,10.305674749316317
MSLN,3.6182164083865085
FBXL20,7.454665815861429
FBXL21,0.22356116681859625
FBXL22,4.739904740200547
LOC100286844,4.523835278030996
EPHX1,11.45390765724703
EPHX2,8.775754329990871
ARGFXP2,0.8723216043755694
EPHX4,4.7831442114858795
ZNF333,7.6137966271649935
ZNF330,8.997210391978122
FAM168A,7.829393436645389
TEX15,0.8323373746581582
RPLP2,13.183202005469449
NSL1,9.385903281677301
RPLP0,14.457463263445737
TEX11,1.518305378304467
TEX10,8.763209024612598
PEBP4,2.454252051048313
CD300LG,3.8339226071103054
CD300LF,5.449523336371923
SLCO1B1,0.22601659070191443
CD300LD,0.042079580674567
CD300LB,3.916700820419325
SGSM3,10.129507748404734
MALAT1,11.480974384685496
LRRC3B,1.0661372835004557
RSC1A1,7.841749954421152
ECD,9.498334457611657
SFRS1,12.27923290793071
NOTCH2NL,9.609845943482208
SLC7A5P1,0.5121393801276212
LOC100133893,0.763028258887876
NFKBIB,8.48636344576116
LOC157627,0.06905606198723795
CIB2,6.0041789425706416
CIB3,2.1489515952597986
MAPKSP1,9.862523154056516
CIB1,11.019153783044677
PRIMA1,5.46033646308113
CIB4,0.30879498632634444
THYN1,8.92811358249772
TTC3,12.634508021877846
HBXIP,10.192323883318126
SLC7A5P2,1.936655332725616
TTC29,0.9074208751139461
ARID3A,6.369079671832274
CG030,4.882060437556976
EVC,9.047332816773014
NTF4,2.608047584320877
MTMR12,10.308539288969904
MTMR11,8.051787876025536
LOC285830,4.3482065633546005
UGDH,10.930347766636272
CELSR3,7.390715861440299
ARID3C,0.6612206016408392
CELSR1,11.687693527803102
RABL2B,8.635173290793073
KIAA1045,2.801981768459432
PTCHD2,3.557020510483133
PTCHD1,3.280711759343662
BBX,10.519212032816778
NEK6,9.783720237010026
LOC200030,9.050275022789428
CXADR,7.09856654512307
C14orf129,9.062505013673656
C14orf128,5.360377210574307
SUPT3H,6.509365998176829
MFSD10,10.331253418413857
LRRC30,0.006922424794895169
LRRC31,3.938170373746583
LRRC32,9.6859384685506
LRRC33,6.826144211485872
LRRC34,5.12053573381951
C14orf126,8.27351814038286
LRRC36,2.8602024612579737
LY6G5B,4.996530537830442
MFN2,11.201700546946201
MFN1,9.786637192342761
NUDT9,9.365346216955329
ZNF33B,9.43257876025524
FAM166A,0.7684583409298098
FAM117A,8.362810483135831
FAM117B,8.730164266180484
PATL1,10.17454977210575
THTPA,8.430567639015491
NAA50,11.61145560619874
MAD2L2,9.001691431175937
RPS26P11,0.8888877848678205
FAM9A,0.1268467639015497
SVIL,10.641049225159541
KTN1,12.392048404740205
TCEB3,10.447199270738372
TCEB2,11.033916955332735
TCEB1,9.687598997265274
IQSEC1,10.616379124886056
C20orf191,0.10873008204193256
C20orf197,2.108134457611672
BMPER,3.4404212397447607
C20orf195,2.6182978122151352
C20orf194,8.631599908842295
CLCNKA,2.7652298997265246
C20orf199,10.679074384685507
CLCNKB,1.5315172288058359
LRP2BP,5.513493892433908
OR5D13,0.0029542388331814037
FAM90A1,3.788130628988148
IQSEC2,9.02482078395624
FAM90A7,0.16646654512306283
SERPINA3,13.206044211485867
PURB,10.952195259799467
VPREB1,0.05278550592525069
CCDC160,5.38409298085689
KRTAP6-3,0.0066397447584320875
KRTAP6-2,0.001917046490428441
KRTAP6-1,0.0007022789425706472
OR5D14,0.0034496809480401096
SATB1,8.200703281677303
RIC3,4.496188878760258
OXSR1,10.168950045578864
OR5D16,0.0022177757520510486
ST3GAL3,7.338566362807662
ST3GAL2,8.517503281677294
ST3GAL1,11.017401276207847
SGPP1,8.233635733819515
ST3GAL6,6.397080492251591
ST3GAL5,7.886137192342743
ST3GAL4,9.243447402005472
C7orf28A,10.02464731084777
NINJ1,11.041055241567921
NINJ2,6.6768719234275204
C7orf28B,9.25120893345488
GALNS,8.731122607110308
ZNF451,9.351799999999999
SNORD15B,0.42336080218778516
NEK2,8.676770829535107
NPSR1,0.06401950774840477
ATF6B,11.268564813126703
SNORA74B,0.3140561531449407
TJAP1,9.104718869644493
SLC16A9,5.646451686417496
MAGEA12,1.0235066545123064
CYP7B1,6.235438286235187
MAGEA10,0.34490200546946226
OSBPL8,10.583803919781213
SLC16A1,9.099494257064716
TUFM,12.032897356426632
SLC16A3,9.295000911577043
SLC16A2,8.889069735642659
SLC16A5,7.347557702825897
NPY2R,1.3543414767547846
SLC16A7,4.1295031905196
CEP135,7.81674065633546
ARHGAP30,8.94425432999088
ARHGAP31,9.229511485870562
ARHGAP32,10.768872105742922
ARHGAP33,7.6919370100273445
BCKDHB,8.504897174111221
ARHGAP36,1.9747381039197816
BCKDHA,9.910353509571564
WIPF3,3.6913802187784874
ARHGAP39,8.877791340018236
WIPF1,10.097539744758421
CMKLR1,8.129073655423886
LOC100132111,2.638917684594346
MON1B,9.066222151321776
FLJ43390,0.3385310847766636
ZNF836,7.36410583409297
DYNLL1,11.925839562443034
LYVE1,5.1277719234275265
DYNLL2,10.625059252506835
PRDM5,4.641299179580681
KHDC1,4.2723532360984455
UQCRQ,10.884146490428432
SNORD114-22,0.0
SNORD114-23,0.0
RBM4B,8.356562716499544
PIBF1,8.49497529626255
SNORD114-26,0.0
SNORD114-27,0.0
SNORD114-24,0.0
SNORD114-25,0.0
SNORD114-28,0.0
LOC647946,3.808965815861436
UQCRB,11.613079489516847
SNORA53,0.9888996353691892
CACNA1H,7.837665451230626
CACNA1I,4.220614402917042
GPS2,9.60178860528714
SNORA52,0.09746472196900637
CACNA1A,4.3001297174111235
CACNA1B,2.322536371923429
CACNA1C,7.680626162260713
CACNA1D,7.93819790337284
CACNA1E,2.3233079307201483
CACNA1F,3.4174072926162276
CACNA1G,3.4374864175022815
PTAFR,6.3502644484959045
SPINLW1,0.7887634457611674
LYPLA1,10.854220601640833
ATP6V0D2,4.0210134001823175
ATP6V0D1,10.748041567912496
CACNA1S,0.25736298997265283
TTN,6.646509024612589
FCAR,1.2225977210574313
FLCN,9.096253874202372
SFRP4,10.329860528714669
KIF19,2.985705104831354
BMP8A,7.82831905195989
BMP8B,6.0133776663628
PRDM7,0.2503123062898815
HOTAIR,5.360610209662712
SNORD115-41,0.0
BGLAP,4.966867000911568
PHB2,11.566198450319064
SNORD115-40,0.0
SLC15A2,6.12902087511395
COIL,9.215282224247941
SLC15A1,2.1591699179580677
TOR2A,8.353196718322685
P2RX6P,0.0011611668185961715
CARHSP1,10.347207292616217
RBM41,7.253126071103
RBM42,10.21412561531449
RBM43,7.897725979945298
RBM44,2.4289909753874204
RBM45,7.5967442114858805
CDY1B,0.0005304466727438468
RBM47,11.239712944393807
LLGL1,9.406690063810391
PQBP1,9.97940009115771
TMOD1,6.873673564266179
TTC15,9.369209206927984
SLC22A16,1.3021590701914307
TTC17,10.40245031905196
OAT,11.73825569735642
RP9P,7.039451777575205
TTC13,8.681808477666356
SLC22A17,8.790490975387412
TTC19,10.096205378304472
QRFPR,1.57429416590702
C4orf29,6.80351513217867
PRDM1,8.393379580674575
EPGN,0.7318440291704648
FAM48A,9.68447010027347
C4orf21,6.5812376481312675
C3orf65,0.061018869644484955
C4orf23,7.844874658158606
C3orf67,5.646331358249766
LOC144742,0.03298049225159527
C3orf62,7.148048131267094
C3orf63,10.759300455788514
S100A11,13.086949134001829
SLC31A2,8.60975897903372
ZFP92,1.4914290793072011
ZFP90,9.159234001823142
ZFP91,11.047147584320848
ZNF839,8.269415861440292
PDIK1L,8.95055551504102
RICTOR,9.5775611668186
S100A13,10.77762452142205
LMO1,1.2947983591613481
PPM1G,11.475830993618974
PPM1F,9.299279580674563
PPM1E,4.565467912488595
PPM1D,8.429491340018226
ABCF3,10.219483956244288
ABCF2,10.401347584320867
ABCF1,10.828496353691875
RNF148,1.851797174111215
EGR2,8.061734366453972
C4BPA,1.9564996353691875
C4BPB,2.286813400182315
EGR1,11.406322607110294
PPM1K,7.575052962625355
PPM1J,7.444733819507745
EGR4,1.6004880583409302
PPM1H,9.678394348222428
RTN4RL1,8.540301549680933
FLJ33630,8.756549498632642
PJA1,9.257644393801282
LOC728643,5.879915041020968
LOC728640,5.2364288969917965
PJA2,11.375737101185035
CHEK2,7.798504102096625
LMO2,7.879827894257062
CHEK1,7.680042844120324
DALRD3,9.649451139471294
UPF3B,8.147999726526892
INF2,10.839978942570662
NSMCE2,8.618502370100275
PRKAB1,9.366724886052882
SIKE1,9.581096444849587
LIN28B,0.4894546034639928
PAX5,2.1813116681859612
PAX4,0.030681221513217873
PAX7,1.823931905195988
PAX6,5.4331445761166846
PAX1,2.3752210574293517
PAX3,1.7341643573381946
KPRP,0.18375505925250674
PCDHA10,4.763711212397453
AHCYL1,11.867949863263444
PCDHA12,4.266502825888781
PCDHA13,2.8251594348222393
PAX9,6.62553491340019
PAX8,5.311791340018225
PTPN5,1.9352343664539644
PTPN4,7.624197174111208
GINS2,8.330607383773932
GINS3,7.460249042844118
GINS1,8.281033181403833
PROK1,1.358448860528714
GINS4,7.585858887876024
BTF3,13.186053327256136
DDR2,7.217884503190523
PLD4,6.356047493163173
DDR1,12.823858887876037
BARHL1,0.1248517775752051
LRCH4,9.694099635369192
GRK6,9.555755059252515
NNMT,10.433873928897002
LRCH1,8.914635004557885
LRCH2,4.846117137648132
GRK7,0.6471913400182318
MBD3L1,0.015194986326344577
MBD3L2,0.015247310847766642
MBD3L5,0.05444466727438469
PTDSS1,10.85404138559708
AGBL5,9.371391978122157
AGBL4,2.900384503190525
AGBL3,2.427574020054698
AGBL2,3.986288149498631
AGBL1,0.16289070191431163
PLD5,1.0948773017319953
UBE3C,11.113204375569731
C15orf39,9.571978851412931
C15orf38,8.138344029170456
ALG10B,8.138985414767559
ARRB2,9.422437010027355
SNORD1A,0.0
SNORD1B,0.0
ARRB1,9.061412579762987
CHCHD10,8.386248404740213
SUSD2,9.208842479489508
ADPRH,7.934988878760255
C15orf32,0.11823600729261625
C15orf34,3.9367765724703756
C15orf37,5.577545214220606
ADI1,10.300221239744756
CNTD2,5.969843846855058
PILRA,6.964745396536009
PLD6,7.09391239744759
SNAP25,3.675216226071105
ZEB1,9.160826435733819
GPNMB,11.987404831358257
SLC7A13,2.0180597994530567
PSMA2,11.08657584320874
AKAP8L,9.813019963536911
C9,0.18254184138559712
PSMA1,11.140195350957155
PSMA6,11.3197776663628
PSMA7,11.51047237921604
OBSL1,10.358948860528715
PSMA5,10.799454329990892
C3,12.779951504102083
C2,9.419420601640827
PSMA8,0.6379582497721059
DSG1,2.812263628076573
C7,6.638019507748405
C6,3.327189061075654
C5,6.945251595259793
CEMP1,7.466943026435722
FBXO45,9.422676116681883
FBXO44,8.397369097538759
FBXO47,0.20805925250683685
FBXO46,9.157116590701921
FBXO41,8.278786417502273
FBXO40,0.38397511394712874
FBXO43,4.159458067456704
FBXO42,8.899994530537835
EIF2C4,8.258731996353676
DCDC2B,0.5192773928896995
EIF2C1,9.909828988149506
FBXO48,4.733137101185049
EIF2C3,7.149652142206017
EIF2C2,7.937947948951684
VEPH1,5.170068550592523
SNRPB2,10.16071084776663
EXPH5,7.904595077484047
ADIG,0.06214895168641749
DET1,7.067289699179591
RPS6KA4,9.243602278942554
CP,7.8556504102096625
RMND5A,10.825372926162261
RMND5B,9.702312397447574
NRBF2,8.734201549680948
KCNJ3,4.526334548769371
KCNJ2,6.536584685505927
KCNJ1,1.1822195077484032
SFRP1,9.42661494986327
SNORD10,0.5747069279854153
KCNJ6,1.5206375569735657
KCNJ5,5.4213677301732
KCNJ4,0.5821963536918865
LOC729991-MEF2B,5.389723427529614
KCNJ9,0.6448184138559713
KCNJ8,7.529429079307195
SNORD19,0.0
NRADDP,1.0645663628076563
C9orf131,1.1715207839562427
AGPAT6,11.153882588878751
AGPAT5,9.371643208751136
AGPAT4,7.244395442114845
C9orf135,0.42592862351868727
AGPAT2,9.810987693710123
AGPAT1,10.855418140382872
COL1A1,16.459716955332734
C9orf139,2.3393286235186905
RCSD1,8.057230902461265
KIAA1217,11.504182497721063
KIAA1210,2.678832725615316
KIAA1211,7.08348432087512
AGPAT9,5.843442023700997
MCL1,13.109572105742922
ZNF788,6.915090793072027
OR2J2,0.014570009115770282
OR2J3,0.04659371011850503
CMYA5,8.64364986326345
FOXO3,10.835651777575187
SDHC,11.381926618049214
FOXO1,8.954456517775752
LACRT,0.8090900638103918
PPP2R1B,9.354673290793068
FOXO4,8.79545314494076
NIP7,8.95219106654513
PEX10,8.699407019143123
PEX13,9.967160984503185
PEX12,7.838813855970828
TMEM158,6.645949680948035
ANGEL2,9.640609845031891
ANGEL1,8.969291613491338
PEX16,8.7303873290793
CDC37L1,8.572193254329985
TCIRG1,10.073411121239749
AP3B2,5.0256746581586125
TFRC,11.353605834092978
FRAT1,7.031239106654515
PCDHB12,4.706435186873289
NUF2,7.954862260711025
UNCX,0.007378030993618961
TGIF2LX,0.1678868732907931
ZNF518B,8.54037520510482
ODC1,9.733473564266173
FLJ23867,9.773832178669101
UBXN6,10.470685141294432
PIAS1,8.543136736554235
SPAG4,5.763104010938928
TMEM195,1.5956738377392903
AADAT,5.532704102096617
SIGIRR,9.493032543299925
FLI1,8.342493801276195
ZNF518A,9.24891777575204
ANXA8L2,4.5893859617137664
C19orf35,2.8193585232452123
C19orf34,0.310823609845032
LOC201651,0.7106613491340021
C19orf36,4.194060437556968
C19orf30,0.3233052871467638
C19orf33,7.152135460346398
EPCAM,12.095481494986318
PGA3,0.8341951686417501
C19orf39,6.517482680036457
C19orf38,4.431188422971736
FAM154A,1.1587473108477675
KLHL6,7.056320145852327
VCX3A,0.9426647219690064
FAM154B,4.9819375569735636
PPP1CB,12.561441020966269
PPP1CC,11.554374293527783
KLHL7,9.091927256153147
MPPED1,1.3906434822242477
C11orf20,0.8064565177757526
C11orf21,2.9808615314494027
KLHL4,3.412783773928895
C11orf24,9.901752962625352
C22orf25,8.822873746581596
DCST1,0.99582643573382
COL6A1,13.434284958979037
WBP2,11.423370556061975
COL6A3,14.156855788514111
COL6A2,13.618979033728369
POM121,11.017280674566992
RFXANK,9.692788969917977
COL6A6,4.347145123062897
WAPAL,10.73283081130355
KLK12,1.4928132178669105
KLK13,2.078375843208753
KLK10,5.007653144940747
KLK11,3.9910453053783055
NDUFAF4,7.715934731084773
METTL2A,8.939851595259805
KLK14,2.416499544211487
KLK15,0.1499580674567001
GPR22,0.5284918869644488
FAM71D,4.690683591613489
FAM71B,0.01840091157702826
FAM71C,0.33762342752962626
FAM71A,0.1799322698268003
ZNF625,5.154487146763897
TRH,3.0861279854147656
GPR20,1.5046486782133077
OGG1,8.34797511394714
SPAG1,8.2539935278031
C3orf33,6.606038468550581
GPR21,1.7678626253418408
ALLC,0.23721868732907941
C3orf32,3.2665911577028215
VSIG10,8.709139562443024
GPR26,2.448796627164999
SESN3,6.5473212397447496
C3orf31,7.357263263445759
GPR27,3.280417958067455
DENND3,8.326527347310844
RWDD4A,9.016980583409303
SLC34A2,6.664204102096621
OR2AE1,0.42403509571558795
LOC100130148,2.799213855970829
C3orf37,9.958480948040107
PPP1R16B,7.234830082041929
GPR25,0.711343482224248
PLLP,6.61853126709207
BLNK,8.173578577939836
EIF3CL,13.400554421148573
KCNMB1,6.393293254329984
NOXA1,6.795041476754788
AOX2P,0.49256061987237926
UAP1L1,8.504548222424798
ORC5L,8.80340009115771
ARHGDIA,12.502319325432998
OR9G4,0.011475113947128532
USH1C,1.3020022789425714
KIAA1841,8.031347310847773
MORF4,2.069703281677301
UBR1,9.591209389243394
PRMT7,9.00852433910665
NUCB1,12.358528350045583
HSDL1,9.430832999088407
HSDL2,10.082284594348229
KCNMB4,5.886953783044669
SOCS5,9.40438678213307
SOCS4,9.17297693710119
CALN1,1.906575660893347
SOCS6,9.902058887876018
SOCS1,5.611886782133094
SRPR,11.823814858705555
SOCS3,9.950449134001826
SOCS2,7.727473290793066
PPP2CA,11.643705013673628
PACSIN1,6.055791340018222
LOC646214,6.929642844120329
CCNY,10.76831467639015
LOC728819,3.4237930720145866
SCD5,7.851633546034655
ZNF626,8.109216773017318
CCNF,9.140678669097543
TARP,3.8168622607110314
CCNC,10.179815041020952
SPINK9,0.01614238833181404
PFN3,0.041437101185050146
CCNO,6.157695989061073
CCNH,8.96355396536008
CCNI,12.311579124886048
CCL3L1,4.681711121239746
CCNK,9.993952962625347
PACS2,10.177587693710128
PCM1,11.60780820419324
TBRG4,10.084516499544195
RBM7,8.546030993618961
GREM1,9.340277119416589
ZNF705A,0.4463124886052871
ZNF804B,0.5922650865998177
NCKAP5,7.453964357338195
GSK3B,10.672378577939837
LYSMD1,8.28561695533272
IL1R2,3.2081853236098454
FLJ10357,9.598037010027355
PTN,7.505812944393803
SNORD115-37,0.0
JMY,9.141358796718327
LRRK1,8.189419781221517
LRRK2,7.282593072014587
PTH,0.023045123062898812
PLEKHJ1,9.337579580674555
ABHD15,8.43211103008204
DHH,2.7093288058340943
ABHD10,9.34271467639015
ABHD11,9.896093710118516
ABHD12,10.64244065633546
ABHD13,8.72663956244303
TRO,7.005164630811304
MAEA,10.085438286235181
SCML2,5.557836827711944
NGRN,11.45976982680037
SLC3A2,11.792315132178658
CRMP1,6.707865086599817
TGFB1I1,8.828479854147671
FN3K,8.631762898814932
FAM108A1,8.682879307201457
PTS,8.065099726526888
MRPL10,9.70184074749318
MRPL11,9.332958979033721
MRPL12,9.884278760255244
MRPL13,9.805854968094803
C16orf63,9.8481577939836
C16orf62,10.25027438468551
C16orf61,8.2250163172288
MRPL17,10.114128988149483
ARPC3,11.976763628076588
ARPC2,12.073333819507766
CDC25A,6.914985414767555
RNF44,10.116135004557892
RNF43,8.832588514129423
ARPC5,11.94744931631724
C16orf68,7.3991551504101984
NCRNA00202,3.1490198723792204
DCUN1D1,9.189437556973566
DCUN1D2,8.172467183226978
DCUN1D3,7.455617319963545
DCUN1D4,9.456491340018237
DCUN1D5,8.682148040109384
SNORA79,0.00875770282588879
SNORA78,0.008933546034639927
ITPR2,10.670315405651756
ITPR3,10.85921230628989
SNORA75,0.03565350957155878
ITPR1,10.083424156791242
UBQLNL,2.961833363719236
SNORA72,0.2598272561531447
SNORA70,0.11138814949863271
CES1,6.6789702825888835
AMPH,6.310221786690969
OR10H5,0.12791303555150407
LRIG3,8.158564630811304
LRIG2,7.573915223336377
LRIG1,11.651395989061074
NOTCH3,11.949014767547858
ANKRD20A3,2.4687495897903355
PELI2,6.852826162260707
C15orf60,0.08755715587967185
ANKRD20A4,0.7985062898814944
BMPR1A,9.097174475843222
SNCG,7.335155697356429
TAF1D,9.01836481312672
EBF4,8.08499134001822
CASKIN2,9.63359662716499
FMO6P,0.8507318140382861
CASKIN1,4.782490975387413
AIFM2,8.498065360072932
AIFM3,4.452454876937107
IL17RE,7.875106745670015
AIFM1,10.157526891522346
IL17RC,9.756769006381045
A1CF,0.11545059252506833
IL17RA,8.106887237921619
CES4,1.59061485870556
FLJ44606,5.458891795806753
NELF,9.722618778486773
CES7,0.3921593436645397
SSPN,9.02155797629901
PATE4,0.3034569735642662
ACAN,5.907140382862346
FOXR2,0.04636417502278943
PADI6,0.24911157702825887
LOC100130933,1.217767000911577
LOC100130932,5.922341567912486
POT1,9.248596809480405
HBA1,2.9485216043755726
TMEM100,4.312544120328171
CD302,9.37432351868732
SACS,8.3669939835916
FFAR3,2.0365655423883324
MUC5B,8.1572615314494
OPN5,0.1570174111212397
OPN4,0.8088606198723786
OPN3,8.870053236098462
NCOR2,11.761413855970828
NCOR1,11.003282406563347
?|553137,1.050892616226071
SCAPER,8.070464539653601
HBA2,6.170650136736556
AVEN,7.4987987237921585
PATE3,0.04570665451230629
HIST2H2AB,0.6147191431175925
PATE2,0.4812041932543298
REPS1,9.762779945305384
TEF,8.989880765724704
REPS2,9.723603828623515
LYSMD4,6.936850045578848
GPN3,8.723678304466725
GPN2,7.949164904284406
GPN1,9.77809307201458
TMEM30A,11.896971194165905
NFKB1,10.363095806745694
NFKB2,9.895077848678223
PM20D2,7.235280492251593
UBE2R2,11.070712215132186
RERGL,3.0453388331814017
DNPEP,10.63245041020966
RAP2C,10.098778760255229
RAB40AL,1.6025288969917961
OR4C16,0.0032583409298085684
SIAH1,9.084539380127612
SIAH2,10.806456791248875
SIAH3,1.097202187784868
NSA2,10.601874749316297
RBPMS2,5.7528439380127585
TAF1C,9.073654512306288
CORT,2.549219690063815
CLPTM1L,11.213824065633546
LYZL1,0.2509829535095714
LYZL2,0.7038239744758429
PDZRN4,3.5084252506836835
LDOC1L,10.030078030993604
OGDHL,2.2442804010938917
MYOZ2,1.0604553327256148
PAQR7,8.424463901549684
EMILIN3,3.5105266180492274
EMILIN2,7.926605742935289
EMILIN1,10.177882315405652
TFR2,4.942622333637196
DAPP1,7.677408295350961
TPST2,9.037203737465818
PIAS2,7.993252233363708
GULP1,6.732616134913397
CTGF,12.29370747493163
FLJ43950,0.17167146763901553
LOC283867,3.3174497721057414
PIAS4,8.481060437556984
TMEM98,9.49915597082953
HIVEP1,9.462667274384689
HIVEP2,9.444876937101185
HIVEP3,8.613397721057442
FAM115C,8.170344576116683
FAM115A,8.390484229717412
JAGN1,9.648480948040115
LOC650368,4.855745396536012
ZNF317,9.54152315405652
ZNF318,9.679483135824979
ZNF319,7.743790701914312
OR52M1,0.007103281677301732
OVOL1,7.915772288058334
P2RX1,3.814334913400177
P2RX3,0.08094193254329991
NRIP3,7.435037830446671
P2RX5,5.264806472196892
P2RX4,9.532090337283492
HSPBP1,9.447674567000904
P2RX6,1.8141737465815861
LBXCOR1,1.70536034639927
LOC148145,0.18673135824977227
RNF208,6.992526800364624
HADHB,11.364567730173194
HADHA,12.142827256153137
GSTP1,10.976262807657257
RPS19BP1,9.65610018231541
FLJ37543,0.9308810391978111
LOC388955,8.521159343664543
UBE2DNL,0.013807110300820422
MRE11A,8.813593892433902
FLJ90757,9.24510182315407
NPRL2,8.759695715587968
POLN,4.855993618960809
DKFZP434H168,0.05195013673655422
ZNF883,5.2994494986326215
?|390284,2.659350957155879
KIAA1539,8.774812488605265
PLXNB2,12.648948769371009
METRNL,8.629891248860543
PGRMC2,10.906854421148582
PGRMC1,11.618310938924333
KBTBD6,8.633541385597091
KIAA1530,7.5289670920692835
AP4M1,8.814575660893349
VTI1B,10.076091248860537
ALS2,9.191661166818609
LRRC52,0.603596353691887
LRRC50,4.397616043755703
KIAA1024,5.548364357338195
LRRC56,6.979688331814041
LRRC57,8.36602962625341
LRRC55,4.349272652689152
DENND1C,7.6416127620783945
DENND1B,7.262392525068373
DENND1A,9.340838650865999
LRRC59,11.943590154968108
PIP4K2B,11.032610209662723
SLCO1C1,1.7302815861440286
DIS3,9.914677666362794
RGPD3,7.878630355515039
TOP1P1,6.616921330902465
LOC100101266,2.4780349134001827
PIF1,5.011254147675485
NSUN5P2,7.871662351868736
LOC100130872,5.582170373746585
NSUN5P1,6.447704557885148
SDHA,11.143604010938922
BAP1,10.592538924339086
SDHB,10.268373564266172
SDHD,10.277129443938014
SHARPIN,10.209871741112126
FLJ13224,1.142888331814038
ERRFI1,10.36222597994531
ZCCHC11,8.589537556973564
NKAPL,2.6582938924339072
PSG10,0.0560702825888788
PSG11,0.03250975387420237
SAC3D1,7.85443618960802
AP1M2,10.961602005469436
NRP2,9.704857793983594
AP1M1,9.95492597994529
FKBP14,7.686167456700081
CDRT4,7.671089516864178
STRC,3.6614694621695567
CCDC147,2.869943299908842
CCDC146,6.831619781221497
CCDC141,2.544225250683686
CCDC140,0.3485322698268005
PRR15,8.417467912488606
ANKS4B,0.4252311759343665
SF3B5,10.267768185961728
TMEM120A,9.229591248860538
CCDC149,9.089585961713766
CCDC148,4.009478486782127
CYP3A43,0.41043655423883324
GRAMD3,8.789638924339119
DLG3,10.685117411121233
DLG2,4.751536007292618
DLG5,11.452560984503174
DLG4,7.8299969006381165
SAMD10,7.652019143117606
SAMD11,5.845556700091152
SRPK1,10.460229990884214
GOLGA9P,0.5825721969006382
RAB3IP,9.214796536007272
SYS1,9.962000455788502
PCBP4,8.997309845031909
SPNS3,2.951261349134001
PQLC2,8.190490063810394
FAM114A1,9.444042752962636
SLC6A2,1.470332999088424
GRWD1,9.768134366453957
FAM114A2,8.820121786690976
RENBP,6.851582041932548
TBX20,0.9882569735642659
FAM3B,5.565434548769377
PCDH11X,1.7682592525068372
PCDH11Y,0.21301130355515038
IGF1R,11.623372379216043
FBXO11,10.465571285323623
IFNK,0.06967219690063808
LHB,0.6848862351868733
RAB11FIP2,8.498512853236097
IFNG,1.9091390154968106
FBXO16,5.795205651777575
IFNE,0.84988195077484
PCBP1,12.82744339106654
MYBL2,9.363686235186877
PTGR1,9.381021695533285
PTGR2,8.421958887876032
CHSY3,6.433802005469446
MTUS1,10.701256700091152
HSPC157,7.703154603463996
OSBPL9,10.59353336371924
CEP110,8.86224703737466
IFRD1,9.074857064721966
IFRD2,9.641515041020961
GMIP,8.78195724703737
OSBPL2,10.27439644484959
OSBPL3,8.265201002734724
ALS2CL,6.9903676390155
HSPC159,8.641645852324514
OSBPL7,7.4920014585232515
KIAA0776,9.885264266180494
OSBPL5,9.471545852324532
ADRA1A,1.2078073837739298
ADRA1B,3.7258836827711965
TEX9,6.252604284412038
ADRA1D,2.2470414767547875
STUB1,10.68374083865087
CD3EAP,8.933796444849586
MYST4,10.389628350045589
SNRPG,9.59129808568824
RAB11FIP4,9.890547766636283
TMEM99,8.69196827711942
TEX2,10.93377183226981
POLH,9.46482597994531
ARHGAP17,10.131592980856885
STARD8,7.337559343664524
ARHGAP15,6.0933479489516795
ARHGAP12,9.655490154968085
ARHGAP10,7.7229809480401155
STARD3,10.008315132178662
TUBB4Q,1.4706598906107569
STARD6,0.16842926162260702
STARD7,11.816572926162252
ARHGAP18,9.317375113947136
ARHGAP19,8.738488878760258
IL7R,5.818074840474026
CAPZB,12.243137830446663
UTP3,9.494788605287152
LOC644165,2.77113163172288
RPA2,9.970519234275304
TMEM91,6.231810847766639
SIRT2,9.897653144940753
GABRG3,0.7714310847766636
FGL1,1.320186599817684
GABRG1,0.5677122151321784
DEFB109P1B,0.03437402005469464
C1orf26,7.35789006381039
C1orf27,9.881652051048313
C1orf25,9.349703555150398
IMPAD1,11.6379901549681
C1orf21,10.834494165907019
GPR137C,5.962997265268913
GPR137B,9.255134184138562
FZD10,4.8271390154968135
FGL2,9.010719507748409
CHKA,9.343035551504116
CHKB,7.68598377392889
SIRT6,8.033332087511402
TSPYL1,11.236871649954415
BMS1,10.392419234275303
OR7E37P,0.3128764813126707
SIRT5,8.528406563354604
SLC9A6,7.764525615314506
PVT1,7.249962443026439
PTTG2,0.6777718322698267
BCDIN3D,7.905227256153134
AHSA1,10.911913217866914
AHSA2,8.383136918869646
ZDBF2,6.505796536007296
MRI1,8.822192798541487
SPP1,11.425427073837731
PRDM2,10.202774931631714
PPP1R3G,3.5583620783956214
MAPK1IP1L,10.713176207839568
SLC9A7,6.767522424794899
PPP1R3F,6.075983135824981
DST,11.491973928896986
SPP2,0.0434707383773929
UCP3,4.416731540565178
DSP,13.553071467639013
TP53RK,9.277985323609833
PPP1R3D,8.676707566089354
LOC285194,0.010757976298997267
ZNF175,7.057449134001827
GLMN,7.135577028258887
THBD,8.921597447584311
DSE,9.288648951686412
DCDC1,2.3947967183227012
WTIP,7.17508113035552
UNK,9.403297721057415
DCDC2,5.707330993618961
GSTO2,7.987065633546023
PDAP1,11.04131996353692
CENPBD1,8.139934184138554
GSTO1,10.231501367365544
SLC38A4,3.3500852324521366
UBE2D4,8.136410209662724
ERMP1,11.058269735642655
NPC1L1,3.648879033728349
SCN5A,2.4596835004557875
PARD6G,7.673608842297169
TTC31,8.974956426618052
TTC37,10.516528805834092
HS3ST3B1,3.1353323609845036
TTC35,9.740804922515961
FAM153A,1.0514092069279855
TTC38,8.838356153144925
FAM153B,0.5113528714676393
ARSH,2.242428805834094
MTHFSD,8.007304466727442
OR4K5,0.004415952597994531
OR4K1,0.015223883318140381
OR4K2,0.0044169553327256155
FMR1NB,0.2719561531449407
BCLAF1,11.820135824977209
ZNF137,6.141523062898817
ME1,7.835770191431183
LRMP,5.865445578851414
QPCTL,8.026737374658163
SNORD44,0.0
UCKL1AS,3.8575949863263457
SLC38A6,7.384385323609842
TIPRL,10.288711759343666
ITPRIP,9.130305469462169
TBX22,0.851340109389244
RNF135,9.342252506836816
SLC22A23,9.496319781221501
SEZ6L2,9.776429170464908
SLC22A20,2.1808767547857797
DDTL,7.609448495897911
GNASAS,0.9777661804922502
PRB1,0.18369580674567007
SLC22A24,0.2946999088422971
REM2,4.51305068368277
PLA2G5,3.6146171376481293
FAM7A2,1.0574508659981767
FAM7A3,2.198790428441204
HMGB2,11.19780957155881
LOC100130238,0.6283618960802182
SETX,10.921413035551483
HMGB1,12.414439562443048
FLJ43663,5.862839015496799
FSD1,1.9224539653600752
CCBE1,3.1577872379216045
ZNF83,9.728303828623515
AUH,7.769796809480396
ZNF81,7.0887789425706575
TMPPE,5.342260346399279
C6orf81,2.233416226071102
ZNF85,7.294868185961718
ZNF84,9.57498012762078
FRMPD4,0.6431913400182317
FSD2,0.46552288058340957
FRMPD1,3.1713304466727408
LOC286135,0.02379288969917959
FRMPD2,1.804605925250684
AADACL4,0.039668368277119406
FYCO1,10.294217137648152
LASS5,9.816827985414772
PDE10A,6.528641567912488
AADACL3,0.18075998176845942
AADACL2,0.1581958979033727
CAPZA3,0.6746950774840477
CAPZA2,10.980729261622631
CAPZA1,11.771272926162283
SCARF2,7.761721330902458
RNF207,6.7774501367365625
RAB2A,10.479574475843199
GTF2H2B,6.446479762989969
GTF2H2C,8.513121513217866
ENHO,5.372572926162252
LMO3,5.447736645396539
GEMIN6,7.794294804010943
GEMIN7,8.314837101185061
GEMIN4,9.17227793983593
GEMIN5,9.442581494986323
C4orf43,8.634423427529622
C3orf47,5.178450683682771
C4orf41,9.864564083865083
C4orf40,0.5016038286235185
C3orf42,3.8262836827711952
C3orf43,0.43818021877848695
C4orf45,0.06411057429352776
C4orf44,1.8597911577028259
TDH,1.1142287146763907
C4orf49,2.539096536007291
C4orf48,5.17479115770283
C3orf48,0.49193555150410245
C3orf49,0.37012424794895155
ATPAF2,8.173305560619866
KRBA1,7.679413673655416
ERBB3,12.620339197812198
LARP1B,8.813394895168642
SLC6A10P,2.7441020054694647
MCRS1,9.902013947128518
ATPAF1,10.211876025524154
C15orf59,4.957822698267991
C15orf58,5.824138559708295
C15orf57,8.54129917958067
C10orf82,4.224843299908844
AFAP1,10.208975113947133
C15orf54,1.3602164995442105
C15orf53,0.4444132178669101
C15orf52,7.873715314494069
C15orf51,1.8869081130355512
C10orf84,9.426043299908835
LOC653113,5.337486235186864
DDX17,13.13990938924339
ZNF124,6.388163992707381
DDX12,6.207831358249772
ERBB4,8.41137830446672
DDX10,9.151306381039214
DDX11,8.72403135824978
GJB1,4.156123154056516
GJB3,3.993789972652685
GJB2,8.916097721057426
GJB5,3.6117459434822217
GJB4,1.4286781221513243
DDX18,10.769919416590696
GJB6,2.048907383773928
GRIN3A,4.3144436645396524
GRIN3B,0.8746011850501358
OR6B2,0.39533144940747483
MYRIP,5.675521513217864
ZNF75A,8.756568368277126
PSMC1,9.165178851412946
PSMC2,10.800324339106648
OR6B3,0.35402096627165014
PSMC4,10.840646399270751
PSMC5,11.39504758432088
PSMC6,10.252625706472188
RBM23,10.39661248860528
ARFIP1,10.049087146763911
ARFIP2,10.770677484047402
RBM20,4.886902278942575
PHOSPHO1,2.3607294439380153
STARD5,6.487344849589787
KIF18A,7.076312397447581
KIF18B,7.351883956244309
TRIP10,9.448062078395619
TRIP11,10.004870464904288
TRIP12,11.765507201458517
CCDC79,0.25187511394712847
CPVL,8.320948404740193
ZNF564,8.246487237921606
TEX13A,0.004453874202370101
ZNF543,7.177196536007283
IFT172,9.14854494074748
SNORD34,0.0
LOC646762,8.246266818596167
CERK,9.514462169553324
FN3KRP,9.855051504102098
NCLN,10.395786782133081
C9orf156,7.930267730173197
C9orf153,0.853194074749317
C9orf152,8.362785597082945
C9orf150,9.275916499544218
NACAD,5.492117958067459
DNAL4,9.150337101185059
KIAA1239,1.3843907930720132
FLJ36000,0.12848140382862352
DNAL1,8.6941997265269
LIN7A,4.671999088422966
FLJ37201,3.26944904284412
GRHPR,10.49280865998177
LIN7B,5.175701823154057
TGM4,0.6465583409298089
IMMP2L,6.674258067456696
TGM6,0.00643281677301732
SMG5,11.393181494986331
OR2D2,0.02425268915223336
FNBP1,10.283676937101182
HNRPLL,9.226617958067479
MARCH5,10.192639288969932
MARCH4,2.696583409298084
MARCH7,10.746787329079304
MARCH6,11.168652233363725
MARCH1,6.197198359161345
MARCH3,6.875553600729262
LRTM1,0.1300783044667274
FOXI1,5.735848313582492
BTN3A2,9.922023245214202
FOXI3,1.0697042844120324
FOXI2,1.9026323609845044
MARCH9,8.388843846855051
CLSTN1,12.358232452142206
CLSTN2,9.056170009115778
CLSTN3,10.67752005469463
EIF3H,12.562675022789437
EIF3I,11.88327666362807
EIF3J,10.609139927073835
EIF3K,11.3927195989061
EIF3L,12.473009936189602
EIF3M,11.36177046490429
PGCP,9.382157155879662
CLIP2,8.634664448495904
STYK1,6.084009662716491
EIF3A,12.456079216043745
EIF3B,12.089326800364638
BTN3A1,9.36894457611668
EIF3D,11.965642297174115
CLIP1,10.852148495897902
ALMS1P,2.2028862351868774
EIF3G,11.083206745670013
SETD5,11.265500273473119
FGFBP3,4.746527164995444
FGFBP2,2.8212846855059235
FGFBP1,2.0989040109389276
FADD,9.5675679124886
ARMC10,9.738781039197828
MKKS,9.700061257976282
TMEM104,9.178058067456702
NOL11,10.288756061987236
NOL10,9.60770665451231
ELSPBP1,0.058890975387420254
NOL12,7.92341075660893
CDKN2B,8.699926891522335
CDKN2C,8.291237921604377
CDKN2A,7.227340291704644
SLIT1,3.3725646308113086
CDKN2D,7.643781768459449
BARD1,6.7340812215132235
WDR7,9.078796809480398
ZNF404,5.614883409298084
ZBBX,1.0912860528714672
CLRN1OS,0.934950136736554
NME6,7.8096521422060174
FABP9,0.03704193254329991
NME7,8.073516043755708
EDEM2,9.439223974475864
EDEM3,10.796328623518692
PCDHGB3,3.2607288058340913
EDEM1,10.683972561531462
TCF4,10.28907520510483
ZNF560,0.525937465815862
INPP5E,7.941314676390158
SMG6,9.989634184138561
NME2,12.783856335460346
BRP44L,8.707760346399272
TRMT11,7.589818505013667
SAP30L,9.905225706472212
CSTF2T,9.904326253418429
UBTD2,9.950225159525989
LARP4B,10.744047766636276
UBTD1,8.22066827711941
RPL13AP17,0.19051166818596174
NEIL1,6.645178577939844
TAS1R1,1.5805534184138557
LOC254312,0.00545943482224248
TAS1R2,0.07080829535095719
INPP5J,8.583831358249762
ZNF542,8.22433463992708
SMG1,11.594315952597984
CCL2,8.42339498632634
CCL3,6.5105002734731094
NFATC2,5.630372743846853
CCL1,0.2972522333637189
NFATC4,9.579826982680045
CCL7,1.8979846855059255
CCL4,6.447188331814038
DHRS7C,0.038840018231540575
TAS2R20,4.158531814038289
CCL8,5.483290610756613
CSDAP1,4.568603555150412
FAM73A,8.874981677301726
FAM73B,8.539853144940745
TMEM14A,9.193563536918875
ZNF75D,8.390768824065647
MYCBPAP,3.3782123974475824
RNASE11,0.03852643573381951
USF1,10.072395077484043
AP2B1,12.907055788514125
HSBP1,11.25487948951685
GTF2E1,8.585464175022794
GFER,9.010728623518697
ZCWPW2,4.092102552415674
NUBP1,8.905652324521427
HS3ST3A1,4.639710300820426
ZCWPW1,6.655607657247035
SCML1,6.694505469462164
CYP26B1,6.12166153144941
SCOC,10.66728705560621
PABPC1L2B,0.33705551504102105
SAMD5,5.698679307201453
PPP1R14D,2.0371137648131237
PABPC1L2A,0.16581121239744762
PPP1R14B,10.324790428441204
OR2AG2,0.13493226982680034
OR2AG1,0.017037101185050134
PLEK2,7.143544393801268
UBP1,10.970317866909745
ZNF747,8.178313764813128
CD46,12.712405834092998
SSC5D,8.591995350957156
TCTE3,5.4260214220601615
TCTE1,1.2805628076572453
CD40,7.77818003646308
ZNF37B,8.20966909753874
SPEG,7.598297082953504
LOC728875,5.3279128532360955
KIAA1826,7.963828350045582
ZBTB43,8.676285141294441
PRIC285,10.098572105742946
ZNF37A,9.281466636280767
SDSL,8.113802370100277
RALY,11.502497994530541
PRR12,10.152762534184156
ASFMR1,0.7452018231540568
PCDHGB6,5.163887237921604
ZNF454,3.7200236098450308
PCDH12,8.389689425706463
PCDH10,3.0518107566089347
PCDH17,7.481924247948961
ALKBH8,7.672848678213317
PCDH15,0.3402298997265269
ALKBH6,6.848892707383782
ALKBH7,9.004350592525075
ALKBH4,7.990876937101192
ALKBH5,11.048742935278042
ALKBH2,8.218896171376477
ALKBH3,8.07988258887876
RALA,10.601334366453969
ALKBH1,7.998744576116683
OR10G7,0.025201731996353692
ISX,0.4370402005469462
C8orf58,7.390166271649954
C8orf59,9.396676481312674
C8orf55,10.03059270738376
C8orf56,0.48981148587055673
C8orf51,6.472549772105745
OR10G9,0.01210665451230629
OR10G8,0.009512123974475843
KRT18,13.719330811303555
MPZL3,5.105234184138555
DBF4B,7.146258249772115
ARHGDIG,2.020497629899727
DNAJB9,9.563805560619889
DNAJB8,0.04330711030082042
ZNF714,7.401533819507756
DNAJB3,0.08782907930720146
DNAJB2,10.957216590701918
DNAJB1,11.762964995442124
EPB49,8.16572351868733
DNAJB7,1.5377852324521433
DNAJB6,10.926240474020027
DNAJB5,7.318698085688238
DNAJB4,8.162272105742938
AMDHD1,3.654198906107567
AMDHD2,8.069937648131269
TRMT5,8.908049316317232
GCET2,5.0689546946217
TMEM164,9.672686873290795
DIDO1,10.916486964448499
KISS1,1.5873541476754778
HMSD,0.798163719234276
RAB21,9.938084320875117
FRK,6.5629696444849595
TRIM78P,2.6017652689152264
TMED7-TICAM2,6.080377210574292
PHIP,10.609329626253414
SCGBL,1.0207962625341829
SNORA58,0.0032367365542388337
RAB23,8.698149042844125
ZNF808,7.683830446672739
SNORA51,0.016612397447584318
SNORA50,0.03219416590701914
FRY,9.202247584320864
HELZ,10.333044120328159
SNORA55,0.0350548769371012
SNORA54,0.04310428441203283
SNORA57,0.5885160437556973
COL17A1,7.3500777575205225
OR1N2,0.03261659070191431
PROSC,10.135906563354604
TNIP1,11.19676262534185
FAM65C,5.824510938924351
FAM65B,6.60319188696446
FAM65A,10.157941750227918
GRIK1,1.4227476754785786
GRIK2,2.8352853236098476
GRIK3,7.176327073837749
GRIK4,3.588942844120335
GRIK5,4.034810391978124
SNORD121B,0.0
RNF149,10.129176298997265
RAB28,8.086823883318143
LOC388387,0.3000554238833181
SNORD121A,0.0
SHC3,2.9580422060164087
SGSH,9.656248495897906
RNF141,10.297858523245194
TMEM59,12.54584083865085
RNF145,9.529620328167734
GLRA1,0.13885050136736551
RNF146,9.360899361896074
GRSF1,11.23163327256153
MSH2,9.877435733819512
?|728603,0.07137402005469465
MGLL,10.265840474020072
MSH5,7.314656973564269
MSH6,10.770485141294435
CALU,12.236176754785772
RDH16,4.6696856882406585
TMEM169,4.1473259799453075
MYOCD,2.6149898814949837
TMEM56,7.5850967183226965
ACCS,7.313414220601642
CD320,8.915990428441193
PMCHL2,0.13300227894257063
PMCHL1,0.041518322698268
TIMM8A,7.012475752051047
XCR1,1.5514764813126716
RASGRF1,4.738124247948949
STOX1,6.709687511394707
C16orf48,7.664446672743851
UBR4,11.803099817684595
SPACA5,0.41672543299908843
C16orf45,8.472211668185961
RNF19A,10.79771932543301
C16orf46,5.7998681859617065
NFXL1,7.988613126709207
PACSIN3,9.341812853236089
C16orf42,9.665587511394701
GREM2,4.1376250683682745
RTL1,0.3552221513217866
COPA,13.118490246125795
COPG,12.423548404740188
COPE,11.223843208751143
SYBU,8.910612215132184
ZNF555,6.406889516864187
INTU,6.7016121239744715
PADI3,2.508837101185048
PADI2,9.521516134913394
LOC100128675,1.7116542388331804
PADI4,0.8168069279854143
CDK20,7.51313327256153
NT5M,6.141438742023698
GJA10,0.043704740200546946
TRPM2,8.212479489516863
AGTPBP1,8.221329626253421
HIST2H2AC,3.190091248860529
ZFP57,2.7009922515952574
ALPPL2,0.18637146763901546
PDCD6IP,11.846799361896073
TOE1,7.97147092069279
WDR72,3.329213855970829
TTBK2,6.422859070191429
FBXL3,10.193338286235173
OR10AG1,0.0036541476754785775
SHC4,4.803271923427523
GPIHBP1,5.111764539653596
RPL23A,12.141806654512298
NRIP1,11.117691066545126
NRIP2,5.940502187784866
IL1F6,0.04214503190519598
GPR135,3.1210061075660884
GPR137,8.923066362807644
VTI1A,8.612061349134006
GPR133,5.003499817684594
GPR132,6.460641750227887
ATP6V1C2,6.34539170464904
ATP6V1C1,10.918835369188702
GPR139,1.028862534184139
NT5C,8.30152105742936
TOP1P2,2.4607953509571536
PRTG,5.503247584320872
TRIM11,9.609786690975376
FBXL2,7.642825888787605
SNAR-F,0.0007327256153144941
SNAR-E,0.000752415679124886
MFRP,8.815142752962622
POFUT1,11.021678577939833
C19orf2,10.704945305378324
CDKN2AIP,8.749900820419324
SNAR-H,0.0
SLC22A6,0.033383682771194176
C19orf6,10.618331358249774
ATF7IP,9.991251139471283
FAM95B1,3.576676572470372
GPATCH1,8.291480583409285
LRRTM4,0.6065154968094802
LOC399744,6.9486678213309
OCIAD2,9.614438195077463
FBXL5,11.152897265268921
PPP1R3E,6.163876390154984
OCIAD1,11.36912570647222
PPP1R3C,7.914808933454874
PPP1R3B,10.269486873290807
PPP1R3A,0.06002187784867823
RDH13,7.915771011850501
TMEM191A,4.320799179580674
TIAM2,6.2957704649043
TNFRSF13C,2.2858103919781163
PPP2R3B,7.3487654512306335
TP53I3,7.954655515041017
ZNF434,8.687925615314493
PPP2R3C,8.404528350045572
TGS1,9.249434548769376
LUC7L3,11.203245761166821
LUC7L2,11.04857985414767
TOMM40,10.083378122151318
FAM131A,8.198664904284408
FAM131B,5.374546855059246
FAM131C,2.2716932543299935
HAL,1.8468392889699146
TBXAS1,7.701587784867811
YTHDC1,10.762998268003646
ERLEC1,10.82252980856883
SEMA3C,11.117121513217844
SH3GLB2,10.410388422971742
RIBC2,5.4053621695533165
FAM13AOS,4.626676937101187
TLE6,5.470124339106652
CHERP,10.435209024612563
NACA,13.750966453965367
EHHADH,7.65870592525068
ZNF619,6.315482771194159
TMEM196,0.14897803099361892
ZNF526,8.291343664539646
NME4,11.074605104831342
INPP5A,8.887422789425692
INPP5B,8.654164448495901
GRINL1A,9.63418441203281
INPP5D,8.669276390154975
HEPN1,1.6816283500455793
INPP5F,8.997701823154058
NME3,9.681702096627161
LOC729234,6.084699908842294
FLJ44082,0.011878304466727439
INPP5K,9.627792798541474
ZAR1L,0.23017256153144927
RAI14,10.302716043755682
FREM2,4.7959030993618965
FREM1,4.799204466727431
NKAIN1,8.040997538742031
PID1,6.138564448495896
NOSTRIN,8.180777119416586
FBXL6,8.896099908842295
SHC1,11.75106882406564
RCBTB2,7.875385323609843
HELT,0.09744630811303559
CNST,9.7535904284412
HELQ,7.656103008204197
RCBTB1,9.288278395624419
CLSPN,6.578071011850507
UFC1,11.52785268915222
EPB42,0.72379936189608
EPB41,10.240466727438461
RBM28,8.758075113947136
MATR3,12.7969616226071
HELB,5.3160896080218745
RBAK,9.192518140382854
MAP1D,5.5771697356426575
NUDT8,6.097689334548767
PON1,1.5092139471285306
SLC9A10,0.849210300820419
SLC9A11,0.224761804922516
TRAF3IP3,6.769445761166824
SLC22A7,0.19919644484958982
CYP4F3,2.1605812215132194
TEKT1,0.9782726526891524
TEKT3,3.437540109389245
TEKT2,3.5641013673655455
TEKT5,2.2883339106654526
TEKT4,2.3970735642661793
VPS37A,9.396877392889696
PNPLA3,3.725587146763901
PNPLA2,10.918329261622604
PNPLA1,0.9525126709206939
PNPLA7,7.475744758432079
PNPLA6,9.926796809480402
PNPLA5,0.33197064721968994
PNPLA4,8.995545578851413
GUCA2A,0.07954694621695535
GUCA2B,0.021702278942570645
PNPLA8,9.636729717411114
NCKAP1,11.9571227894257
RPL13P5,3.773268732907931
WEE1,10.130885961713755
UNC5A,5.653130446672755
GFOD2,9.222347493163168
GFOD1,5.5560363719234305
FOS,11.232608113035543
HOMEZ,8.879739562443037
KATNAL1,8.328908659981762
KATNAL2,6.045052233363721
ATG10,6.631571832269829
LOC400657,7.537398906107562
ATG12,9.096694348222428
SRMS,4.785071649954414
SUN5,0.0030036463081130355
ZBTB5,8.96377739288969
KIAA0754,6.279496536007301
KIAA0753,8.5314130355515
PLEKHM1P,7.333607110300829
STEAP2,8.737387237921602
TSFM,9.434061349133993
TGFBI,11.35688687329078
SCT,2.6493490428441224
SFPQ,12.30092406563354
SAFB2,10.241638742023712
SMPD3,6.924726162260715
ZBTB4,11.048506745670009
PL-5283,10.474790154968089
TSPAN11,6.16915378304467
TANK,9.640261987237906
COL12A1,12.969044667274364
LCK,6.768063172288059
RASAL2,9.647751048313582
ZNF259,9.238540382862347
KRT5,9.198220692798536
VSTM2L,5.0724708295350975
SGK223,9.257145214220596
PF4V1,0.2803248860528717
SEC14L2,9.771313400182317
SEC14L1,10.566990975387432
LOC100128076,0.2069006381039196
LOC100286793,7.028289334548771
SDCBP2,5.92303454876937
C1orf43,12.65921285323609
PES1,10.506643755697358
UPF2,10.070121604375577
SNED1,8.838912670920708
C1orf49,0.3348422971741111
IL1B,5.8866294439380065
CHIA,0.36956918869644484
THSD7B,3.9137245214220564
FLG2,0.3570786690975389
PHTF1,8.165943573381956
THSD7A,5.182732725615308
MKL1,9.87201549680948
LILRB4,8.264955970829533
LOC148709,3.53618778486782
RUNDC3B,4.678470738377393
CASK,10.407103372835017
PKNOX1,8.977019872379204
GPR88,2.481338286235187
CAST,11.991989881494986
ZBTB41,10.244376845943487
KRT6B,6.932589881494989
KRT6C,3.0636517775752083
TRAF3IP2,9.4274578851413
CASR,0.30088149498632644
GPR81,7.852393983591599
GPR82,2.977595077484045
GPR83,2.310911394712855
GPR84,4.862325979945303
GPR85,4.6725807657247005
PUS1,8.342636827711939
CLEC1A,5.353859799453054
SLC38A10,11.16490556061987
ZNF295,8.814888878760252
MGC42105,2.9688705560619884
RNPEPL1,10.510932907930721
THRAP3,11.863062443026436
COMP,10.344412488605302
BCYRN1,0.006783226982680037
TPR,11.900198541476753
ZBTB9,8.629801458523254
ZC3HAV1L,5.369162989972655
ADAM21,2.632584138559709
ADAM20,1.0945528714676391
ADAM23,4.313265542388331
ADAM22,5.125988787602557
GLCE,9.954679580674561
ZNF256,6.981986508659968
ADAM29,1.1388106654512313
ADAM28,6.530900729261619
DSCR8,0.7722149498632633
IL18,7.254069644484949
IL19,1.509749407474932
AIF1L,9.475915861440289
GRRP1,4.694249225159531
PANX3,0.24236973564266195
IL10,3.47405259799453
GSTM1,5.620296900638108
GSTM2,8.856241020966266
C2orf7,8.200141841385594
GSTM4,8.908399544211484
GSTM5,4.811188422971739
IL16,8.610089881494986
C2orf3,8.71316116681859
LPAR2,8.639933272561533
PALLD,12.037148951686428
PIP4K2C,10.636780218778492
TMSB15A,4.215141567912494
ZNF155,7.276938742023701
KRT9,1.0827123062898818
GAGE2A,0.19764521422060172
ZNF251,8.906455970829542
EFHD2,10.02906162260712
EFHD1,12.108110756608937
RUNDC3A,3.3882419325432998
TTF2,8.640792251595245
LPAR3,3.2922329990884203
PINX1,6.424495077484044
LEPRE1,9.749407474931656
KRCC1,9.62358441203282
AEBP1,13.425718322698259
GNAZ,7.369591248860526
RBMS3,4.844956882406555
AEBP2,9.193718960802183
KRT8,14.31788997265267
DAD1,11.367279124886043
ZNF322A,9.671152051048319
RCHY1,8.830889699179586
GDF9,4.488935369188702
DKFZp686O24166,5.17131896080218
ZNF322B,4.9659929808568855
GDF3,1.7272240656335458
CBR4,9.0085061075661
GDF1,1.8614138559708289
CBR1,9.248472926162263
GDF6,3.387850410209663
CBR3,7.827149772105754
LOC728606,4.2813773017319985
LTB,6.211852142206008
ABHD12B,2.4366300820419338
ANXA1,11.074849407474916
ANXA3,8.159572470373758
CPT1B,7.999126344576117
ANXA5,12.600671467639009
ANXA4,10.61565761166818
ANXA7,11.590423427529645
ANXA6,12.33146298997265
ANXA9,8.550280401093893
ANXA8,5.913284958979034
TRAF3IP1,9.233970373746574
MEST,9.510758614402912
MCM7,11.127414402917037
MCM6,10.310528896991796
MCM5,9.912983226982687
MCM4,10.863670373746585
DUSP19,5.906437374658162
DUSP18,6.941885688240659
POU5F2,0.298510300820419
DUSP15,4.6895509571558796
DUSP14,8.713989790337267
ZDHHC22,1.1241839562443035
DUSP16,10.899920419325447
DUSP11,8.950107383773927
DUSP10,8.60398204193255
DUSP13,2.019027073837739
DUSP12,8.257983865086596
SQSTM1,13.188334001823163
CSH2,0.10254083865086602
CSH1,0.01682133090246126
EPC2,9.167058340929797
ZNF541,4.484268094804011
EPC1,8.8179131267092
C3orf20,0.40847028258887874
C3orf21,8.49709899726527
C3orf22,0.07097319963536919
C3orf23,8.759854603463994
C3orf24,0.8276687329079299
OPRD1,1.0563837739288973
C3orf26,8.782164357338182
C3orf27,0.1214183226982681
POLM,8.712583682771207
CYP26C1,0.6463001823154053
HEPACAM,1.7719344576116693
EGOT,3.619143573381951
SSX6,0.21474457611668182
LOC341056,3.726844120328167
SSX4,0.28944712853236104
SBDSP1,8.71966891522333
SF3A2,10.129265451230623
SSX3,0.09213290793072014
USH2A,2.3524596171376495
SSX1,0.42139635369188705
TBCC,9.006211759343659
ISL1,1.0992275296262533
ISL2,1.1271393801276217
ZNF540,5.960290701914303
PKMYT1,8.251909298085684
UBQLN4,11.010172561531444
KIFAP3,10.189488058340913
CYP4Z2P,6.20487721057428
MDS2,0.5826564266180498
MS4A7,9.353720966271656
MS4A5,0.01696636280765725
MS4A2,5.035663719234267
MS4A3,0.2522504102096626
MS4A1,5.027079671832275
ZNF141,6.296385505925243
ZNF140,8.893894439380109
ABCA11P,6.652843755697362
ZNF142,9.245744029170467
LGSN,0.8025761166818588
CCDC102A,6.790305742935283
DNTT,0.17257365542388325
ZNF146,11.368056608933466
ZNF148,10.291883044667285
CPT2,9.491151230628997
DSC2,9.904795259799444
DDX31,8.454392616226057
DSC1,2.1833412032816777
SEC14L3,0.0930884229717411
LOC153684,4.840604740200542
COX8C,0.20608787602552409
?|155060,7.504667456700092
VSTM2A,3.0373419325432978
PYGL,9.937214311759332
MAGOH,8.920347037374652
PFAS,8.806712215132173
C20orf20,8.684983773928893
LOC283922,5.077274567000906
C20orf26,3.7112719234275313
C20orf27,9.185943664539643
C20orf24,10.539757702825879
RAB27A,8.698592616226083
TMF1,10.306759070191433
C20orf29,7.897896900638108
TANC1,9.766352871467651
RANGAP1,11.28065633546034
FCGBP,8.801638468550578
BAMBI,9.830492980856873
KCNN4,8.053625250683679
FASLG,3.781782680036458
KCNN2,3.9287029170464884
KCNN1,2.3151790337283473
ANKHD1-EIF4EBP3,9.766549042844126
PMS1,8.267414220601653
PMS2,9.525006016408396
ATXN7L3B,11.61101841385598
SLC45A1,5.372412762078392
SLC22A2,0.49193126709206936
SNRPA1,8.934550501367358
SNORD51,0.0
ISLR,11.228019598906132
PKIG,9.281243482224252
C9orf171,1.2170729261622595
C9orf170,1.329604740200548
C9orf173,1.3687278030993626
C9orf172,4.060220145852325
THAP5,9.188967183226984
SNORD115-44,0.0
BRMS1,9.892940018231535
RHOA,13.483418778486763
GRIP1,7.005703737465818
KRT7,11.959716408386507
GRIP2,2.6586730173199653
SLC19A2,9.92545624430264
SLC19A3,4.77464685505925
SLC19A1,8.586436827711944
CCDC65,3.8220837739288984
CCDC64,8.544264448495907
CCDC67,2.0509891522333636
CCDC66,8.10599717411121
CCDC61,7.0865499544211525
CCDC60,0.6712187784867826
CCDC63,0.08678331814038284
CCDC62,2.109817684594349
TYSND1,9.199370738377395
CCDC69,8.35175861440291
CCDC68,4.340144758432086
ANKRD36BP1,6.460976207839579
TMEM119,9.365332543299912
TDO2,5.33857848678213
EP400,10.496837648131265
RPAP2,8.049372561531447
IL1A,1.7515268915223359
LOC285796,0.4216745670009117
MIS12,8.593754147675483
YPEL5,10.898938103919793
TMEM114,0.14546964448495903
CRYGB,0.0026715587967183225
MAP2K2,10.745472835004556
NAGS,5.773420601640845
SPTB,5.775748951686421
CLEC18B,2.087916499544213
SNORD36C,0.0
TANC2,10.330134731084787
CRYGD,0.014628076572470377
POLR3H,10.102069462169556
PIM1,9.028676207839561
LRDD,8.007046946216953
TAF13,7.39304813126709
MED12L,4.014492069279847
SLC35A4,11.04546080218781
SLC35A5,9.171208113035544
SLC35A1,9.347087784867824
SLC35A2,10.093219963536916
SLC35A3,8.878559890610758
PIK3R6,5.045092980856879
OSR1,5.464623427529627
MPDZ,9.329662443026436
TMEM48,8.713063172288047
NXF4,0.07895761166818595
NXF5,0.4115248860528716
PARD3,9.531961896080228
NAP1L6,1.3497470373746596
LSAMP,3.884782406563354
NXF2,0.17009927073837747
NXF3,1.054461531449407
FAF1,9.807999817684601
PGM5,6.324534366453951
FAF2,10.866160528714678
TAF12,8.82219361896081
PGM1,10.229593436645379
PGM2,9.475572561531447
IL18R1,5.281633910665446
PAK4,10.817828896991783
ABCB11,0.8725271649954434
ABCB10,9.02261540565178
APLN,7.074155332725609
TMEM44,7.51439134001823
MMD2,0.07723172288058343
COL6A4P2,1.8919317228805836
CYHR1,9.81180774840473
SBK1,9.384887237921596
APLF,5.715178851412943
RBM8A,11.286287146763916
SLC25A40,7.3478982680036475
SLC25A41,1.4377575205104842
PMP22,11.228898085688236
SLC25A43,8.923129261622597
SLC25A44,10.148304102096624
SLC25A45,7.387926435733808
SLC25A46,8.987104831358245
CR1L,1.0677220601640847
CDC26,6.740405013673663
TAF11,9.39948605287146
SNORD115-48,0.0
CDC23,9.678472926162247
HOXD13,1.578021969006384
HOXD10,4.189170556061992
CDC20,9.041843573381943
NUP153,10.520961349134009
ZNF737,8.44993928896991
PDZD4,5.439936736554238
FAM150A,0.2205584320875114
FAM105B,9.069413764813142
FAM105A,8.07213117593437
FAM150B,1.7286379216043752
BEST3,1.7304359161349125
BEST2,0.23631467639015483
BEST1,5.086090154968103
KIAA0562,9.497820510483116
KIAA0564,9.411363263445768
PDZD9,0.6651925250683686
BEST4,2.6308878760255237
WWTR1,8.637805834092982
ZNF296,6.547879854147692
TNC,11.71340592525068
TXNDC11,10.427201914311736
SORCS1,4.567630628988151
SORCS2,7.046086782133092
SORCS3,1.1860430264357338
RPL35A,13.164979854147681
CARS2,9.466200182315397
YPEL1,7.824742206016419
SNORD11B,0.0
FYTTD1,10.843899726526878
TPSB2,8.457853418413855
GPKOW,9.01682552415678
KIAA1614,4.918531449407481
SPDYE8P,4.38029927073838
TNPO2,10.825801731996357
TNPO3,10.107221604375574
TNPO1,11.30158094804011
NANOG,0.976535642661805
RRH,2.1185572470373732
GCN1L1,11.484690063810392
SPA17,7.1164050136736625
MAPK3,10.683893254329991
MAPK1,11.47922762078395
MAPK6,10.009442023700995
MAPK7,8.270904284412033
BCO2,3.5911509571558824
PPP1R12C,9.669368368277128
MAPK8,8.056426344576122
MAPK9,10.292844029170476
SGPP2,4.524369097538747
CUZD1,3.781348222424794
URM1,10.035573108477656
WTAP,10.605285505925263
OR1J2,0.5454175022789424
LYL1,5.940883226982678
DAZAP1,10.645615770282596
ATP8A2,3.5862940747493135
PGPEP1L,0.6035022789425707
ATP8A1,7.815254147675482
STAG3L3,7.16864484958979
DAZAP2,12.604759708295353
STAG3L1,5.753875934366463
KIAA1804,6.762892342752955
SERINC3,11.227295259799451
BCOR,10.080297903372838
NMNAT3,7.121884047402012
LOC126536,0.0933621695533272
SERINC2,11.634392433910675
VWA3B,1.9311628076572496
THNSL2,9.379770464904285
THNSL1,7.771265542388333
SNORD49B,0.0
BCAP31,12.442845214220604
CCL11,4.056071285323606
CCL13,3.5643801276207814
CCL14,6.88286618049225
CCL15,0.6942646308113037
CCL16,0.7764826800364623
CCL17,3.086625706472196
CCL18,5.433563719234281
CCL19,6.693244758432088
METTL3,9.358188058340927
METTL4,7.835349498632629
METTL5,9.042359617137658
METTL6,8.217301093892434
TAS2R43,0.3148629899726529
STAT5B,10.523414949863255
LOC619207,3.659951230628985
TAS2R40,0.18303682771194166
FDX1L,7.691477939835905
TAS2R46,0.2142075660893344
GPR87,3.809361622607107
OR56B4,0.5873161349134
MED7,7.717225888787595
C1orf100,0.04117775752051048
C1orf101,3.2887847766636304
KCTD1,9.316658340929818
C1orf103,8.993659799453043
C1orf104,5.921431084776672
C1orf105,0.47377329079307207
C1orf106,7.288707292616234
C1orf107,9.710456244302643
C1orf109,8.454990975387433
KCTD9,9.098587967183215
KCTD8,0.5682589790337285
OR4C15,0.007253691886964449
RAD54L,7.032148769371021
TMEM39A,9.257014858705542
PLEKHN1,5.935459799453058
FLJ43859,0.03241066545123064
KCNT1,1.289124977210574
IBSP,4.498201002734728
MED9,8.425177301731996
SERPINA4,1.5165794895168627
HCFC2,8.201787967183229
HCFC1,11.053947310847771
DEFB109P1,0.01050373746581586
SERPINA9,1.9443633546034642
ZC3HC1,8.455673837739297
NRAS,10.385056700091168
PDZD11,9.717419325432997
GAST,0.0923865086599818
PXK,7.639116590701921
FOXRED2,9.719854968094806
FOXRED1,8.569239835916147
KCNT2,3.1161021877848647
PXN,11.20864913400181
LOC374443,7.229849589790332
LOC147727,8.511492980856866
CABLES1,9.561326435733811
ZNF432,6.921800364630805
CABLES2,8.449727894257062
MTUS2,3.0466082041932547
SNORD116-19,0.0007462169553327256
SNORA32,0.009926891522333638
SNORA31,0.18296709206927977
ESF1,8.8073353691887
SNORA37,0.04116344576116682
SHBG,1.4311404740200542
SNORA35,0.0
SNORA34,0.10525797629899729
SNORD116-11,0.0
ROPN1,2.895245670009114
SNORA39,2.7501570647219675
ASZ1,0.18776918869644485
PPP1R1A,5.992418596171373
LIX1L,8.467602278942563
COMT,10.712821513217879
?|136542,0.0
FOXD4L5,0.3190155879671834
FOXD4L6,1.5767919781221513
FOXD4L1,2.7481990884229703
FOXD4L2,2.455118596171374
FOXD4L3,0.3318109389243392
TMEM144,8.712204284412042
MOV10L1,2.4388482224247965
STON1-GTF2A1L,1.5948363719234273
PACS1,11.336567912488608
LOC651250,10.604764813126721
ZNF607,8.000024430264363
FAM63A,9.878734184138542
SBNO2,10.6491382862352
PCSK1N,3.846215952597996
BRAP,9.308752051048293
RNF167,11.000321695533264
DEFB110,0.0008475843208751139
RNF165,5.128345761166816
RNF169,9.189063719234277
LOC100129055,0.6492164083865095
SEC23A,10.099629626253423
ZNF253,8.14709945305378
AMTN,0.9579453965360079
C8orf77,3.095916773017319
C8orf74,0.014354238833181402
C8orf75,1.086557064721969
ZBTB44,10.263444302643576
BRAF,7.480905560619875
ZBTB46,7.591340565177761
C8orf71,0.02430929808568824
TMEM143,6.82984621695534
ALOX15B,6.751872196900629
ZNF608,7.6025095715588
C8orf79,5.662928896991805
PGAP1,7.722766362807648
PSMD9,9.742976298997272
ZNF609,10.501136280765747
SYNPO,10.418174293527812
ZNF252,9.616029535095711
PGAP3,10.049035824977196
P4HA2,10.045295259799456
P4HA3,7.1642661804922545
ANP32D,0.1748228805834092
ANP32E,10.360614220601637
ANP32B,11.51733190519599
ANP32C,1.4036104831358238
ANP32A,11.525047219690059
FDXR,8.105627803099365
SYNPR,0.18734293527803095
HPSE2,1.3645579762989977
UQCC,9.685718687329084
TAT,4.699579307201453
SP3,11.078889243391059
GMEB1,7.360913491340018
NTNG1,3.1387300820419313
NTNG2,4.124609845031909
RPF1,9.461677210574281
RPF2,8.559478669097539
AGPHD1,5.309847675478581
PRR23A,0.035657338195077465
ALMS1,9.695993436645399
PRR23C,0.019436827711941655
PRR23B,0.015689243391066542
ATRNL1,5.022671285323609
MRPL55,9.249862443026435
MRPL50,8.599620875113958
MRPL51,10.762253418413856
MRPL52,8.96678650865998
MALT1,8.865835824977209
PRKG1,5.749807110300826
THY1,11.63394402917048
TARDBP,11.802658249772108
ZNF738,7.728373746581581
LCN10,2.3682237010027345
PRKRIP1,9.019976663628078
ZNF688,7.639055970829538
STK11,9.856365086599821
OPN1SW,1.150575387420236
PPIAL4E,0.0193461257976299
ALOXE3,3.357830173199635
ZNF677,4.539856882406563
ZNF680,8.540348587055615
PRKG2,3.4259067456700087
ZNF687,10.329286782133098
ZNF684,5.697940109389243
IQCC,6.91130446672744
PPP1R9A,8.516301093892436
TMEM140,8.910806016408387
PCDHGC3,10.524374111212403
IQCG,8.452414858705557
PCDHGC5,2.854134639927073
IQCE,9.89210446672744
IQCD,5.5250753874202365
IQCK,8.916172835004557
IQCJ,0.5337264357338194
MUC15,4.6164012762078395
IQCH,5.688044211485875
MUC13,1.766289699179582
MUC12,1.7448602552415684
RNASE10,0.9548793983591616
OR13H1,0.015174202370100275
PIRT,0.4475819507748405
PPIAL4D,1.1970054694621701
WDTC1,10.789625159525993
LOC100133957,2.6435570647219726
GMCL1L,2.099326800364634
LOC441294,5.930832178669101
MBTD1,9.267010483135817
SPIN3,8.243668459434828
SYAP1,10.818757155879663
ANGPTL7,1.5359459434822236
ANGPTL6,2.4159176845943464
ANGPTL5,0.8928838650865996
ANGPTL4,7.375809571558794
ANGPTL3,0.4295545123062899
ANGPTL2,10.146646672743849
ANGPTL1,5.047984594348224
IL11,3.790862898814952
ACE2,2.5215005469462155
GPR115,2.2724717411121262
FDX1,8.311415132178665
GPR113,2.3986807657247002
GPR112,0.339655515041021
CTCF,10.548226253418413
GPR110,2.9927154968094793
MMP14,12.857111121239747
MMP15,9.269370100273482
MMP16,6.299720601640835
GSTM3,10.436067365542398
MMP10,4.680301640838654
MMP11,12.315019143117595
MMP12,4.457794712853236
MMP13,7.552195989061082
DSTYK,9.774675387420233
LRRN3,4.459549225159532
MMP19,8.530969553327257
HLA-DRA,13.484158249772115
MYO18A,10.340181859617143
MYO18B,2.779869462169552
PRG4,5.397205834092983
FAM119B,8.005632360984498
PRG2,2.971494165907018
PRG1,0.06587092069279857
FAM119A,7.7119647219690055
PLXNB3,8.390315587967189
WNT4,6.862758249772115
COX7B2,0.29767237921604384
HSCB,7.5839648131267055
SP140L,7.97100164083867
MGC12916,2.8694036463081147
PPP1R1B,8.644467092069277
TCF3,10.62033144940748
ZSCAN16,7.303200364630809
GSX2,0.06056927985414765
GSX1,0.0023224247948951684
GLYCAM1,0.05531959890610757
NF2,9.732495077484053
NF1,10.899894530537818
SFRS2B,9.864690884229715
TMEM27,4.158712762078397
GPAA1,11.343673928896992
CDAN1,8.562756426618046
NDUFAB1,10.096855332725614
IL5RA,1.0977813126709213
KCNK18,0.014632543299908842
FAM133B,6.754872470373747
KCNK17,3.1557305378304514
ZNF583,6.0752871467639045
FAM133A,2.1269486782133114
KCNK12,1.6150990884229723
KCNK13,4.907639471285324
KCNK10,1.3734860528714676
NCAPD3,9.457138833181416
BLM,7.312205104831355
PPP1R10,10.858746490428443
OR1L3,0.07119753874202371
LOC100129716,3.12228459434822
PLXNB1,10.83687210574295
BLK,2.8533886052871464
C14orf184,2.0583822242479486
C14orf181,4.893463263445764
C14orf180,2.2083867821330925
C14orf183,0.15169644484958986
C14orf182,3.0144192342752976
OR2L1P,0.23115086599817702
C7orf25,8.4572894257065
C7orf26,9.107566180492237
C7orf27,10.026581130355524
C7orf23,7.87423983591614
ZFP91-CNTF,0.8610412032816767
ZNF594,7.468185961713766
SHD,0.7976215132178665
C7orf29,7.471068459434804
TCN2,8.677413035551494
ZNF426,6.861404010938923
ZNF425,6.471146490428444
SIRPB2,5.623584594348226
ZNF398,9.054833181403833
ZNF420,7.462959890610758
SIRPB1,5.952538924339097
SNORD59B,0.0
ATXN7,9.242484412032828
SNORD59A,0.0
ATXN2,9.709079671832258
ATXN3,8.690543573381946
ZNF428,9.042149134001821
ATXN1,9.90399808568825
SOAT2,1.5290011850501366
WDR93,4.311723154056511
SOAT1,9.289773290793061
SNORA47,0.040053053783044655
LIPI,0.44914129443937995
C6orf129,8.259061440291692
SCMH1,9.720397447584332
SRGAP1,8.826553600729264
SRGAP3,7.566660984503193
SRGAP2,9.819149589790328
NPY1R,8.63119872379216
INSC,0.924988878760255
DLK1,1.728396262534185
DLK2,3.122945670009118
GPRC5D,2.567975022789423
AP1AR,9.418086599817697
GPRC5C,9.14656271649955
GPRC5B,8.97892041932544
NEDD8,10.859510391978144
NEDD9,9.872995989061076
SCLT1,7.559769462169565
ALG1L,3.941209571558793
PARD6B,9.144724794895163
P2RY14,4.854376481312672
NEDD1,9.159189425706465
SMC3,10.660738012762085
SMC2,9.532393618960771
NEDD4,8.69435952597995
P2RY11,6.10891257976299
P2RY12,3.717549772105738
P2RY13,5.975997265268917
IFI44L,9.325606198723804
SPDYE5,2.922162625341842
GARNL3,7.01731695533272
THOP1,9.345807657247041
SPDYE4,0.06677830446672746
SHISA4,7.943803190519604
PIK3IP1,9.561999088422965
PCDHB14,6.5796035551504195
LOC100130691,2.826109298085684
WWC2,8.8479258887876
STYX,9.184423518687323
SCD,13.123833454876923
SMCP,0.03377247037374658
SLC7A2,10.446447675478574
LOC100133308,0.1902479489516864
PRDX5,11.25169644484961
LEPR,7.332345487693712
CPOX,8.185398814949862
IFNA13,0.08680401093892434
LTA,3.5746411121239743
GRIPAP1,9.832634366453933
TINAG,0.05059097538742024
LTF,10.999511941659078
ALG10,6.825672743846856
ALG11,4.298521148587051
ALG12,9.089840291704649
ALG13,8.789718413855976
ALG14,7.677461713764813
OFD1,9.734130811303565
RIOK2,9.092488514129455
RIOK3,10.308722242479483
IFNA10,0.05466189608021878
LTV1,9.184149589790337
MICALL1,9.33627939835918
IFNA17,0.010349772105742937
MICALL2,8.719360619872386
PRDX4,10.667022333637192
INSR,11.050998176845937
BANF1,11.3266288969918
BANF2,0.07014083865086597
SNORD116-27,0.0
RBMS1,9.924180674567003
LMOD1,8.489579398359153
LMOD3,2.074614311759344
LMOD2,0.5548135824977213
AHSP,0.24081358249772092
TAF5L,9.646277484047403
TAS2R50,0.2885108477666361
HIST2H2BE,10.134380583409293
PLA2G12A,10.040048222424797
ARL8B,11.325206198723789
ARL8A,10.606558796718321
RAB6C,6.634155150410207
DHX40,10.621981677301743
LTA4H,10.756387876025517
C1orf68,0.067161257976299
C1orf69,7.857021786690987
AHSG,0.228911485870556
SCN2A,3.9206051048313606
SHISA7,1.1583343664539663
C1orf63,8.5467518687329
OR5W2,0.00233081130355515
C1orf61,2.1138690063810386
C1orf66,9.379763628076574
PYGM,3.323358249772108
C1orf64,6.734710483135828
C1orf65,1.4394659981768478
NUBP2,9.906773381950766
WRNIP1,10.229564813126714
ST7OT1,4.805106198723795
GAS8,8.878333819507752
TWIST1,6.71763454876937
KRTAP8-1,0.013790884229717413
TWIST2,4.282787420237009
PEAR1,6.748179033728352
SHISA6,2.363582041932543
SPTBN2,9.699142023701008
HNF1B,0.4467207839562442
WIPI2,10.679680127620784
HNF1A,4.230567912488599
CRISP1,0.42930501367365553
ZNF815,5.087009389243389
CRISP3,4.367398450319049
CRISP2,0.846170464904284
TMEM217,3.659008933454875
SLFN11,8.989390975387424
GAGE2B,0.15335332725615314
TMEM216,8.059292160437543
OR6C65,0.001897265268915223
SFRS7,11.041909753874195
OR1C1,0.2454997265268915
CDC25B,10.004323701002749
TMEM214,11.366007839562442
KRT40,1.346808751139473
MREG,9.732435824977204
OR6C68,0.005046855059252507
GAS1,8.660405469462173
GANC,7.977465451230622
KLF10,10.480290975387426
IL32,9.786174931631724
IL33,6.703671467639012
IL31,0.014458067456700092
RNF170,8.961331540565173
VIL1,1.002660255241567
GNB1,13.052603646308118
TDP1,8.894293618960813
RICH2,7.080449498632639
NKPD1,3.7001849589790408
HMBOX1,6.64955651777576
SLC22A8,0.09043965360072927
GAS5,10.688428076572484
ZNF679,0.09402661804922514
SHISA9,5.913379307201467
GAS7,9.484260711030084
EVPLL,2.0941989972652695
GDF2,0.00984102096627165
CAMK2N2,4.469763536918869
CAMK2N1,10.142459525979945
GAS6,10.596145761166822
TM6SF1,6.919210574293533
NUTF2,10.632185505925252
SNORD114-21,0.0
ZNF391,4.414421786690983
GDF7,0.1930632634457611
ZNF678,6.31236645396536
PDGFRA,9.794136827711931
AGXT2,0.37993527803099386
SULT1E1,1.0397525979945306
PTK2B,9.174476572470377
GDF5,2.9887982680036513
DAB2,10.377925615314494
DAB1,1.3842138559708288
SLC5A12,1.1975332725615313
SAMHD1,9.660186052871477
SYNJ2,9.463596262534184
HYOU1,11.84005086599817
TMEM30C,0.013978760255241567
KIAA1468,9.502276481312663
WDR91,8.478723062898803
STK38L,10.130009206927992
PRSS30P,1.5185673655423872
AMAC1,0.09302707383773928
GTSF1L,0.6212566089334544
MKLN1,10.533973290793078
BREA2,2.345018505013676
EEFSEC,8.692120054694616
UNC93A,0.4951240656335464
UBE2V1,11.647364995442116
LOC100129066,1.9170463992707398
TOR1AIP1,10.768472561531459
RAB5A,10.42145287146765
RAB5C,11.631205195989063
GSTM2P1,0.9422594348222435
UGT2A3,0.14912862351868733
AMACR,8.617050501367371
L2HGDH,7.904403190519601
PROM2,11.132604557885163
PROM1,7.854683773928893
UPF3A,9.254125250683664
LOC116437,0.3043133090246127
TIMM13,9.913248222424794
PRO1768,0.0420981768459435
NHEJ1,7.662561166818596
KPTN,7.513226709206928
GNAI1,7.619310209662728
SLC41A3,9.75806900638106
SLC41A2,7.644630902461257
HNRPDL,11.726487055606206
SNORD114-11,0.0
KCNC1,2.6441524156791254
SCARB2,12.64770273473109
LYRM2,9.762553509571575
SNAP23,10.430257976298998
CSF1,8.985823701002717
CSF2,0.5133122151321788
CSF3,0.8835143117593431
ZNF33A,10.363556973564265
LOC647309,0.22139954421148578
TMSB10,13.974411941659087
SAMSN1,7.157147584320882
MGC29506,7.3991941659070255
WNT7A,0.6235476754785781
SLC22A9,0.19008568824065616
WNT7B,8.178192798541472
CPT1A,10.804084867821317
ERAP1,10.417749772105742
LITAF,12.030418869644482
HULC,0.2578723792160436
LOC285847,0.3869521422060161
EMR1,3.9249905195989037
EMR2,6.8431676390155
EMR3,0.8105522333637194
CPT1C,5.701847493163172
PCOTH,4.640432269826801
CNTN2,2.9901409298085664
CNTN3,4.892618869644488
ANXA2,13.644295350957135
CNTN6,1.1950454876937116
CNTN4,6.25958814949864
CNTN5,0.7840128532360978
SLC44A4,9.96045761166819
C11orf48,9.38111476754786
DDX58,10.083256426618053
DDX59,8.986408295350964
PRR13,11.141980856882407
DDX52,9.191783865086611
DDX53,0.1774276207839562
DDX50,9.815211577028256
DDX51,8.838957155879678
DDX56,10.577409571558803
CSRNP1,9.446915770282581
CSRNP2,10.206165542388337
DDX55,8.882137556973566
GATM,8.641972379216051
CDC42BPG,8.847828258887873
FAM129A,10.501138650865993
CDC42BPA,10.408776025524148
CDC42BPB,11.503616134913411
FAM129B,11.97440893345488
SPDYE6,4.6400718322698316
COX6C,12.632921513217854
GATC,5.0038606198723885
BUB1,8.602203828623516
RNPS1,11.587635733819505
BUB3,11.512506198723793
NUPR1,11.12977967183226
UBE2E1,10.432488878760251
UBE2E3,9.231677666362808
C3P1,0.01627347310847766
SNORD72,0.0
CNGA1,3.413076754785774
CNGA2,0.9941487693710115
CNGA3,2.298473746581589
CNGA4,2.115506654512308
NCF1B,4.3048579762989965
SNORD74,0.0
SNORD75,0.0
RNASEN,10.400027256153134
ADSSL1,6.656335186873291
SNORD79,0.0
PRR18,1.1737949863263444
LOC285401,0.16311157702825896
EGLN3,9.17269635369189
DNAH3,2.1543065633546044
EGLN1,10.190250592525095
DNAH1,6.744204557885152
DNAH6,4.000239653600732
DNAH7,5.1191476754785725
TP53BP2,10.18784922515952
DNAH5,7.454951959890617
HSD17B13,1.7595044667274418
SFRP5,1.126583044667275
DNAH8,1.388438650865999
DNAH9,2.6609189608021864
SNORD114-4,0.0
PSMD8,11.593833910665447
OR2Y1,0.001445943482224248
MYBPC3,0.7458556061987242
MYBPC2,1.3514042844120346
MYBPC1,4.722013035551501
MIMT1,0.9754244302643572
MCM3,11.31325296262532
OR9K2,0.007141750227894258
FLG,3.144797082953509
MCM2,10.185005560619866
HSD17B12,10.429809024612599
TMEM130,4.894215587967177
TMEM131,10.651872743846834
TMEM136,7.1965424794895085
HSD17B10,10.5954652689152
CCDC48,6.025315679124884
CCDC47,11.663653053783028
CCDC46,6.308451230628994
CCDC45,9.010598632634437
TMEM139,6.706956882406558
CCDC43,9.117641750227895
CCDC42,0.41702552415679167
CCDC41,7.839208933454874
CCDC40,7.182851139471299
SPRY3,5.711902278942573
RFTN2,5.700314311759345
SPRY1,9.06800802187786
HSD17B11,8.455704922515956
TRPC6,5.822233454876933
TPM1,12.392832816773039
SPDYE3,6.296528167730162
SPRY4,9.232794439380125
HDHD1A,8.51227912488606
RASSF10,4.6695071103008186
RASL10A,3.4120760255241542
FAM177B,2.215373928896989
COASY,10.592507019143104
UTY,0.14853837739288966
RASL10B,5.670729717411124
TMEM116,7.8107195989061085
MRGPRX4,0.1709358249772107
CDKL5,5.060260528714679
CDKL4,0.36104804010938946
TRIM33,10.324597082953526
BBOX1,4.754050501367367
CDKL1,3.951962443026435
CDKL3,4.909423336371929
CDKL2,2.9655289881494955
TBX10,0.7696013673655425
FBXO22,8.998143573381952
FBXO21,10.204112944393794
SKA1,6.892891886964454
FBXO27,6.877578851412938
MCM9,6.305727711941652
FBXO25,8.804054968094801
FBXO24,3.4010327256153103
OR8K1,0.004440474020054695
TBX19,5.843371741112124
OR8K3,0.016025524156791246
FBXO28,10.507041020966268
OR8K5,0.004508113035551505
SLC35C1,9.234816590701925
DYSFIP1,0.6497155879671836
ACPL2,8.845900820419336
TMEM155,1.8569521422060176
MRGPRX3,1.6790129443938016
GNRHR2,8.640649042844103
GNB5,8.519075752051055
GNB4,10.292018231540572
AMBRA1,9.911049772105745
MRGPRX2,0.3435901549680948
AIM1,10.521485505925257
XG,5.854186144029169
DBC1,3.9680796718322715
AIM2,4.197697265268917
FCRLB,4.936425888787603
RNASE2,3.4060532360984492
C11orf88,1.5098217866909749
GPR19,4.445147219690059
FOXB1,0.1434346399270738
C11orf84,8.724962351868722
C11orf85,0.6474109389243393
C11orf86,0.8469139471285327
C11orf87,0.6754630811303562
C11orf80,8.407184867821343
FBXW2,10.853895259799446
C11orf82,7.158636645396527
C11orf83,8.380477392889707
UTP18,9.74572324521422
TRIM31,1.4060991795806752
NME5,5.582231722880584
MUCL1,7.1896736554238805
FBXW5,10.557867365542384
FAM107A,6.227724794895167
SFRP2,12.711330173199642
FAM107B,10.784071285323591
OR2T29,0.0005587967183226983
PARD3B,5.801807839562444
SCARNA9L,0.24299890610756592
TPSAB1,7.803894348222427
OR2T27,0.0017346399270738377
FBXW7,8.536951686417499
CRHR2,0.5901318140382867
CKAP2L,7.0971348222424835
CRHR1,2.897252415679128
ETFA,10.132948131267092
NEDD4L,10.430711030082032
NCOA6,10.855266362807646
UBE2QL1,5.993295350957156
WIPI1,9.598963719234265
THAP2,6.91225843208751
ETFB,9.358535004557876
GTF2A1,7.364191613491336
GTF2A2,9.422664175022796
RBMX,11.875595806745668
PCDHA11,4.684123701002737
C1D,7.559075660893348
IL18BP,7.995451321786684
IQGAP1,12.867528076572478
IQGAP2,9.594193983591614
IQGAP3,9.117244029170452
ProSAPiP1,7.63329443938013
TRIM37,9.872252689152232
NFATC2IP,9.834489152233376
HSPB11,8.619842206016406
SCGB1D1,0.06154813126709208
SCGB1D2,7.323383682771205
SNORA4,0.039761166818596164
NDUFS2,11.492160711030088
THAP3,7.966846399270738
TET1,5.945623609845037
CDYL,9.456337921604376
NDUFS3,10.366931175934374
NOD1,8.144606381039186
NOD2,7.189829626253419
HCLS1,9.308911941659092
NDUFS4,9.10131640838653
TCP10L,4.144691795806741
TET3,9.648462534184125
SPAG11A,0.014143755697356425
TBC1D3P2,0.1618026435733819
PCMTD2,10.394750683682766
PANK1,6.6856525068368216
PCMTD1,10.822729990884236
KRI1,9.51421622607111
RP9,7.214333272561528
TECPR1,7.835297265268908
RNASE6,7.842158887876024
THAP4,10.011136280765708
CDY1,0.0
COQ5,9.231333637192346
YKT6,11.164879307201465
CAMSAP1,9.778889881494992
TUBA4A,9.27617474931632
TUBA4B,1.0848887876025526
CALD1,12.26858979033729
TRIM35,8.402333454876933
CCNB3,4.2687686417502295
CCNB2,8.528752780309938
CCNB1,9.801496991795801
VPS18,9.586752871467619
SVEP1,8.279275387420236
OR1F2P,0.15690875113947125
NUP62CL,4.740280492251593
CSTF1,9.613733454876925
FIBP,10.156198906107557
CSTF3,9.560446308113043
CSTF2,8.608044029170458
SNORA59B,0.17954339106654513
ILF3,12.428674658158606
ILF2,12.336964995442107
POU2F2,6.235038377392886
POU2F3,6.528398085688233
P2RY1,3.856325250683683
MET,8.31053126709207
C1orf126,5.183234366453961
C1orf127,2.972825888787601
C1orf124,8.12256663628077
C1orf125,1.3317969006381052
C1orf122,9.197582406563354
C1orf123,9.040966362807646
RNASE8,0.022498997265268914
SSX7,0.01598103919781221
PCCB,10.454015132178672
OR10C1,0.0045090246125797625
PCCA,8.213719051959895
LRRC16A,9.348138742023702
FCHO2,9.432087055606212
C1orf128,9.880444849589795
C1orf129,0.3811971741112125
TNMD,2.1403507748404778
SSX5,0.10476590701914315
ZNF227,8.241900000000005
MRFAP1L1,10.617944576116681
SSX2,0.3605040109389242
P2RY6,6.2428762989972695
SOX30,1.836322333637192
UBXN4,11.721040656335449
C6orf97,7.945562898814954
C6orf94,0.28407301731996343
SERPINC1,1.7681047402005465
TPD52,12.446110118504988
SLMO2,10.838701914311743
PZP,0.9371304466727427
CLN6,9.91740893345488
CLN5,9.25313354603465
CLN3,10.705436007292606
SACM1L,9.925158432087516
FLJ39609,0.4911751139471286
SLMO1,5.853373655423883
XK,4.793431449407473
CLN8,8.234456244302645
AUP1,11.272281403828616
SNORA19,0.004584229717411121
C2orf39,1.5490818596171392
C2orf34,6.59477073837739
CLNK,0.7694804010938924
ACSM2A,0.2733221513217869
ACSM2B,0.155336098450319
SNORA12,0.09894822242479487
PIN4,8.440677939835918
TJP1,10.746401185050141
SSX8,0.05868915223336374
P2RY4,1.1799967183226965
UBE2K,11.085951959890613
OR11L1,0.037345214220601636
TOR1AIP2,8.81150610756608
OR51I1,0.0693389243391067
OR51I2,0.026912306289881494
SFXN5,8.881327438468555
RNF185,10.07233035551503
LIMA1,11.268678122151343
RNF187,11.877980309936186
RNF186,1.1905315405651786
RNF181,10.163740656335484
PCDHGB1,4.819145305378305
RNF183,3.7045509571558783
RNF182,3.3867859617137603
C8orf12,0.11414348222424796
CHMP2A,11.047175934366448
BMPR2,11.294527347310863
PNPO,10.296049407474934
SPESP1,4.368808477666361
SIGLEC9,5.445385870556068
ZBTB22,9.054650957155882
RBX1,9.908584047401998
ZBTB20,3.663123518687325
CLVS1,2.374003099361897
ZBTB24,8.755216864175024
CLVS2,0.28634849589790345
EIF3IP1,0.7532152233363711
APBB1IP,7.988231084776664
PCDHGB5,6.108978942570657
HRAS,8.998008386508669
PCDHGB4,4.754888605287148
FLJ25758,0.04903026435733822
CCDC163P,4.186872379216042
FLJ14107,0.8520814038286235
SKI,10.800255879671843
MSGN1,0.07625323609845036
C16orf89,5.825162443026433
C16orf88,9.364167456700086
MFF,10.09566280765722
C16orf81,0.48572907930720194
C16orf80,8.90179489516865
KRTAP9-2,0.014704466727438466
C16orf82,0.07885287146763896
CLDND1,9.999889061075661
C16orf87,6.777777666362817
BICC1,6.412673381950785
SYT12,8.755448587055609
SYT13,7.476043391066547
SYT10,0.5659762989972654
SYT11,8.195106745670005
SYT16,0.6271658158614404
SYT17,7.216600364630801
SYT14,1.2068359161349134
JMJD1C,10.347339744758422
RINL,7.4132626253418445
MS4A8B,2.571896262534188
GEM,8.747799726526898
GUSBL1,5.463522515952592
LOC100190938,5.846596080218781
RIC8A,10.983505469462164
GUSBL2,6.596669188696444
RNU5E,0.0
GAGE8,0.1254829535095716
SH2D3A,7.998896080218782
BAHCC1,8.388714220601646
EHBP1,9.517210300820427
ZNF143,8.464527256153152
DDT,9.192186417502285
OR52I2,0.037988331814038295
OR52I1,0.055287146763901555
PCDHGA9,4.913835095715596
DDO,5.369238650865997
DDN,2.484041385597085
DTNBP1,8.509915223336362
DDC,1.3923186873290814
LAMC3,5.192175022789426
LAMC1,11.992785597082959
PCDHGA6,4.5351774840474
PCDHGA7,4.095931358249777
PCDHGA4,4.72891841385597
DDX39,10.064300455788509
SPATA22,0.9109213309024614
SNORD88C,0.0
BCS1L,8.378976481312673
GSTT1,7.462607201458522
RWDD1,9.847870920692804
LOC148189,5.761033910665453
CDC14C,1.9297782133090247
CDC14B,7.554211121239745
CDC14A,7.178581586144025
RNF160,9.600734092980856
GPR179,2.2936106654512334
WWC3,10.42924029170464
ATP6V1G3,0.09288268003646309
ATP6V1G2,4.9008099361896
ATP6V1G1,11.495801823154048
PPT1,12.469815952597976
GPR171,4.105507748404742
PHF7,5.941641659070185
GPR173,3.9016505013673703
PHF2,10.255198997265287
GPR174,3.016213035551501
GPR176,6.290418140382866
VPS28,11.065114129443964
C2CD4A,4.051755423883324
C2CD4B,3.6825872379216045
C2CD4C,3.845182133090248
C2CD4D,4.216175478577941
ZNF136,7.953851777575199
SERP2,4.957679307201451
OBP2A,2.1835723792160464
TCHP,8.506323245214226
PDGFC,9.011476663628082
DSC3,6.648236918869639
NUAK1,8.953065633546029
TDRD3,8.590174749316326
TCHH,3.394251959890609
PDZK1,6.510128805834096
OR6N1,0.0139714676390155
SAPS1,10.957498723792161
RNY5,0.0
RNY4,0.0
CEACAM20,0.209072196900638
CEACAM21,3.8575344576116657
MICAL1,9.059456882406566
SCGB2A1,5.33233646308113
C10orf4,8.428178851412932
RUSC1,10.362106198723794
C10orf2,8.47203400182315
MICAL2,10.934607201458544
SS18L1,8.929853053783056
LOC145820,2.5092188696444873
VARS2,9.53613445761165
TP53AIP1,2.871136918869646
OR6N2,0.00645788514129444
LOC440896,0.7228996353691884
KBTBD11,6.5140474020054775
ERN2,0.6770939835916142
ERN1,7.161343391066555
RPS26,9.162626982680026
RPS27,8.699183591613496
RPS24,14.067158523245212
PCBD1,10.156363081130362
COX8A,11.054030264357321
RIMBP2,2.2937217866909734
NDN,7.814730811303552
MTSS1L,9.827263445761172
SNORA36B,0.0011702825888787603
PHC2,11.153242570647233
POU5F1,1.8465545123062934
LEAP2,2.3843581586144014
ATRN,10.88696508659983
OR1E2,0.023791704649042844
OPRK1,1.4836916134913414
OR1E1,0.17523600729261626
UCHL5,9.178081950774834
CHMP1B,10.529156244302637
CHMP1A,10.91404794895168
SNORA36A,0.01498067456700091
UCHL1,7.1564793072014625
UCHL3,8.490400455788523
LOC339674,1.9113588878760261
ZIC2,3.404974567000915
MGC16142,3.430161713764811
CHAF1A,8.87718030993618
HSD11B1L,6.843532452142217
NFYA,10.214022060164087
PREB,10.4792515041021
COL13A1,4.898880583409301
SP140,5.940945761166821
RNF126P1,1.3069938924339093
ZNF407,8.348928441203288
ZNF408,8.208549042844114
ZNF354B,6.661370829535097
MSL3L2,5.963281677301737
GLE1,10.196517228805838
GPSM3,8.591923792160436
GPSM1,8.227078395624426
SCGB2A2,9.498436827711947
SPTAN1,12.765161257976297
CSAG3,1.7987092069279855
CSAG2,0.7487613491340017
CSAG1,0.9853546034639923
AIMP2,8.836825615314496
AIMP1,10.17632926162259
PRELID1,10.824248678213308
MDH2,11.890849225159524
ADPGK,9.96221531449407
PRELID2,5.783693892433908
DDX3X,12.7599129443938
HSH2D,7.721363081130352
DDX3Y,0.2508365542388333
LOC90110,7.892610118505008
FAM171B,7.717683318140391
PDE6C,0.2100972652689151
SMARCA4,11.751685141294438
SOD1,12.004522060164078
TERC,0.45509626253418406
PRDM6,4.798365177757524
SNORD114-16,0.0
RABL3,9.41056271649955
VPS33B,8.257703919781227
TGIF2LY,0.04385515041020968
PDE6A,1.3984765724703736
ULK1,10.370047128532365
RMST,0.7300686417502275
RPL21P44,1.164119416590703
ECEL1,3.312534001823152
TERT,1.9089687329079308
NBAS,10.26157602552416
GYLTL1B,7.870755970829549
PDE6G,3.585200182315403
SLC4A10,2.087922424794894
ZNF362,9.54012698268004
LOC400696,2.773177210574298
PDE6D,8.403666636280775
PUS7,8.884365268915225
VWA2,7.426312032816779
KIAA0247,11.080792616226057
KIAA0240,9.587033819507731
IL11RA,7.124228988149491
NIF3L1,8.951973017319963
GPX8,9.625141020966272
SYNPO2L,3.1942149498632637
TMBIM6,14.437728532360978
TMBIM4,10.644379580674547
FLNB,13.565905104831339
TMBIM1,11.319620875113952
CASP6,8.979071103008204
CASP7,9.614962716499564
CASP4,9.204351595259789
CASP5,1.1809863263445755
CASP2,10.283301914311762
CASP3,9.669155606198707
SMC4,10.825808477666358
CASP1,8.132930264357345
PRDM8,4.333208295350957
DRD4,2.9710962625341866
DRD5,0.2617154056517775
DRD2,2.838966727438465
DRD3,0.05543792160437555
CASP8,9.072268368277118
DRD1,1.7155105742935297
LSG1,10.15276827711941
PACRGL,7.52947903372835
ZNF311,5.872287602552424
FAM18B,9.314005195989052
FAM18A,3.88845104831358
MMRN1,5.678433090246129
PICALM,11.710208204193249
NCRNA00174,7.134158796718321
WDR52,8.012616590701906
OR5I1,0.0029743846855059255
PYGB,11.788489881495003
DOLPP1,8.835913035551489
AKT1,12.067079398359155
AKT2,11.337558158614412
AKT3,8.713557793983604
LOC90586,1.098199635369188
UPB1,1.9939372835004592
TLX1NB,0.8510412032816778
TTC9C,8.301364357338198
TTC9B,0.6389030082041933
TLCD1,7.595482588878763
MRC1,6.8030286235186885
CHML,9.368708751139483
PKD1L1,3.7267906107566118
PKD1L2,3.3298893345487715
PKD1L3,0.6799477666362804
ANAPC16,10.936880948040125
ANAPC11,10.239668550592526
ANAPC10,6.882416134913402
ANAPC13,10.233359708295357
SNRNP40,9.698346581586135
SIAE,9.39927484047403
PGAM2,4.731750045578851
MYC,10.60800692798541
MYB,10.237808659981768
LOC149837,5.3151096627165
TDRD1,2.6816744758432085
ENTPD7,8.908662807657251
ENTPD6,10.797293254329986
ENTPD5,7.909866818596172
ENTPD4,8.747418322698284
ENTPD3,5.920651686417498
ENTPD2,7.694745670009125
ENTPD1,10.225431631722866
VILL,6.888307930720147
KRT23,8.426716317228815
ALOX5,8.47019790337284
TOR1B,9.266846125797624
KRT26,0.02090911577028259
KRT27,0.2673235186873291
KRT24,0.6616033728350039
ENTPD8,4.7497189608021815
DLEC1,3.1640058340929818
SNAPC2,8.99381741112124
SNAPC1,7.531330264357348
SNAPC5,6.507425615314498
SNAPC4,8.456399999999991
ZNF347,7.213322789425702
TEAD3,9.681343755697364
RNF41,9.873460164083875
TNFRSF10C,5.190366818596169
ZNF492,3.143314038286231
TNFRSF10B,9.501851412944385
HYAL3,6.471408659981774
HYAL2,10.225488878760242
HYAL1,5.083547584320883
TNFRSF10A,6.607843664539643
HYAL4,0.8258076572470378
PRPS1L1,0.2900277119416589
LACE1,5.70320902461258
ZACN,0.6897264357338191
SNAPIN,9.5250030082042
SNORD52,0.0
PXDN,11.678106472196898
SPC24,4.273716317228803
TMPRSS6,5.25500692798541
SNORD53,0.0
HESX1,3.8084143117593414
MST1R,8.247677119416604
ZFP14,7.980414676390144
METAP2,10.708544940747483
NAT9,9.023608568824068
PKIA,5.397644120328169
PGAM1,11.606046672743842
CLCA2,5.141604557885149
S100B,5.578745214220598
LOC100216545,6.089395168641746
LOC389033,2.4067576116681852
DPRXP4,1.4955990884229724
PNMA3,2.9935905195989014
CSDA,10.681855970829519
FAM40B,5.46305041020966
SNORD115-11,0.0
FAM40A,9.3252417502279
DUSP5P,2.11527164995442
KLHDC9,7.092426526891522
DCTN1,11.986686508659966
LOC728392,5.777716043755701
SLC4A9,0.2607689152233362
NAT8,1.8708634457611673
RRN3P2,3.1242678213309008
LANCL2,9.111337921604381
LANCL3,1.9931068368277107
PILRB,9.798729626253424
LANCL1,10.580090884229715
DCTN4,10.914516499544215
SRP14,11.99891896080219
HUNK,6.352196262534179
SRP19,9.505739380127613
CAGE1,0.8024385597082948
PROCR,7.678964266180489
ODF3,0.27923928896991757
ODF2,10.345753418413873
ODF1,0.1007224247948952
GNPNAT1,10.378906016408395
SNORD113-9,0.0
ODF4,0.41357228805834095
EFEMP1,10.318195442114863
SNORD113-5,0.0
SNORD113-6,0.0
EFEMP2,9.679714858705571
SNORD113-1,0.0
SNORD113-2,0.0
OSTC,10.827961349133993
TAS2R9,0.07212898814949865
RPS4Y1,0.4120339106654513
YSK4,1.3569821330902465
TFE3,10.331548860528708
SNORD114-14,0.0
KIF3B,11.051327985414769
KIF3C,8.83633673655424
KIF3A,8.770609936189615
HADH,10.459075478577937
HIC2,6.7960082041932575
LOC93432,0.6853434822242481
TMEM9B,10.479346308113035
MRAP2,4.0059857793983555
TMEFF2,0.23555670009115773
CCDC102B,5.897487420237005
SDC4P,0.0076521422060164095
BPIL2,0.17683846855059246
BPIL3,0.25165587967183217
BPIL1,4.242006107566083
OR4M2,0.048228350045578856
OR4M1,0.021406472196900637
ASPM,8.864322880583412
SCTR,0.3973946216955335
WNT5B,6.405972196900649
WNT5A,8.424426071103007
TUBBP5,5.2677449407474946
VEZT,10.51816034639927
NCF2,8.0041936189608
APLP2,13.490224612579743
SERGEF,8.157214767547858
NCF4,6.987984685505926
USP38,9.749800364630808
KNTC1,9.048184867821334
STAMBP,9.631118049225169
UFD1L,10.023158796718317
NIT1,9.377289243391074
MUTYH,7.276418049225156
UBXN1,10.43199216043757
VDR,9.842112670920674
HNRNPH1,12.030799908842308
HNRNPH3,11.031328532360993
HNRNPH2,11.449313217866903
OR10X1,0.004167092069279854
NCRNA00105,4.91902707383775
GATS,6.893245031905184
NCRNA00107,3.8114673655423865
FOXK2,10.723374111212413
TBC1D8,9.652802917046495
SNRNP48,8.470105742935283
SNORD116-18,0.0
PAPOLG,8.486023792160433
PGM2L1,8.758787602552411
FOXK1,9.794788878760244
RBM12,10.974728896991788
MRPS35,10.584060528714673
LOC100131434,4.868491066545117
TBC1D2,8.852687329079302
HCFC1R1,9.976165907019142
MRPS31,8.179998814949862
MRPS30,9.837792525068368
MRPS33,9.363463445761173
TBC1D7,8.361536736554239
HSPA12B,7.2543662716499515
LOC84989,2.901664904284409
HSPA12A,7.755545943482216
TRIM10,0.38516317228805863
SAP30BP,10.097214585232429
FAM127C,8.522505651777578
FAM127B,9.674513126709211
FAM127A,10.273428805834087
TBXA2R,5.58995815861441
SEL1L,11.685252142206034
MCM3APAS,4.730158796718324
CGB8,0.12676417502278936
ZNF271,9.419076481312665
KRTAP20-3,0.0
CGB5,0.2529344576116681
CGB7,1.3301834092980855
CGB1,0.035404740200546944
CGB2,0.19365797629899717
INO80,9.660233910665454
SIGLEC15,3.5392183226982694
SNORD98,0.0
SNORD99,0.0
KIAA2018,9.438231267092057
NRSN1,0.6179170464904287
KCNB2,1.6103064721969014
KCNB1,2.8310270738377383
SNORD97,0.3765839562443027
KIAA2013,10.385761075660888
HNRNPUL2,11.66155770282588
HNRNPUL1,12.555833819507734
SNORD93,0.0
ZG16,0.6265151321786686
DEGS1,11.02128012762079
DEGS2,9.294646125797637
RBM18,9.6401515041021
CLEC6A,0.9012182315405647
CNTLN,7.297058523245218
CD22,6.812030355515038
OSGIN1,6.560960711030094
STOML3,0.32544703737465797
PAIP2,10.975510756608946
PAIP1,10.379821057429352
TPRA1,9.42087930720146
ZNF519,5.5842973564266085
EMP2,12.2475577939836
EMP3,8.82084092980857
NRSN2,9.990877484047402
EMP1,11.428899544211484
MLYCD,7.623237648131268
ZMAT5,8.230032360984511
AMOT,9.293219416590704
GABRA2,1.2845099361896082
MVP,11.687056244302628
KRTAP20-1,0.0
AKR1CL1,0.1998001823154056
TEAD1,10.259595624430279
CCDC21,8.812009480401079
TMSB4Y,0.06905405651777577
CCDC23,8.058297538742034
CCDC22,9.086816864175018
CCDC25,9.708997538742034
CCDC24,7.96072087511394
CCDC27,0.1831603463992707
PCOLCE2,4.942420510483136
CNTNAP1,7.189737556973554
DCAF12,10.665084047402003
DCAF11,11.060978760255232
DCAF10,10.902741294439384
DCAF17,8.763729899726531
DCAF16,9.649305742935265
DCAF15,8.807605560619862
TMEM111,10.308249863263445
ZNF556,1.5515362807657245
APOB48R,8.045517411121256
FIBIN,8.398978669097536
ZNF276,8.407361531449395
PAPSS1,10.97070565177757
TXN,11.472869553327254
PAPSS2,9.351630173199634
TXK,2.711755515041018
OR8I2,0.0013085688240656336
CDKN3,7.194598814949874
NGLY1,9.296512215132159
BLZF1,9.514509753874213
BHLHE22,4.720325524156793
BHLHE23,0.0068847766636280765
LSM10,8.817761987237903
DPEP1,3.9443577028258896
SOD3,7.575898176845948
UBA3,10.090826162260713
DPEP2,4.962087146763909
LOC595101,6.542529535095708
SLC35E1,11.21625487693709
KCTD20,10.574889061075647
KCTD21,8.761453874202381
SLC35E4,6.194740291704652
RXRG,1.6286640838650859
ABRA,0.4276215132178673
PLCL2,7.153605195989061
TRIM17,4.720999817684593
UTP23,9.253160619872386
OSBPL11,8.909303281677309
KIAA1430,10.052244029170456
MAP7D2,3.181058979033726
KIAA1432,9.325649042844136
ORC4L,9.20715059252506
HORMAD2,0.1535567912488604
NMD3,10.106787784867803
FAM96B,9.02773336371922
KIAA1383,6.54449936189609
RANBP3L,4.5830951686417505
RNU4ATAC,0.031352871467639015
HEPHL1,1.7135453053783039
TMEM110,7.6876146763901545
LOC149620,0.12293008204193251
TRIM16,8.878517593436657
PRPF38A,9.83090701914312
PRPF38B,10.04374767547858
TAZ,8.296217411121237
OPRM1,0.02969699179580675
MGC14436,2.136736098450319
PPP2R2A,9.98291321786691
LOC729603,4.205184503190524
G3BP1,11.294998723792164
G3BP2,11.63771868732909
?|340602,0.5475997265268917
FAM101B,8.602154056517781
FAM101A,5.843021695533273
MYOZ1,3.784458614402921
KIAA0528,9.88857256153146
OR2B6,1.9551757520510495
TDRD6,3.0048000000000012
MXRA7,10.660438195077479
SFRS15,9.847427073837734
ZFY,0.4274219690063806
IFNAR2,8.476932087511384
RNF25,8.659027620783963
IFNAR1,10.826043026435743
GPM6A,3.0652660893345463
USP31,9.123634001823168
GPM6B,7.163587511394699
TTC39A,10.814919507748398
GRAMD1A,10.747973564266191
SGPL1,11.218600820419324
MVK,8.512262807657253
KCNQ1DN,0.10910683682771198
CSPG4PY2,0.001624521422060164
APBB1,8.65653828623519
APBB2,10.9301253418414
APBB3,7.792535916134904
ANXA2P1,6.002556700091142
ANXA2P3,2.324485870556061
ANXA2P2,12.002451595259785
PASK,8.224339015496822
SEZ6,1.0927285323609843
LIME1,5.942421422060157
IRAK2,6.373011121239738
IRAK3,7.375713035551506
IRAK1,11.2695391978122
IRAK4,8.896000638103919
OR7D4,0.014865360072926164
UNKL,8.524693436645393
WDR6,11.519182315405649
WDR5,9.986142844120323
WDR4,7.495489881494984
WDR3,9.897142570647215
DIAPH1,11.528041385597092
DYSF,8.91558103919781
DIAPH3,7.146396627164999
WRN,8.331588514129436
PPP2R2B,3.434145396536003
SMR3B,1.0136682771194163
TAF1A,6.591425706472206
SNORD116-12,0.0
SMR3A,0.17612060164083868
SATB2,6.4784041932543355
STAR,3.0135693710118545
SMARCD3,8.47170337283501
SMARCD2,11.582380492251588
SMARCD1,10.381672926162262
GATA6,6.651703646308103
GATA4,1.675924247948953
GATA5,1.8562551504102087
COX6A1,11.206633819507745
GATA3,12.670372743846855
COX6A2,0.700177939835916
SVOPL,3.065669644484959
TXNDC9,9.38328951686418
SNHG1,9.302342023701007
POLR3G,5.662758796718316
CCND1,12.86083874202372
CCND3,10.264769553327229
CCND2,9.214606745669998
TMEM192,9.05116399270738
CEP290,8.82163947128532
TCF15,2.8904911577028263
TTC39B,6.841996262534192
TM2D2,10.058243117593435
SCNM1,9.160621513217874
TCF12,10.636174202370102
SH2D1A,5.07660984503188
IPCEF1,5.5257498632634485
TCF19,9.126962989972654
SUCLA2,9.401783956244312
TNKS,10.091632452142196
ACVR1C,4.419965815861441
ACVR1B,10.190973290793066
LOC150776,8.585011485870554
RPS27A,12.967925979945301
MTL5,8.982264904284417
RELL1,9.408359981768454
SHISA5,11.892849863263436
LOC401431,5.312229899726526
SEPT7P2,7.1252721969006405
MAGEE2,1.2228179580674567
MAGEE1,7.176133728350031
KDM2A,11.817236007292616
UROD,9.995298268003665
GABBR1,8.660531722880572
GABBR2,2.0571781221513197
SERPINE1,10.039972105742953
SERPINE2,9.385939380127626
C5orf4,8.144103099361903
SOX18,7.191133546034639
TNNT3,2.490877210574295
TNNT2,2.1561852324521413
SH2D6,0.7698988149498626
SOX10,5.636373199635367
SOX11,6.0879520510483145
SOX12,9.971490246125793
SH2D7,0.5499391066545124
C6orf70,8.4618127620784
SOX15,3.8909728350045523
C6orf72,9.282680856882404
SOX17,5.72654339106655
EPPK1,9.42448614402916
NARS,11.734758887876012
SSTR2,6.3018101185050135
C4A,13.85233135824978
DMAP1,9.03696034639928
SNX31,1.0840403828623517
ABCA2,10.273249498632623
SNX33,9.604871011850495
SNX32,1.7036967183226996
SLC27A2,7.067574658158621
HMMR,7.908563354603457
IRGQ,9.554468368277108
PDLIM7,9.84586025524158
DPCD,8.385177484047396
PDLIM2,8.794177210574302
PDLIM3,8.857148313582508
CHRAC1,9.446590519598908
MSH4,1.1301127620783955
MARS,10.92618185961713
ZNF286A,8.267473655423887
PLAC4,2.4344159525979934
IRGC,0.2389454876937098
HAAO,5.87051203281677
INSIG1,10.201373655423888
UMOD,1.720573655423885
PGM3,8.9303869644485
FTL,14.879829990884238
FTO,10.148091978122151
ZDHHC1,7.27726636280766
TNK2,10.34693454876937
PAFAH2,9.0473488605287
MARS2,7.720390975387411
ZDHHC5,11.463305925250692
ZDHHC4,9.6165515952598
ZDHHC7,10.226281403828619
VAT1L,3.62445469462169
TDRG1,0.7170661804922513
ZDHHC8,8.757126618049218
LDLRAP1,9.666839653600725
KDM2B,9.555153874202356
C8orf38,8.749972379216054
C8orf39,3.035515223336369
IGFBP6,7.03193454876937
ANPEP,9.69638040109391
TOMM6,11.081819234275313
C1orf144,11.526714220601637
C8orf33,10.530116043755704
C1orf146,0.04471741112123976
C8orf31,2.9133169553327254
HES4,5.929438286235182
C8orf37,6.308997356426623
C8orf34,2.2866178669097534
HES7,0.8927110300820423
KLHL25,7.934389152233369
KLHL24,10.093442388331804
KLHL26,7.981293892433901
CAPNS1,12.834335095715598
KLHL20,8.546101914311745
KLHL23,6.628387237921609
CAPNS2,0.9299958067456702
TMEM81,5.752203099361896
GABRR1,0.8643757520510468
GABRR2,1.115705651777576
GABRR3,0.05028814949863264
KLHL29,5.875959799453055
KLHL28,8.481800364630818
TRMT12,8.931666909753869
DCC,0.8622298085688234
POLG,9.894134731084792
LTB4R,7.39150227894258
POLE,9.978542570647226
STX12,10.215520237010027
TRIM59,8.130746672743843
POLB,9.214548404740208
TAF15,11.195379762989976
FH,10.841389334548772
PDE6H,0.18243846855059237
CDC123,10.241181221513216
POLL,8.872654694621694
NCSTN,11.901221604375575
SART1,10.155123154056527
POLI,9.121445214220604
DONSON,8.14121458523245
NDUFV3,9.48687119416589
MDK,11.388753418413854
NDUFV1,10.74961649954421
ZNF286B,5.100240565177769
CCNDBP1,9.534086873290782
ZNF213,9.474929079307195
C2orf16,5.440335095715588
C2orf14,1.3398497721057427
C2orf15,6.701672470373754
PCIF1,9.949147128532369
ATP5EP2,5.2398467639015545
IGSF5,3.212073199635369
STATH,0.04986098450319052
GGN,3.0013415679124877
GGH,8.752927711941657
C2orf18,10.8468098450319
NUS1,10.257944029170465
IL17D,3.7438895168641735
LAMA1,5.958785961713766
IL17F,0.04845432999088423
LAMA3,8.969170920692802
LAMA4,10.785955606198712
IL17A,0.11198577939835914
IL17B,2.119073017319965
IL17C,0.7287155879671828
LOC375190,5.9904895168641765
PLAC8,4.319688149498629
PSD4,10.456170191431168
CHRDL1,6.803288149498631
SLC25A42,7.617741841385594
CHRDL2,2.738898541476761
WDR62,7.581975205104839
LOC399815,3.3372076572470375
SNHG3-RCC1,7.10346727438468
LOC100133991,4.4229056517775795
RAD23A,11.29598869644486
CASS4,4.370785050136731
MYOT,1.2547381950774852
DCT,0.7279241567912492
ZNF843,3.31564712853236
SSR3,11.902122242479493
GPR153,7.995007930720144
GPR152,0.932597903372835
F2,0.3546606198723792
C13orf23,9.910810483135814
GPR157,5.102694074749317
F5,5.13651722880583
C13orf26,0.17159252506836836
C13orf27,7.262768277119418
C13orf28,0.023096536007292612
C13orf29,6.312702734731085
SSBP4,9.072469462169561
GPR158,3.9203906107566064
ATP6V1E1,11.126370647219693
ATP6V1E2,5.982057702825887
KRTCAP2,11.074979671832265
CDC27,10.507325341841385
HTR3D,0.024524794895168636
HTR3E,0.2017796718322698
HTR3B,0.07364986326344576
CUL2,9.76893865086601
HTR3A,1.412047948951687
FAM89A,6.2017294439380075
ZNF18,7.621915679124876
TMEM8C,0.073714129443938
FAM89B,10.008565360072929
TMEM151B,3.557888514129437
OR52B6,0.11600428441203278
TMEM151A,1.8712618049225154
C2CD2L,8.844612670920688
SMARCA5,11.22924010938926
HOXD12,0.06631166818596174
COBRA1,10.49689124886052
RBPMS,9.89590200546947
EI24,11.291533454876923
SGMS2,8.264112123974476
BAALC,5.224932452142212
MITF,7.905414676390149
PRC1,9.927752962625332
HOXD11,1.6850467639015474
UBE2B,10.144368641750223
RPTOR,9.689703281677282
EPS15,10.621706563354614
PPFIA4,5.4003709206928
SETMAR,8.922407839562446
PPFIA2,2.71642351868733
PPFIA3,7.607387693710123
PPHLN1,9.867570829535095
PPFIA1,10.616077666362814
RTDR1,1.309863810391979
MYOG,0.6618662716499542
TM4SF1,11.8346325432999
FBP1,10.18530082041932
MAB21L1,4.026939106654508
MAB21L2,0.700486964448496
MYOF,12.062100455788517
HSD17B8,7.720033819507748
HMGCL,9.623074658158632
TOX4,10.846625250683697
TRDMT1,6.427771376481304
ZNF648,2.782746946216957
PRMT3,8.415168277119406
DYNLRB2,4.0967685505925235
HSD17B1,6.165874202370094
HSD17B2,3.560538833181405
DYNLRB1,11.098053418413855
HSD17B4,11.143137192342742
CDH22,1.7198911577028264
HSD17B6,6.393089699179575
HSD17B7,8.469743117593437
ALDH3B2,10.06105560619873
ALDH3B1,7.856946581586143
TRIM27,10.578744120328155
CYR61,11.387784958979038
NUP155,9.421597629899724
RTN4,12.606895806745664
CDH24,7.177113673655425
KPNB1,12.35597128532362
HGS,10.814339744758433
RTN2,8.101607839562446
ABO,2.734472379216051
ABR,10.691622424794897
CDH26,2.9788824065633497
BAIAP2,10.237877301731995
HGF,5.206063536918874
HGD,5.558530446672747
LOC220729,7.027146490428435
OR1G1,0.07821285323609842
GIYD2,8.990285505925245
C7orf68,9.10599425706473
BACE1,9.736428896991795
BACE2,10.04981157702826
LIN54,8.477062989972667
IPO13,9.83232926162262
ATP4A,0.32662433910665445
ATP4B,0.33458951686417543
C7orf60,7.950893618960791
C7orf61,2.2117520510483115
C7orf63,6.311877848678214
C7orf64,7.98612133090245
C7orf65,0.5076159525979944
C7orf66,0.0063690063810391976
IER3,10.992233181403837
CILP,10.607302187784857
ZNF468,8.913235642661798
PNKD,10.194045305378303
SCARA5,3.9751291704649065
ZNF462,7.5089613491339975
CYB561D1,8.129608659981765
CYB561D2,9.002129626253419
PDZD8,8.571479307201457
PPP1R13B,9.431120328167733
MYBPHL,0.44466681859617124
PSKH1,9.423764083865079
ZNF397,8.265167092069282
ZNF154,5.005939653600728
LOC100188947,3.0846200546946263
TMEM41B,9.603727347310851
IL1RL1,2.882199179580674
IL1RL2,3.459636280765723
NMS,0.00043846855059252504
HUWE1,12.768296991795825
LOC100188949,2.6894930720145833
SFT2D3,8.366445852324517
LOC387647,8.620763719234276
LOC387646,5.389323974475842
ARAF,10.265161804922514
PKP2,8.57395606198724
PKP1,7.541286964448498
NUDT22,8.48870856882407
NUDT21,11.00065952597993
SERTAD4,7.9866611668186
ROS1,1.1222082041932544
TRIM32,8.943229261622603
PGAP2,9.28989972652688
PEBP1,12.719598085688247
TOPORS,9.205684412032825
LOC646999,3.716998632634461
TEPP,0.7271698268003651
SLCO5A1,2.7866959890610774
POPDC2,5.717171832269819
POPDC3,2.105225615314493
FAM173B,8.104835369188686
FAM173A,7.350145305378311
UST,6.89402014585232
STARD3NL,9.14931722880583
SPIN4,7.517870373746582
ZNF705D,0.06705998176845945
SPIN1,11.366413582497724
METTL7A,10.16615897903374
METTL7B,3.7799728350045543
PROP1,0.15070701914311735
MCART3P,0.4129848678213309
IFT52,9.506900273473098
TEP1,9.616919507748399
IFT57,9.290587329079305
SNORD73A,0.0
LYPD5,6.163572652689147
CEP192,9.209393072014588
LPP,8.640960711030084
LPO,1.4795371011850509
ILVBL,10.02744266180493
EYS,3.3884779398359135
LPL,8.645742114858711
ZFC3H1,9.517519963536914
TNFRSF25,5.648612306289876
APOL6,10.684365633546024
GDAP1L1,1.237144849589792
AARS2,8.796244576116683
LPA,0.1033200546946217
GOLGA2P3,0.004123701002734731
SAMD9L,9.600912032816755
APOL4,7.5514384685505975
CLECL1,3.14667484047402
APOL3,9.263095259799465
C1QC,10.649425797629908
C1QB,10.726577666362813
C1QA,10.571477848678226
CNOT6,10.345084594348226
MAMLD1,6.548853327256149
TAGAP,7.1366296262534314
OR6F1,0.1813595259799454
PKHD1,2.684724339106656
RNMT,9.954591431175938
OR6C4,0.0052690975387420244
DDAH1,10.35498869644486
DDAH2,10.743409936189613
ELMO3,8.936271194165904
HUS1B,1.7192615314494089
TMED8,8.843413400182317
ZNF44,7.982168915223338
LYPD6B,7.31666809480401
MBLAC2,7.467962807657241
MBLAC1,5.0817811303555125
MGAT4B,10.789269826800362
CRELD2,9.3916969006381
VSIG4,7.876611303555151
CRELD1,9.251814402917043
VSIG2,4.261041385597077
NOS2,3.34121230628988
OR5K2,0.4987330902461259
OR5K3,0.008867912488605287
EIF4A3,11.139655059252505
ITGB2,10.474841567912485
SLC29A3,8.783059617137647
SLC29A2,8.108805287146758
SLC29A1,11.125054694621687
TOP1MT,9.19897885141294
TMPRSS15,0.2870991795806748
ARL4D,6.82572060164084
VWC2L,0.0968962625341841
ASAP1IT1,0.0934933454876937
ARL4C,9.73668258887873
NMRAL1,9.92275560619872
ARL4A,8.336523792160424
ADORA2A,7.738839106654513
ADORA2B,5.187489152233363
SPINK14,0.013812944393801273
TIRAP,7.374585961713768
SPATA5L1,7.573971376481316
NKAP,8.642268641750226
EIF4A2,12.65179161349135
LOC645752,0.6004194165907021
TOMM5,9.824447675478584
MAVS,11.198720419325445
SPHAR,6.870709480401102
LAT,6.611157611668193
PLXDC2,9.420508113035565
PLXDC1,8.915981130355517
C6orf204,4.481344484958983
RP1-177G6.2,0.08811896080218776
C6orf201,2.701992525068373
CSK,10.349979307201473
C6orf203,7.862208842297169
CNOT10,9.421333181403828
C6orf208,1.618385414767548
MRAS,9.103412762078401
MRAP,1.7476644484959005
SAA3P,0.022872105742935273
PDZD2,8.33268942570647
GALNT8,0.7468085688240659
GALNT9,0.5985244302643576
GALNT4,8.618377575205097
GALNT5,6.552540109389251
GALNT6,11.245794439380127
GALNT7,10.884253418413877
GALNT1,11.384188514129452
GALNT2,11.073059708295359
GALNT3,9.003811759343659
DGAT2L6,0.3805173199635371
PAAF1,8.721415587967192
ZNF440,8.20984412032816
SUV420H1,10.250042844120339
FAM103A1,8.649435004557882
ST8SIA4,8.041092342752961
TRIM49L,0.08752835004557882
DMWD,8.893263628076577
ZDHHC6,9.662840929808572
CD74,14.924533363719238
SFRS16,8.714549498632625
CD70,2.990548404740201
CD72,5.974509571558801
CLOCK,8.462393983591621
PMP2,0.5598912488605293
HTN3,0.04195195989061076
NOXO1,3.5565390154968086
HTN1,0.1840107566089334
RFC1,10.407756153144952
RFC3,8.568030355515038
RFC2,9.526609389243395
CCDC64B,8.76925323609844
KIF15,7.4451809480401145
KIF17,4.396271832269828
SNORD115-32,0.0
KIF11,9.39490328167729
KIF12,8.176363172288058
CBX8,7.307275934366448
CBX7,9.132627073837746
CBX6,8.478756426618054
CBX5,11.669496171376501
CBX4,9.790347948951666
CBX3,12.197095897903374
CBX2,7.946514311759349
CBX1,11.084755241567915
SNORD115-39,0.0
NLRP5,1.677195077484046
NLRP4,0.5715014585232452
NLRP7,2.8563567000911614
FASTKD5,8.796205651777584
FASTKD2,9.738675934366453
FASTKD3,7.62896927985414
NLRP3,5.959767274384684
FASTKD1,8.222898359161347
PSEN2,9.350486052871478
PSEN1,10.977270920692797
BTLA,3.7158700091157684
NLRP9,1.6883637192342746
NLRP8,0.9075135824977206
CYB5D1,9.269103281677312
RAB18,11.170518413855971
WDR24,8.623981859617126
CCPG1,10.87103518687328
ST6GALNAC1,3.4836546034639935
WDR20,8.931937739288962
MMGT1,9.50035013673655
SNAR-D,0.0
LRAT,4.3391452142206
RAB13,11.13954940747491
RAB12,9.554202825888789
LYST,9.648260619872396
RAB14,11.544317684594342
RAB17,8.615755879671827
PPP1R12A,10.308898997265283
GNAQ,10.693022060164077
MAPK4,3.141305378304462
RQCD1,7.792914311759333
ASCL2,5.434371376481319
CKS2,9.185730720145836
NAGLU,9.481601093892424
ASCL1,2.4091912488605294
XRCC6,12.658068185961731
ASCL4,1.2923288969917963
GAPDH,15.533670009115768
LOC221710,8.482012215132167
SERPINH1,12.227662625341832
NCRNA00161,0.31827639015496817
ACADSB,10.53443928896991
IGF2BP1,2.0923695533272575
C15orf61,6.8448260711030064
IGF2BP3,3.615643391066546
IGF2BP2,5.344312215132188
LOC606724,4.641302187784868
SNORA30,0.0007209662716499543
TRIM2,8.980363081130367
CD101,5.208430264357334
KIF1A,4.4455161349134045
KIF1B,10.409940747493167
KIF1C,11.08027493163172
CD109,9.489371103008178
STX16,10.59915633546035
SPATC1,1.8043820419325425
SHOC2,10.434774475843202
TRAIP,6.7941742935278056
AATF,10.2707549680948
ATHL1,9.312954056517771
SNHG4,2.8569705560619854
TMSB15B,5.300129261622613
AATK,5.779901640838638
OR4C6,0.26757301731996336
OR4C3,0.027335278030993625
IFNGR1,10.62534567000912
ERCC8,7.194949407474921
TPI1,12.791705742935285
USP40,9.834567821330904
OR10Z1,0.0027151321786690976
ERCC1,9.843110027347297
ERCC2,8.604712215132178
ERCC3,10.009743755697352
ERCC4,8.37457629899726
ERCC5,10.13071549680949
ERCC6,8.296442935278025
CD244,3.4224090246125813
AIM1L,4.122953236098447
MRPS15,10.074519690063807
CD247,5.891495442114855
NLRP11,0.4726041020966271
MRPS12,9.156439471285319
MRPS11,9.126456426618077
MRPS10,10.000526891522346
SPIRE2,7.109549954421158
CD248,9.63777119416592
LOXL1,9.853533546034642
LOXL2,10.246479216043756
KIAA0922,9.058647766636282
LOXL4,6.106150774840472
UBTFL1,0.020320692798541474
UNC119,9.086890154968088
UBE2I,11.158263628076565
PFKP,9.637067092069277
GEMIN8P4,4.899661804922516
PFKM,9.567763536918866
PFKL,11.613969553327264
TNNI2,3.157511668185963
GPR1,4.519100455788518
FOXD3,2.4317346399270763
TNNI1,4.330131814038293
FAM125A,9.231323427529619
PRDXDD1P,4.48119972652689
FAM125B,8.305691066545123
LMAN2L,9.575049042844114
KCND1,5.83176399270737
MFSD8,8.224739197812221
KCND3,4.741917046490431
KCND2,6.24202215132178
CCHCR1,8.755396536007298
SNURF,5.513001823154057
DIRC1,1.5497210574293534
LSM5,9.335442935278026
DIRC3,3.2166018231540567
DIRC2,8.535417958067455
ABHD14A,7.833317137648133
LSM1,9.4150709206928
LSM2,9.486474020054695
ABHD14B,10.434645396536004
ZNF774,4.599227073837732
SEH1L,9.794791886964434
USP48,10.254160255241581
SMG7,11.490371103008204
DCBLD2,9.292862169553329
DCBLD1,8.114468824065627
LILRA5,3.9851200546946184
DDX26B,6.748771103008212
CLEC4G,1.0355089334548782
CLEC4F,2.86877192342753
CLEC4E,4.033637374658155
CLEC4D,1.1867053783044668
CLEC4C,0.9538141294439374
CLEC4A,5.519628258887877
FZD8,8.037404466727448
CACNG8,0.18027639015496816
SSR1,12.069535733819519
SSR2,12.7922771194166
LOC441869,6.46541768459435
SSR4,11.644752962625363
DEFB129,0.0054134001823154055
DEFB128,0.0012868732907930721
DEFB127,0.0003416590701914312
DEFB126,0.18369644484958983
DEFB125,0.01539070191431176
DEFB124,0.0628108477666363
DEFB123,0.010014767547857795
DEFB122,0.0
CACNG6,1.5994210574293504
CACNG7,0.1331849589790337
TMEM117,6.413522515952594
LSMD1,8.882203372835011
SMPDL3A,7.727383409298082
USP46,9.169909206927985
LOC728855,7.303404922515959
LOC100130093,6.601657429352782
CASP8AP2,8.83966581586144
ZIM2,1.3589407474931636
GPR6,0.5450162260711031
TPBG,10.309685961713765
APOC4,0.8187129443938014
APOC2,6.369151230628987
APOC3,0.1664420237010027
ABI3BP,7.85024320875114
TCAM1P,2.2163186873290797
RANBP10,9.24808477666363
XDH,5.79048906107566
RANBP17,6.252122698268005
USP10,10.599052871467643
MYO10,10.213997082953508
BHLHE40,12.925325068368256
BHLHE41,9.421421513217862
PRODH2,0.037570464904284416
PRLH,0.17519899726526877
MAP4K3,9.649010027347314
IDUA,7.676471741112124
POU6F2,0.3968483135824975
PYCARD,9.301597538742033
OR4D11,0.005533910665451231
MAGI3,9.721276845943489
MAGI2,7.345629808568823
MAGI1,9.182002552415675
PPP3R1,10.667434548769359
VWA3A,2.088560164083866
KLHDC10,9.460920237010031
NFE2,3.702882041932541
METTL8,8.618890428441208
UGT2B4,1.4389924339106648
ZFPM1,6.428237283500452
NGEF,6.211039471285321
SELL,7.64978824065634
LAS1L,10.078250592525078
METTL9,11.007362534184136
WBP11P1,3.5725321786691002
TRIM74,1.232740565177757
SLC25A22,9.279334639927066
SLC25A23,10.235815223336381
SLC25A20,8.38947073837739
SLC25A21,3.246752506836826
GAPT,5.9266521422060086
SLC25A27,5.141952689152235
SLC25A24,10.331163719234274
SLC25A25,9.09669516864175
SLC10A4,1.6983710118504998
LOC91948,0.22202670920692807
SLC25A28,9.050095624430268
SLC25A29,9.592366453965376
PRMT10,7.717835642661804
POP5,8.21437146763902
MAGIX,6.084444484958986
SMUG1,9.219645578851395
SPTY2D1,10.090444758432085
ULK3,9.515342023701004
SELM,10.081592433910679
KLRC1,2.360235004557889
GPBP1L1,11.38631604375569
OR8G2,0.010637101185050136
VPS36,9.835492798541486
FOXA1,11.633726891522343
SNAR-C4,0.0015
FOXA3,2.4889221513217854
FOXA2,0.41297064721969007
BST1,6.185893801276212
BST2,11.438553418413864
COPB1,11.943924247948962
ZNF823,7.648773199635355
COPB2,12.313871467639014
ZFP37,5.654745670009112
INSRR,1.9129924339106676
KDM4C,9.070036918869649
ISG20L2,10.0334676390155
KDELC1,7.193781586144037
KDELC2,9.620679489516853
CARM1,10.22264977210574
RASAL1,4.629150227894254
?|10431,9.993735642661791
SOX13,10.266987146763894
PAGE4,0.09102032816773017
PAGE5,0.39552032816773
PAGE2,0.3863911577028259
B9D2,6.418030537830455
B9D1,7.215123883318146
PAGE1,0.12283628076572467
FLVCR1,7.821303919781217
KRTAP7-1,0.03613500455788513
TRIM71,0.323639380127621
SFRS18,10.39338650865999
PCDHB3,5.325422789425711
PCDHB2,6.932600182315404
LOC100240735,2.4366309024612587
LOC100240734,1.0420547857793978
PCDHB7,5.452693163172295
PCDHB6,4.665207657247031
PCDHB5,5.182043391066537
PCDHB4,6.204904557885143
MKS1,8.343263354603453
USP15,9.761890610756614
PITPNM1,8.78325916134914
PGK2,0.4441428441203284
PGK1,13.011589425706479
ROPN1B,3.2759804010938907
FAM86C,7.653913035551504
BECN1,10.770309115770278
PITPNM3,6.384740565177757
XIRP1,4.011675296262534
HSPA4L,6.583979580674568
PITPNM2,7.3300459434822205
DKFZp434J0226,2.0125523245214243
SDHAP2,7.01712616226071
MGC23270,5.190116499544218
SDHAP1,7.027223336371928
SMTNL1,2.438321604375571
SMTNL2,2.123234275296264
SMAGP,7.747840200546935
RPUSD4,8.614099544211472
DLX6AS,0.693646946216955
IMPG1,2.7470218778486757
FAM22F,1.5631052871467648
FAM22G,1.6746658158614378
FAM22D,6.392019234275304
WARS2,8.553451595259803
INSM2,0.486838742023701
RPAP3,9.435874658158609
FAM22A,5.573945214220605
TOMM20,12.71974831358251
GLB1L,7.998758067456691
ULK4,6.394051686417507
KLRC4,1.2373054694621686
RPUSD1,9.068561349133997
LOC253724,3.6645577939835903
KCTD3,11.730998632634472
ATP6AP1L,5.667122698268005
LOC100134368,2.115675387420238
KCTD2,10.01883427529624
OXA1L,10.977708021877861
RPUSD3,8.865402278942577
OR10A3,0.17355824977210565
SNORA5A,0.13280948040109386
MAGEC1,1.0997752051048317
C6orf57,6.267968915223339
MAGEC3,0.6874408386508659
MAGEC2,0.9928226982680033
C6orf52,3.6425016408386517
SNORA38B,0.05150282588878761
PCDHGA3,3.559577028258884
KCTD7,8.273420966271654
KIAA0101,8.170396991795812
KIAA0100,12.239697265268918
DOCK10,8.753609115770281
DOCK11,8.124138559708296
C6orf58,0.28159772105742953
C6orf59,1.9450888787602587
SNX17,11.191571011850504
SLC12A5,1.924327347310848
SNX15,8.785795533272566
SNX14,10.317046125797651
SNX13,9.83213144940747
KCTD5,9.78824238833181
LPAL2,1.6594984503190533
SNX10,8.749828896991806
SPCS1,11.052017593436641
KCTD4,0.4571297174111207
TOMM22,10.221622151321775
SNX19,10.758329079307206
SNX18,9.579416499544216
ICAM5,2.4773034639927065
ICAM4,2.466264813126712
ICAM3,8.460691340018219
ICAM2,7.8293675478577915
ICAM1,10.122636007292611
SNORA2A,0.024942752962625336
DPM3,8.423228441203294
DPM2,9.919744849589785
DPM1,9.335837830446675
CTDSPL,10.156682680036475
FBXL14,9.5227547857794
LY6E,12.354449134001824
LY6D,2.685213764813125
PDYN,0.21739562443026428
ZNF35,7.3768906107566075
ZNF610,6.632200000000003
?|442388,0.012987876025524156
APOA1BP,11.219847037374663
RABGEF1,9.86561731996352
LRTOMT,8.290257064721965
ZNF613,7.326173017319968
LY6H,3.125167365542388
SMTN,9.604882862351879
OR51M1,0.017626618049225162
LOC152217,8.108005104831358
OCLN,8.682434822242483
ZNF615,7.939612579763001
OCLM,1.9810565177757504
EBNA1BP2,10.361206381039203
TMEM87A,11.32897921604375
TYW3,8.922265633546038
NEUROD2,0.4241839562443027
GPR37L1,3.196273290793078
OR5B21,0.042239562443026436
NEUROD1,0.1777571558796718
NEAT1,12.823150045578844
SGK2,3.3446821330902448
NEUROD4,0.20101084776663625
SNORA5B,0.0071065633546034635
ARPC5L,9.836639015496814
CHURC1,10.196908295350935
RALYL,0.5405123062898816
C1orf162,7.5577109389243295
C1orf163,7.823101002734746
OR4K17,0.0027678213309024614
C1orf161,1.6093494986326358
TMTC3,9.602252689152241
RAX,0.3576257976298995
OR4K13,0.0023276207839562444
C1orf168,4.461404010938918
STK32B,6.900325341841389
TXNL4B,7.625053144940743
CDH11,10.847492525068372
CDH10,0.5473770282588879
CDH13,8.03921431175935
CDH12,2.641523974475847
CDH15,1.986369188696445
CREG1,11.361570282588898
CREG2,1.2351395624430257
CDH16,0.25702889699179565
CDH19,1.46198030993619
CDH18,0.8517206016408378
SPATA20,10.008569188696454
SPATA21,0.1389525068368277
OR4A16,0.009356700091157702
CYCS,11.16741412944394
GPD1,6.295492525068366
DFNB59,4.2395135824977235
GPD2,10.716375569735646
STK32A,1.1172981768459445
LOC100170939,6.127855606198727
TCP10L2,0.024231267092069277
SDF2,9.875138650865985
PLBD2,9.517537010027347
PDCD2L,7.205491157702822
IMP4,9.337842114858692
PLK1,8.817547675478574
OR4A47,0.023274749316317227
NEFM,2.3849160437556987
NEFL,2.6400562443026407
FAM36A,10.079373017319954
SON,12.51416845943481
C2orf70,2.1966101185050144
C2orf71,0.889107292616227
C2orf72,6.610222242479483
C2orf73,1.7366133090246145
C2orf74,7.247178213309027
C2orf76,6.287421057429348
C2orf77,6.827767000911583
C2orf78,0.12985615314494067
C2orf79,8.239955879671825
NRG3,2.4267113035551495
NRG2,2.847317775752048
MBP,9.00937484047403
NRG4,1.4258245214220606
GAA,11.507609571558797
NPBWR2,0.018992160437556974
OR52E6,0.20163855970829545
LOC148696,2.227509115770287
OR52E2,0.016886599817684592
LOC100128191,6.08061221513219
RWDD3,7.79089726526892
XYLT2,9.677813764813123
EIF4EBP2,11.90283491340019
NGFR,7.11717292616226
MCHR2,0.11890856882406568
MS4A10,0.10533081130355512
RORC,9.043995077484048
MEPE,1.070662351868733
TRAK2,10.397367639015487
MCHR1,3.631398268003649
NUMB,10.410730173199628
PARP1,12.462476572470354
TPMT,9.526486052871455
SFMBT1,8.457760711030074
LOC283731,2.2241782133090253
SCAND1,9.311392525068367
MS4A13,0.0011257064721969005
SERPINA6,3.634230628988146
HRASLS,4.485025068368276
MS4A14,6.018947493163169
EXOC6B,7.022793801276207
CYC1,11.114394439380122
PON3,4.818524703737466
PON2,10.360807657247026
COMMD10,8.720940656335461
HAGH,9.384318869644492
TFCP2,9.248228258887893
RPH3A,1.5452944393801278
SPATA2L,7.723458523245211
CKAP2,9.449292433910648
HTR1E,0.7744810391978115
HTR1F,2.9267228805834122
HTR1A,0.09161358249772102
CKAP4,11.535799544211493
CKAP5,11.647737648131274
BCL2L1,11.335699726526874
BCL2L2,9.872529079307197
WFDC10A,0.20886390154968096
TCF20,10.218155059252496
GFRAL,0.1006776663628077
SYNGAP1,8.507918869644493
LOC100101938,0.12533445761166823
SCO2,8.954371467639008
GOLGA6L10,6.146595259799454
NRAP,0.8495707383773918
RBM15B,10.96520173199635
UGP2,11.14927365542388
SPINT2,13.380944758432086
SLC38A11,2.0958344576116668
SPINT1,11.969282133090248
SPINT4,0.0007421148587055606
NAPG,9.416352506836814
ITSN1,9.5340644484959
NDST1,11.727305378304456
NDST2,9.130367000911587
ITSN2,9.84478796718323
MMADHC,10.738043664539658
WNT8B,1.114112853236097
PRAF2,9.461470647219707
ZNF668,8.27457830446672
SH2D1B,2.390821148587053
KHK,6.886268641750232
CYP39A1,4.807871923427527
ZNF660,3.171488422971739
SCAND2,7.949404102096635
ZNF662,6.6807517775752085
FTLP10,0.00479936189608022
PLK4,7.5930893345487664
OOEP,0.6276470373746582
NME1,10.872125524156777
SCAMP4,10.857277939835917
SCAMP5,8.608910938924344
SCAMP2,11.228771741112128
SCAMP3,10.95370638103918
SCAMP1,10.546676390154982
PDCD2,9.534849863263446
CELA3B,0.04713081130355513
LOC441455,3.2054419325433026
CELA3A,0.01628796718322699
CXADRP3,3.0694743846855106
C7orf43,8.471399635369195
C7orf40,8.20096508659981
C7orf41,9.520253418413844
C7orf46,6.236961531449412
C7orf47,7.847152142206016
C7orf44,9.40901449407476
C7orf45,0.23362096627165005
OR1A2,0.01123217866909754
TSPAN8,3.1281951686417493
C7orf49,9.090176116681853
FAM193A,9.562976298997269
FAM193B,9.137860711030086
WIT1,2.098167547857798
ZNF444,9.213936189608027
TCF23,0.18574612579762995
ZNF446,8.12169927073839
RHOT2,10.38033728350045
ZNF441,7.490870920692793
ZNF442,5.1449811303555135
RPS6,14.580787146763901
RPS5,13.229596353691898
EPSTI1,7.825229352780301
LOC401127,2.535269188696446
GFRA4,0.03440546946216956
L3MBTL3,7.471595806745663
L3MBTL2,9.756134639927089
C8ORFK29,2.655947857793991
L3MBTL4,5.29646362807658
GFRA3,2.3745335460346433
GFRA2,3.504382497721053
ADAMTS15,7.04836490428442
TSEN15,9.566103646308111
CINP,8.752933819507739
RPS2,13.727540656335444
PRSS45,1.4181721969006382
PRSS42,0.08818350045578853
AFAP1L1,7.6656274384685545
AFAP1L2,8.549694621695535
PRSS41,0.39594484958979026
TSEN34,10.188865360072908
PCMT1,10.678182588878768
PRSS48,0.04302525068368277
C9orf7,9.8188001823154
C9orf6,8.751850319051979
C9orf5,10.579597265268921
C9orf4,0.46851504102096586
C9orf3,7.9685503190519515
NAV1,10.365905469462167
PSENEN,10.517384320875134
C9orf9,7.394475113947126
CDKN2BAS,3.223296809480397
FAM177A1,9.903227803099353
CPA2,0.6082040109389246
CPA3,7.29199963536919
FAM175B,9.019890793072008
CPA1,0.7459068368277115
CPA6,2.4648993618960793
PRR15L,9.429477757520514
CPA4,4.901992616226073
CPA5,1.1723072926162257
PVRL1,10.10818468550592
NBEA,7.884507292616229
LOC347376,0.3932951686417501
OSM,5.119218231540559
PVRL4,10.475256426618046
SNORD116-10,0.0
ATG9A,10.361263263445771
ATG9B,4.933693163172285
SNORD116-13,0.0
TPTE2P3,0.8197082953509571
OS9,12.721192707383763
VENTXP1,0.0363574293527803
PKDCC,6.804759161349136
SNORA38,0.03599325432999087
LNX2,9.219760893345477
FAM113B,7.727902278942565
LNX1,8.327020875113945
STAG2,11.278434457611658
SNORD116-15,0.0
IFT74,8.444331996353684
MYL10,0.03434311759343666
SNORD116-14,0.0
DSTN,13.108311303555178
NPHS2,0.17755432999088422
C14orf166,11.268365907019138
SNORD116-16,0.0
ASMTL,9.238559981768455
KRT6A,4.12176672743847
KIAA0467,9.694347402005468
SIGLECP3,3.1845226071102997
VCP,12.970843938012758
AP1G1,11.204597447584339
AP1G2,10.352140656335443
TACSTD2,12.356417046490412
TMEM50B,10.03617474931631
RPS19,13.517257611668196
NDUFAF2,7.220129352780313
LOC284900,7.175392251595254
UBE2U,0.1056757520510483
ZNF385B,5.201435004557892
DCAF4L1,2.9596840474020083
DCAF4L2,0.3298618049225158
ZNF385A,10.225335733819492
ZNF461,6.901808842297171
C6orf195,0.8557756608933448
OR5M8,0.004147766636280767
EHD4,10.340465815861439
EHD3,8.155443938012757
EHD2,10.696096627164998
EHD1,10.438528714676385
REEP5,12.349618778486771
GMFB,10.530622971741108
NDEL1,9.456427529626257
XKRY,0.0
XKRX,3.4550918869644462
OBFC1,9.086606198723791
GON4L,10.420484320875108
ABL1,11.009376937101191
LOC100271831,2.7297052871467606
LOC100271832,0.46388377392889696
ABL2,10.180843117593433
LOC100271836,8.214334092980858
VLDLR,8.038611212397454
TMED7,11.186045578851418
TMED6,1.8728526891522348
IL9R,2.695717684594347
TMED4,10.101622333637195
TMED3,11.667673837739285
REEP4,8.958189334548772
TMED1,8.988241294439373
TMEM201,8.476976572470381
GRAP,6.75491093892434
BAIAP2L2,3.4614123974475834
BAIAP2L1,9.654125341841391
HNRNPU,13.647326071103027
SNORD95,0.0
SHANK2,9.627232634457595
ZNF100,7.864041112123976
HNRNPK,13.728685232452145
FASN,13.679375934366456
HNRNPM,12.12171230628988
LOC340508,0.3711765724703736
HNRNPC,13.394301731996348
DIS3L,9.515583226982688
SNX9,10.879581677301726
HNRNPF,12.515730902461268
PRLHR,0.12765697356426622
HMGA2,2.610744940747495
SBNO1,9.02115132178667
EEF1B2,11.71033910665451
LOC91149,0.2793238833181404
SELV,0.33639033728350043
FAM63B,7.571395168641762
GOLM1,12.103254421148582
TMEM209,9.596162534184144
USPL1,8.728004466727436
KBTBD12,1.5034556973564264
MPHOSPH9,7.7091316317228795
SLC6A11,2.8977201458523205
RNF166,7.651205287146774
XKR5,1.784107930720144
XKR4,0.48122752962625376
XKR7,0.5114957155879672
XKR6,2.1254038286235213
XKR3,0.4165659981768462
XKR9,3.687425159525981
GLUD2,8.636450227894256
GLUD1,11.909156700091145
SLC6A15,2.07005059252507
ISG20,8.218577666362801
HSP90AA1,14.757257155879675
TADA1,8.675165268915222
TADA3,10.83457985414768
CD52,7.925753783044664
CD53,9.339271832269832
ZNF174,8.259169553327261
RNF168,7.512696809480402
NDUFS8,10.210917684594344
C9orf11,0.2327388331814039
CD55,10.525126071102994
SNORD90,0.0
CD58,7.561244758432089
CD59,13.342159981768475
HAX1,10.905241112123973
SLC32A1,0.2265755697356426
TMEM184B,10.87780237010027
UGT1A8,0.20044120328167728
UGT1A9,0.4232242479489516
NNAT,3.809498359161355
SLC25A3,12.553812853236117
KIAA1324,12.562736098450305
UGT1A6,1.2716845031905184
LOC150381,5.5156896080218765
UGT1A1,0.15265551504102096
UGT1A3,0.07331622607110298
POMC,2.928862260711034
C8orf76,8.85561075660893
RAB35,10.157288240656332
RAB34,10.096649407474915
HJURP,7.873904922515954
RAB32,8.664042752962605
RAB31,11.478764721969004
GAGE10,0.08973655423883323
C22orf42,0.014821057429352778
SNORD114-18,0.0
GAGE13,0.0851215132178669
RAB39,2.95862105742935
RAB38,6.695960711030081
DOK2,6.54500154968095
DOK3,7.2580080218778384
LCA5L,6.365226162260708
DOK1,8.292576663628077
DOK6,4.987593801276199
CD163L1,6.151884867821339
DOK4,8.236840656335461
DOK5,5.283863172288051
C6orf222,0.7098947128532364
C6orf223,2.4130804922515967
MCEE,7.362935642661805
C6orf221,0.1403082953509572
C6orf226,6.210082497721053
C6orf227,0.564738286235187
C8orf73,7.16502789425706
PLS1,7.977843026435733
CAMSAP1L1,10.351057247037359
PLS3,11.003588240656326
SNORD92,0.0
CLASP2,9.968630902461271
CLASP1,10.233475843208758
C22orf43,1.047642114858705
C1orf203,6.1382544211485826
PDIA6,12.576386508659985
C1orf201,7.653172288058339
C1orf200,1.1694573381950764
PDIA3,13.583278760255224
PDIA2,1.52632160437557
TRIM26,10.763996991795825
C1orf204,5.14641130355515
ZBTB48,8.261776572470376
ELF1,10.622460619872383
RAB3D,10.89351704649044
HMGB4,0.028085779398359167
RAB3B,2.8228464904284407
ARMC8,9.397634822242475
ARMC9,8.41328422971741
DACH1,7.94952297174111
ARMC7,8.539295624430252
ARMC4,2.5647332725615333
DACH2,1.1603123062898821
ARMC2,5.522222424794897
ARMC3,3.949607566089334
OR1F1,0.3673339106654512
ARMC1,9.721574749316312
YPEL3,9.804409571558786
UCK2,8.934999088422975
CD160,3.643577392889708
CD163,9.353497812215123
AARS,11.515970556061989
LOC200726,0.027477939835916138
CD164,13.15750464904283
ZDHHC8P1,4.666317411121232
TTC21A,6.506679945305378
TSGA13,0.1282061075660894
SPATA9,2.632544302643574
SPATA8,0.28124430264357353
ACTL6A,10.350957520510494
ACTL6B,0.24415742935278023
C5orf58,1.8892406563354602
EIF5,11.979273473108474
C5orf56,5.966872561531446
C5orf55,6.311296353691885
C5orf54,7.177301640838649
C5orf53,7.916729990884234
C5orf52,0.037676754785779414
C5orf51,9.90858623518688
SPATA4,2.1872156791248893
HIST1H4C,0.8507256153144946
HIST1H4B,0.5154994530537832
HIST1H4A,0.3883659981768459
KHSRP,11.058347948951683
HIST1H4G,0.018763081130355515
HIST1H4F,0.09742370100273474
HIST1H4E,2.2650523245214216
HIST1H4D,1.348577210574293
HIST1H4K,0.34899234275296276
HIST1H4J,4.897049042844121
HIST1H4I,1.2476031905195986
HIST1H4H,7.507967274384678
OR10T2,0.012722424794895168
ZDHHC17,9.102864813126697
LOC728024,4.3894298085688215
HIST1H4L,0.08443773928896989
ZDHHC16,9.642773837739266
CD226,4.237365451230632
LIFR,8.993858523245219
FTSJ1,9.569411759343637
ADIPOQ,6.6342876025524165
KIAA0907,9.996358705560624
SETD3,10.457273381950769
HKDC1,1.2470249772105748
RAP1GAP2,8.531126253418424
C11orf59,10.794190610756605
SLC25A6,12.815392980856892
PRKAG1,10.36864193254329
MAP2K4,9.63203026435735
CRBN,9.362940565177755
NET1,11.70940373746581
IRX5,9.877845761166816
IRX4,4.005725979945307
IRX6,3.593647857793984
IRX1,5.582497447584325
IRX3,10.277638742023703
IRX2,8.7450938924339
TBC1D25,8.677496444849606
TCAP,2.6136969006381054
PRKAG2,8.941390337283483
TMEM185B,9.106635278030993
JRKL,7.685777210574298
MUC2,1.9790464904284446
MUC1,12.61927502278942
TAC3,0.28196836827711913
CRB1,1.9321280765724704
MUC6,4.728340474020052
CRB3,8.14668185961714
CRB2,2.96033755697357
GC,0.07760346399270737
TEK,7.619388058340936
GK,7.311334184138556
PRR25,0.20380701914311755
HIPK3,9.691410938924356
PTRH1,7.311431722880574
CLEC2L,1.4570754785779394
CLEC2A,0.13760173199635375
SLC25A4,9.068299726526895
CLEC2B,7.555173655423891
CLEC2D,8.94871276207839
TSSK2,0.0
PRR22,5.017277301731997
C10orf28,8.381421786690968
LOC441666,5.127033546034638
P4HA1,10.517501458523242
PDE5A,8.400919963536925
CTBP1,11.15306198723792
CTBP2,11.068414949863245
RAD54L2,7.246481586144035
C10orf25,5.172437648131272
C10orf27,0.405545670009116
C10orf26,10.897355606198728
TSG101,10.588922151321787
ORAI2,9.948263536918883
LOC338758,4.640439015496807
VENTX,3.7670195989061104
HACL1,8.393117319963533
FAM158A,7.408148131267099
GTF3C3,9.337754056517761
GTF3C2,10.575987420237
GTF3C1,11.57264184138561
SNORA70C,0.0
GTF3C6,9.691729170464894
GTF3C5,10.130228076572463
GTF3C4,9.017957064721973
APOA4,0.020815223336371917
APOA5,0.5101796718322699
IQSEC3,3.5837910665451194
CD99L2,9.814341203281678
GPRASP2,7.653472652689146
APOA1,1.8617258887876018
APOA2,0.2012863263445761
GPRASP1,6.694342844120325
XPO1,11.982115587967172
XPO5,10.465155697356419
XPO4,9.311022698267989
XPO7,10.666323974475844
SCARNA12,1.8483885141294465
LPIN3,8.368569735642655
SCARNA11,0.011643938012762079
TTK,7.7866659070191515
WDR26,11.79439453053782
SCARNA10,1.342061896080219
MYPN,1.0199722880583402
LEMD1,1.6148771194165936
TMTC2,8.15487948951686
TTL,9.519059708295352
SPRR2E,0.39593135824977216
GAR1,8.653773381950765
FAM123C,0.7110042844120326
FAM123B,7.6489111212397365
FAM123A,0.473172743846855
MRPS18C,8.176493618960798
SOLH,9.425751139471263
DNASE1L1,8.908677939835918
DNASE1L2,4.045731722880584
DNASE1L3,3.3490889699179593
RAD51L3,7.505140565177762
TFB2M,9.042348495897897
LOC80154,8.617371285323614
EPS15L1,10.021949407474937
GART,10.571797994530533
MLLT11,7.437607930720135
HPDL,4.271391795806752
GARS,11.222200820419326
ZEB2,9.10605442114858
NOC4L,8.49508058340931
LOC157381,1.435851868732908
ATAD5,6.740859343664535
SFT2D2,6.520066089334554
SFT2D1,8.828523883318141
ATAD1,9.952379762989969
IBTK,10.504105013673644
TOP1,11.461627529626256
ATAD2,10.477533637192348
C22orf28,10.779774020054713
C22orf29,9.47329690063811
FRAT2,8.629197903372848
SNORD114-15,0.0
GIT1,10.65274293527803
GIT2,10.073140838650888
TMEM198,6.177739106654516
TMEM199,9.05033017319964
C22orf23,5.051710665451233
C22orf24,0.9151985414767538
DCST2,4.143226162260709
C22orf26,3.3900951686417513
C22orf27,7.0296086599817755
GHRH,1.0073904284412039
CD40LG,3.934672105742941
SESN1,9.069908295350965
SESN2,8.547286873290796
GHRL,2.393249225159526
ZFYVE16,10.123347675478584
KRTAP10-8,0.0023815861440291703
SHROOM3,11.29584676390155
SHROOM2,8.543301002734736
SHROOM1,8.416362898814947
MIOX,0.9232679124886056
MTIF3,9.46476937101186
MTIF2,9.673909115770282
SHROOM4,7.764674020054697
MIOS,9.405843208751147
RASGEF1C,1.5935803099361894
MRPL54,8.840763628076578
PELI1,9.062015861440301
VARS,10.836541020966283
PELI3,8.015021148587042
GPT2,9.403532907930721
TUBB2A,9.628031084776673
SPARC,15.400158979033751
VPS29,10.080837465815858
ATE1,7.643802552415671
ESPL1,8.098778577939841
HTR7P1,7.1347690063810365
TUBB2B,4.916958796718322
AIG1,9.395238924339107
NAPB,8.052785688240661
DBNDD2,10.035205651777572
SCN11A,2.665190519598908
DBNDD1,9.493225979945294
GET4,9.555126162260724
MYEOV,4.450183044667268
TTC27,8.962289061075657
RIC8B,8.578045852324527
ENOPH1,9.988804922515937
CALB2,6.2093010027347315
CALB1,0.7962308113035556
AKNAD1,1.4700345487693707
FLJ30679,0.6410788514129441
PRSSL1,0.3567529626253422
NFRKB,9.31725451230628
SRPK3,4.875668185961715
SRPK2,10.374816317228799
BDKRB1,3.580154238833181
TIAM1,8.628492980856882
BDKRB2,7.922730628988155
KRTAP10-5,0.016131084776663626
RSL1D1,12.102533728350048
FAM20A,7.337275843208754
FAM20B,11.107339015496818
FAM20C,9.590789516864172
ADARB2,1.5317256153144942
ADARB1,8.985863536918869
HAT1,10.212426709206913
CXXC1,9.462439835916141
WNT2B,3.6826585232452147
YAF2,8.077254603464
CXXC5,9.450090337283505
CXXC4,3.352550319051956
SMEK1,10.725024521422043
KIAA0430,11.006665451230633
CTHRC1,10.616001731996363
CARKD,10.068986782133093
SPG11,10.737326253418422
AGGF1,9.823990975387419
FLJ35776,6.7128587055606195
SPRR2B,0.10294667274384685
TUBB,14.276363263445774
NXF1,10.653639927073833
MAGEA8,1.1260032816773022
KIAA0125,3.5748277119416585
C6orf35,8.298174931631726
MAGEA3,1.426004649042845
MAGEA2,0.9390896991795809
MAGEA1,1.4329024612579746
MAGEA6,1.562287602552415
MAGEA5,0.2817
MAGEA4,1.0485037374658166
NFX1,10.186867639015478
TEX13B,0.16171203281677304
RDH8,0.2634720145852326
ZBTB47,8.630611850501351
EEA1,9.44503992707385
SLC5A3,9.545568368277117
RDH5,4.781379307201462
OPHN1,8.159321239744752
MSL1,11.232435278030996
ZNF682,6.739194165907024
ZCCHC10,8.333192798541475
SLIT3,9.095653418413864
GCDH,8.816663901549683
RRAS,9.260579945305361
ZNF683,4.726096536007285
HOMER1,6.958397447584323
FIP1L1,9.657457338195064
HOMER3,9.08866818596171
HOMER2,8.56582178669098
OR13F1,0.015021513217866914
SEL1L3,8.896968185961718
UCN2,2.2669033728350056
ZNF681,7.6261315405651855
SEL1L2,0.343675752051048
WDHD1,8.050584594348221
SNORD19B,0.0
NOLC1,11.451684412032815
MSL2,9.838152780309935
STAG3L2,5.794532178669088
FXN,7.661016317228805
SLC40A1,11.639502552415674
SARDH,6.340464721969005
RPL29,13.063936371923436
NBN,10.970345943482222
RYK,10.317242388331824
UCN3,0.14409626253418406
NIPAL1,3.6227503190519617
NIPAL2,7.330196080218782
NIPAL3,9.727427620783946
NIPAL4,3.0050029170464865
SLC34A1,0.2847443026435731
THAP6,8.29125104831358
THAP7,8.340950592525076
THAP8,7.086622424794895
THAP9,7.016252415679128
YRDC,8.556163172288072
PCYOX1,11.349795989061072
IL1F9,0.5006249772105744
IL1F8,0.09982461257976295
NAP1L1,12.77203874202371
MLF1IP,8.897847766636284
CHID1,10.480692525068374
IL1F7,0.25433473108477656
EWSR1,11.967388878760254
IL1F5,1.0678557885141298
PLUNC,0.42135879671832266
EFNB2,9.399666453965361
QTRTD1,9.29097839562443
NAP1L3,5.813155879671827
TRIM15,0.5510639015496813
TRIM14,10.264760528714662
LOC442421,4.091278486782136
AHCTF1,10.83132634457613
TAC4,0.4748859617137648
ZDHHC19,0.6167882406563359
CCRL1,5.472155697356441
FAM58B,0.5233543299908843
FAM58A,8.325719051959899
CCRL2,5.908095897903375
CYP4F8,3.355453691886964
MUC17,0.09913427529626256
HDAC2,11.134005195989058
FAM160A1,6.765913947128533
CHI3L2,7.600189061075671
CHI3L1,9.14199225159527
MUC16,5.548536736554243
DFNB31,8.34280948040109
THEMIS,4.365049134001826
CYP4F2,0.720112488605288
ARL2BP,10.344912853236083
ODZ4,7.80314065633546
PI4KB,11.137148222424795
ASB2,4.470343846855057
ASB3,8.153956335460345
ASB1,8.409739653600724
ASB6,9.523195533272567
ASB7,8.83741969006381
ASB4,0.6171980856882411
ASB5,0.3498407474931631
ASB8,9.509080127620777
ASB9,4.851990063810387
SAG,0.5998313582497723
ATP5SL,9.584087329079304
FKBP1AP1,3.410517228805835
ZAR1,0.07697657247037375
C2orf58,2.3644786690975397
RGS7,1.6102518687329068
HDAC8,8.281335733819498
C2orf52,2.678676845943485
C2orf53,0.02541713764813126
C2orf50,3.3568758432087544
C2orf51,0.13410291704649044
C2orf56,7.769344211485873
C2orf57,0.15574366453965358
C2orf54,5.760909753874199
C2orf55,8.385790246125799
PLIN4,8.127311485870553
SLC16A13,6.061786417502277
DPY30,9.557966271649944
TMEM59L,3.9242404740200576
SLC16A12,2.5913996353691897
FNBP1L,11.176618140382867
CHM,8.950971649954417
CHP,11.34585469462169
SPINK7,0.06826417502278946
RINT1,8.887895259799441
TBL2,10.187265451230624
TBL3,9.990069006381045
SPINK6,0.27597547857793975
SH3BGRL,12.214713947128562
KHNYN,10.830950683682797
TMEM161B,7.871559708295348
PDE8A,8.803649589790336
PDE8B,5.6549528714676445
DBI,11.487776663628066
DBH,1.9639734731084797
SPINK4,1.0390548769371006
RPL6,12.966851777575222
MANBA,9.914101914311772
RGS8,0.287986417502279
UPK3B,2.9248845943482236
TC2N,11.220443026435738
POM121L9P,3.299519598906111
PGAM4,5.702290884229723
FLJ33360,1.5209525068368273
SPINK2,1.302981221513218
OR52K1,0.028951595259799456
WNK1,12.35064913400183
PGAM5,8.876527073837751
TMEM49,11.408390884229721
SPINK1,1.1300373746581571
TCTN1,9.366191795806749
TMC7,6.191189061075662
DBP,8.081830628988147
TMEM47,8.687670647219697
POLQ,6.895401276207844
DBT,9.457694257064734
TMEM43,11.084410665451243
TMEM42,7.367543026435735
HMHB1,0.25023527803099366
OR52K2,0.08719453053783045
FANCD2,8.683420783956239
ZBTB33,9.933205378304475
SERINC5,7.071694530537842
SERINC4,2.492243026435731
ZNF423,7.083820510483139
LOC284837,4.875924794895164
SERINC1,12.363292342752976
DHX40P1,0.6544976298997272
ASTE1,7.659100273473111
GABRA5,0.9408828623518667
MED1,10.739104740200538
MED6,8.449581312670919
LOC729121,0.004697174111212397
MED4,9.730013582497708
MESP1,5.044206745670015
PINK1,10.357900455788506
SMARCB1,10.51127876025525
MED8,9.49908468550592
LMLN,8.465138012762093
MNX1,3.1494207839562467
SCAP,10.704507292616219
ZDHHC18,9.511071467639029
ZNF600,7.560850592525063
MXD4,10.462368094804022
ZNF606,8.517303463992704
ZBTB32,2.8738533272561524
MLH1,9.611902370100266
TREX2,2.3064512306289866
MXD3,7.5507054694621605
PKDREJ,2.830806289881495
TREX1,8.457723609845027
POP1,7.829886235186875
LOC158376,3.953300000000004
CAMTA2,9.928019143117583
GABRA3,1.1413710118505007
CAMTA1,8.815052780309959
CCDC90A,8.584306927985407
POP7,9.09360191431176
SDF2L1,8.445848587055599
CCDC90B,9.164883409298083
LOC144571,4.695285597082952
GCA,8.532880127620794
AFM,0.0555925250683683
TCF7,7.991387784867828
GPR119,0.023618869644484952
GCG,0.05676763901549681
BVES,5.743652871467637
OR11H12,0.0880165907019143
GCK,1.7291965360072952
POP4,9.322389608021894
NPFFR2,1.9533829535095732
NPFFR1,0.350131905195989
LRRC37B2,8.707291795806753
ZBTB49,6.542490793072017
GPR116,9.264854421148593
PLIN1,6.946163810391985
EPS8L1,9.108910027347308
EPS8L2,10.370005651777573
EPS8L3,0.4770949863263448
AFP,2.1206893345487696
ZCCHC16,0.07999598906107566
LOC643923,0.05624612579762991
ABTB1,8.621928350045593
ABTB2,6.871721877848676
GPR114,4.513000638103913
PROZ,1.6383987237921613
AZGP1,13.534819690063795
PPP5C,10.116227985414774
MBIP,7.954244667274376
BTD,8.8727904284412
RBMXL1,9.10544694621696
GPR111,0.5427597994530536
BTC,3.504157247037371
NXPH3,6.9153246125797585
NXPH2,1.341961531449408
NXPH1,2.786818049225161
PROC,3.3950815861440287
ISLR2,4.8483155879671855
BTK,7.19445742935278
KIAA0494,11.677653600729254
MDN1,9.739661349134002
LGR5,3.563424612579765
RPRD2,10.876420419325434
RASGRP3,7.910722698268005
AMPD3,7.959010483135833
AMPD2,9.447650319051961
AMPD1,2.046872652689152
ZUFSP,7.5385482224247955
CYLC1,0.011884594348222427
CYLC2,0.0094052871467639
MMP17,6.392241476754784
ZNF91,9.327362625341836
ELAVL1,11.007923609845063
AREG,7.306141750227892
KIAA1143,9.453916864175024
RASGRP4,4.739987146763902
RPS6KB1,9.908622151321802
PRPF40B,8.44060884229718
PRPF40A,11.26128842297176
RPS6KB2,9.518593072014582
ENKUR,2.52499662716499
MCART6,3.611987693710121
CST9,3.5422984503190533
MRGPRX1,0.0073659070191431164
MCART2,2.8619905195989075
MCART1,7.774171558796712
LSM14B,10.343126618049236
SNORD70,0.0
TBPL1,7.738926253418422
PRELP,9.378555606198725
KIAA1147,10.35836007292616
LSM14A,11.64450446672743
GPCPD1,9.521323792160455
LOC653653,6.102982406563347
DPAGT1,9.927638468550589
SALL1,4.592278669097545
SEPHS2,11.463849042844094
SEPHS1,10.29132616226072
TET2,9.335922242479484
RBMXL2,0.2146290793072014
UBE2D3,12.300372561531425
OR2F2,0.010382588878760255
ZNF93,7.034955241567915
RPS4X,14.926571649954424
UBE2D1,8.63644512306291
MOBKL3,9.938785961713773
FSD1L,6.212953965360076
ATXN2L,11.366350592525071
BUD13,8.583437465815859
ZNF627,9.029192433910653
MLL2,11.038660072926147
TMED10P1,5.814852324521429
DLST,10.846180674566998
YOD1,8.10278568824065
KIAA1370,10.342854968094809
SYT14L,0.17570118505013668
SNORD76,0.0
ISY1,9.325289790337289
F2RL3,6.028462625341839
F2RL2,8.478822151321783
F2RL1,7.446295442114865
CT47B1,0.022593163172288058
XAB2,10.200756244302635
SETBP1,8.718869279854156
SNORA56,0.017517866909753873
ST6GAL2,7.249335004557879
MLL5,10.736118322698262
SAPS2,9.999741659070189
SAPS3,11.18880109389242
PCBD2,8.461332269826796
PRDX6,12.131310756608935
?|317712,0.008656426618049225
IL1F10,0.04574548769371013
PRDX3,11.676675113947118
PRDX2,12.017739197812226
PRDX1,13.087871194165908
SNORA11D,0.0073508659981768466
AP3S2,10.584388878760269
SNORD77,0.0
AP3S1,9.967194895168632
HBII-52-24,0.0
PITX2,3.6064001823154044
PITX3,0.770762716499544
MED21,9.06541622607112
PITX1,8.366485414767551
OTUB1,10.852443664539669
FERD3L,0.05827292616226069
TRIM55,1.5245236098450308
OTUB2,6.663495533272559
TMCO1,11.687020054694623
NPTN,11.20031795806746
AXIN2,7.512292889699181
AXIN1,9.859319234275286
MMRN2,9.207431905195984
LOC146336,0.6241758432087506
CAMP,3.260232360984505
LOC100126784,3.9359394712853177
LOC146880,8.200633090246127
CCL5,9.003650227894255
ERO1LB,8.101322971741121
SAP130,9.525275022789423
RDH10,9.047158979033725
TRIM54,1.1183051048313586
RDH11,10.71016754785779
APOF,2.385379124886055
LCORL,6.090140018231538
VASN,8.593342935278027
LOC648740,2.7953737465815856
XPNPEP3,7.834524065633548
SRRD,8.018677939835918
HMGB3L1,0.08783026435733825
CROCC,8.467302643573388
TRAPPC6A,8.83432142206018
NBPF16,5.950435278030991
NBPF15,7.805481494986336
APOE,11.86041868732909
MED23,9.795250045578868
NBPF10,9.688858249772094
SR140,11.012985870556065
VASP,10.962891795806723
GMPPB,8.653124156791254
PAPOLA,11.947579307201467
PAPOLB,0.3866298997265273
LYPLAL1,8.838247493163179
IGLON5,2.2578308113035552
RPS6KA5,7.575455970829537
HCG4P6,2.2714075660893336
SUMO1P3,7.431446308113038
C12orf11,9.188216955332738
KATNB1,8.431070920692795
SCGB3A1,3.9694743846855016
SCGB3A2,0.550810574293528
FAM178B,3.863017775752048
TSEN54,9.15941905195989
DCAF7,11.548068641750218
DCAF6,11.18846472196901
DCAF5,10.498971194165897
DCAF4,8.414612944393808
LAMP3,6.957389881494981
DCAF8,11.338463263445746
LAMP2,12.364502096627161
CD38,4.584506381039194
C9orf30,7.917083318140386
TSSK1B,1.1346089334548761
ZFX,9.730938924339107
PEG3AS,0.7356463081130364
C9orf37,7.017684229717411
ZFR,11.084293527803103
IFI27,10.968706016408383
CD33,5.84243290793072
CD34,10.124784776663613
CD36,9.27612971741112
CD37,8.272136371923429
POLR3F,8.175013491340009
JOSD1,10.449717137648129
POLR3D,8.434237648131269
POLR3E,9.776588240656325
POLR3B,8.18685123062898
POLR3C,9.388760711030079
POLR3A,9.165485323609845
APCDD1,8.239254329990889
TXNDC3,2.112751686417503
TXNDC2,1.2411599817684587
TXNDC5,12.536144211485874
POLR3K,9.036421877848671
LHFPL4,1.15148158614403
MTBP,7.040623154056515
NAT14,8.277680765724714
PDZD7,3.5122869644484944
LOC442308,0.7392207839562446
PKP4,11.26423600729261
FAM46D,0.6612177757520519
USP43,7.083193072014578
DNMT1,10.925581768459447
FAM46A,9.128861531449399
FAM46B,7.93142962625341
FAM46C,9.468237830446672
PSD3,9.505169462169562
PSD2,2.616357885141294
TPST1,7.755019598906118
WDR69,0.15714439380127623
TRIM50,0.9119790337283494
CYP51A1,10.760354056517775
TUT1,9.153242570647214
CDNF,4.525645761166819
ASRGL1,6.960650774840472
WDR61,9.889265815861448
WDR66,5.648684867821328
WDR67,7.604902096627166
WDR64,0.695303555150411
WDR65,3.1954010027347284
C1orf220,3.8763649954421084
C1orf223,0.909983773928897
HOXD8,6.971643664539663
HOXD9,6.261474202370098
C1orf227,0.5887138559708289
C1orf226,9.157200546946218
C1orf229,3.350469462169557
C1orf228,3.5902596171376486
SLC25A1,10.176090610756601
PRMT1,10.97621203281675
PRMT6,8.692117958067454
HOXD1,3.9869618049225144
R3HDM2,10.39271969006381
HOXD3,3.789285779398357
TECPR2,9.313036554238831
RETSAT,10.973260164083861
TAAR6,0.02227620783956244
TMEM176A,8.98422260711029
HMGCR,10.206674475843199
TMEM176B,10.093996171376471
LOC728758,5.354855059252505
WDR60,8.72434949863264
MTPAP,9.142435095715603
ZNF702P,6.757315223336371
WNK4,7.608094895168635
ORMDL2,9.476984958979035
ORMDL3,11.239953327256162
ORMDL1,9.348723792160444
KIF5A,2.8049854147675486
KIF5B,12.236928988149488
KIF5C,8.097132907930737
MED26,8.20703409298087
MASP1,2.4118680948040088
MASP2,3.7393398359161316
TRIM52,7.265910209662712
GLT1D1,2.244810847766636
SIRT1,9.345235460346398
CD3D,5.985177484047395
CD3E,7.478231358249776
CD3G,4.3542021877848756
PMS2CL,6.621621422060166
ACADS,8.09625515041021
FBP2,0.5688768459434823
NCRNA00169,1.6093303555150404
FOXJ1,4.398454512306295
NCRNA00167,1.346450319051962
OR10V1,0.09240902461257977
HSPG2,12.689498541476752
FOXJ2,9.737198541476765
KAT2A,9.867107201458518
NCRNA00160,2.5047950774840455
LARGE,9.234558158614407
CD209,5.524681312670918
SESTD1,10.413022698267998
FOXJ3,10.513954056517786
LAIR1,8.704969462169549
FAM55B,0.5856346399270739
IFNGR2,11.047976845943488
LAIR2,1.4102424794895163
CD200,7.71619772105743
FRAS1,6.319744484958977
SEC16B,6.7614577028258855
CMIP,10.143093163172285
ACADL,2.3661576116681857
ACADM,9.856254694621693
GVIN1,5.983996444849594
CD207,4.47597830446673
IARS2,11.927668915223364
USP49,4.196056973564269
ECSCR,6.035151686417496
OR13C5,0.04580300820419327
USP45,7.482786782133086
PLIN2,9.887704102096638
USP47,10.898984229717414
PYCRL,9.157065633546035
TBCD,10.90378140382862
PPARGC1A,4.3721649954421045
PPARGC1B,3.9528639015496823
USP42,8.73707420237012
KCNK16,0.24433682771194162
HCP5,9.275793163172287
PHACTR3,2.122939197812216
SIRT7,8.46460227894257
CANX,14.099281312670914
MADCAM1,1.3083268003646316
CX3CL1,9.648429261622626
LENG1,7.270692798541479
MAFG,9.050610118505007
KCNK15,6.492585597082956
UMPS,9.54053837739289
SMAP1,9.549257520510492
SNAR-A13,0.00036763901549680946
RAD50,10.525222060164092
CDK11A,8.53913008204194
CDK11B,9.538768185961718
OVCH2,0.7710849589790337
FLJ42289,4.264833728350051
BRD7P3,0.40329790337283494
TREML2P1,0.0
NCAPD2,10.755968915223324
SCRN3,8.38649389243391
SCRN2,8.73014813126709
SCRN1,10.56515806745671
CDC20B,2.702111759343664
POLA1,9.075515223336362
PPP1R11,10.765991248860507
TNP2,0.011232269826800366
WNT11,5.329841020966275
ATOX1,9.974318960802192
SNORD60,0.0
ACAD8,8.738047037374656
ACAD9,9.846642388331801
NANOS3,2.4258720145852326
NANOS2,0.11907219690063812
UEVLD,8.286880674566998
CYP2E1,4.13264913400182
NEU1,10.961089972652696
TPRG1L,10.326604557885148
LOC154822,3.0112557885141302
MMACHC,7.35523226982679
NEU2,0.017514129443938015
NPBWR1,0.25424794895168634
C10orf47,7.539367912488611
C10orf46,10.801332816773021
NEU3,6.447547584320887
C10orf41,4.320638742023709
C10orf40,0.058343755697356454
USP8,10.225892069279867
FAM199X,9.280870920692797
ULBP1,3.9200185961713774
STK32C,7.295846216955328
PPP1R16A,9.572679762989967
WSB1,10.23413746581585
RPS7,12.309511394712853
ADAMTS10,6.589077119416589
ADAMTS13,5.980623518687333
ADAMTS12,7.647254147675478
DHDH,3.195374111212397
ADAMTS14,6.55190920692799
ADAMTS17,5.651171467639017
ADAMTS16,6.244991886964452
ADAMTS19,3.2530884229717425
ADAMTS18,4.009275205104829
VDAC1,12.118780856882411
MEX3B,6.408771011850506
RPS9,13.35978787602553
RPS8,14.051761349133981
TXNDC8,0.0
DEF6,8.616202005469459
DHX58,8.71886681859617
TRABD,9.439931084776656
DHX57,9.213833272561535
DEF8,9.218400000000008
ZW10,8.851364357338188
SNRPD3,10.844005104831346
TSPAN2,6.826043755697353
ARPP19,11.8367162260711
PPBP,0.44629544211485933
SLC6A18,0.009993163172288058
TMEM204,7.995942023701004
TMEM205,10.505781221513244
TMEM206,8.01656052871468
TMEM207,0.02117010027347312
SLC6A13,0.6982961713764809
SLC6A12,4.5053880583409285
RFX6,1.1716205104831363
VPRBP,9.807033090246136
SLC6A17,4.187571011850499
SLC6A16,3.5464728350045625
LOC389458,2.0187622607110303
SLC6A14,4.537165086599809
GALT,7.704565451230631
HMGCS1,10.53766918869643
HMGCS2,5.9669807657247
USP3,9.16994175022789
GALP,0.039511212397447586
PHF5A,8.866135824977217
KIAA1328,6.874300911577029
DDIT4L,4.765235824977207
SORD,10.099919143117589
GALE,9.34325132178669
NLRX1,8.35003172288058
IGSF22,3.6829735642661863
IGSF21,6.315412215132173
GALC,9.489130264357335
GALM,8.366648222424793
CYP4F22,5.201756517775751
NUP50,10.381107292616212
NCRNA00119,0.5250982680036469
C14orf93,7.692507019143115
TTTY3B,0.0
ZSCAN20,6.205044758432094
LOC729668,0.5460726526891523
ZSCAN21,7.901471103008203
TAPBP,12.373935278030991
ADRB1,2.911536827711939
ADRB2,5.166394895168652
ADRB3,0.7417966271649951
SCARNA17,2.0551707383773925
SCARNA16,0.8985812215132176
SCARNA15,0.024058432087511385
SCARNA14,0.0037595259799453047
KIAA0556,9.632329990884239
SCARNA18,0.009084229717411121
CSNK2B,11.461385414767554
MCM3AP,11.109665815861423
RASGRP1,7.665184503190519
FCGR3A,10.475570647219678
FCGR3B,3.3441170464904237
RARG,10.124472652689148
LOC100270746,5.060083773928895
LOC654433,6.076300638103921
NCRNA00081,7.3998453053783
OR2AK2,0.04008541476754787
LOC220930,6.270292798541477
ALDH1A1,8.308805925250693
ALDH1A2,4.603907110300817
ALDH1A3,8.510281403828621
PRICKLE1,8.869767639015485
PRICKLE2,9.028727073837754
PRICKLE3,7.315486508659976
PRICKLE4,5.710014585232453
RPL28,13.41552844120327
DEFB4A,0.09587912488605287
CCNJL,6.036028714676389
NANS,10.482272014585224
RPL24,13.0088160437557
RPL27,12.884560072926162
RPL26,13.07242333637191
RPL21,2.3245835916134956
SLC35B3,9.152677484047388
RPL23,13.36112680036463
RPL22,12.739053600729266
ATG3,9.715333363719234
GLT25D1,11.352778942570662
LOC285593,3.168760164083863
SLC16A11,3.13407037374658
ATG7,9.607885323609844
HNRNPAB,11.786250227894255
ATG5,9.625165177757522
LOC100132247,7.212481312670926
EYA4,2.719239015496807
SPINK5,2.4515122151321727
SOX5,3.955317684594351
EYA1,3.078107110300822
MRPS5,9.474246855059246
EYA3,6.959033546034634
EYA2,7.8022609845031905
MPND,8.537387055606201
LOC400759,3.7232613491340016
HPX,6.834252233363721
CALHM1,1.7416044667274375
USE1,8.045020419325438
CALHM3,0.8532467639015497
CALHM2,9.169170464904287
HPR,0.48467602552415673
LOC727924,0.11245041020966275
LOC152024,0.2115865086599816
LOC400027,7.882461440291711
MRPS2,9.70032534184139
KRTAP13-4,0.015289425706472197
KIAA0495,8.839650227894252
HPN,8.889769462169568
KRTAP13-2,0.04228213309024614
KRTAP13-3,0.0
CD24,13.956271832269852
HPD,1.1010016408386507
WFDC11,0.03534357338195077
LOC644145,0.00768158614402917
WFDC13,0.4833803099361898
WFDC12,0.40259161349134
GABARAPL3,0.8600098450319058
ZNF358,10.033881312670925
SNORA11C,0.0
SNORA11B,0.0037209662716499543
OAZ2,10.762735095715591
OAZ3,6.067232907930725
OAZ1,13.043340382862338
TMED9,11.955703555150398
OR4Q3,0.012262898814949866
LOC285045,0.23903527803099348
FAM26F,6.4346584320875095
FAM26D,0.1461326344576117
FAM26E,6.89606381039197
ZNF429,7.4667106654512345
RSPH6A,0.30691248860528736
HAVCR1,0.5506114858705558
HAVCR2,8.375715587967173
FXYD6,8.627805195989072
FXYD7,1.6167265268915225
FXYD4,0.19908468550592517
FXYD5,10.649770373746579
FXYD2,1.6509826800364638
FXYD3,11.367008842297176
MT1IP,0.028832816773017314
FXYD1,3.8477409298085674
PPTC7,8.30031905195988
KIAA0146,10.066841112123978
MAFK,9.080831175934348
DMGDH,3.9039661804922496
CREBL2,10.533498359161356
MAFA,0.38582962625341843
C6orf10,0.10573691886964448
PLIN5,6.231308204193263
IGFN1,1.7797171376481318
PLIN3,10.752881677301744
MAFF,8.395852233363708
C6orf15,2.1873234275296234
RPS21,12.43909772105741
FASTK,10.127688422971742
MGC3771,3.932866453965359
TGFBRAP1,8.232045031905196
KDM4B,11.169535460346392
PALM2-AKAP2,9.61202406563354
RBPJ,9.278591431175922
KDM4A,10.472044029170481
ZNF79,6.829818140382862
SNRNP35,8.520710118505011
MED13,11.017542206016405
DISC2,0.22431221513217864
NCRNA00110,1.7334633546034646
MED14,10.413302734731081
OR51A7,0.003788240656335461
WT1,4.035575843208742
RNF24,8.397855150410203
MED15,10.59529854147675
ZIC5,1.2372307201458517
MED16,9.962799726526884
HCG27,3.7122109389243376
CYP2A13,0.5972990884229716
CCR10,3.277864266180491
KDM4D,4.806023701002737
WDR55,9.097017866909768
RBP1,8.739471832269837
PRINS,2.310170100273471
RBP3,0.4162064721969007
RBP4,5.393547310847761
RBP5,5.887719598906095
RBP7,7.202505287146768
TUBA8,5.474227256153137
WDR53,7.4690443938012825
OR51A2,0.0016887876025524157
OR51A4,0.004624703737465817
MGC87042,3.672581494986325
KRAS,10.256461896080234
ADAM6,13.597315041020964
ADAM7,0.0558391066545123
LPHN3,4.069411121239748
ADAM2,0.3695581586144028
ACYP1,6.226318778486792
ACYP2,6.800110300820433
EEF1G,13.981355606198747
ARPC1A,11.29234184138561
ACSL1,10.70720100273473
ACSL6,3.5059990884229744
ADAM8,8.34761631722881
ACSL5,8.481488058340926
EGFL7,8.585742023701002
EGFL6,5.718072743846851
NKX1-2,0.41465013673655426
CHTF8,10.960425524156792
TTC9,9.440503008204193
ARPC1B,11.38038040109388
SMPX,0.5007817684594352
C20orf160,5.912333363719249
C20orf166,0.03123090246125797
EEF1D,12.88838860528715
C20orf165,2.122567456700092
IL20RA,7.630164995442116
HTR5A,0.06719225159525975
TRIM39,8.68233883318141
IL20RB,3.710372105742934
RPL8,14.736921786690987
INTS2,8.51091832269828
HR,7.6192068368277095
OLFML1,7.699544849589787
HP,3.5348610756608965
OLFML3,10.055391157702827
KCNQ1OT1,6.626143208751142
KLRC3,2.094567365542389
G6PC3,10.54950209662716
G6PC2,0.5513873290793077
NEBL,11.20772579762989
FEN1,9.650979033728365
ACSL4,9.28729927073837
C21orf29,1.5334955332725624
KREMEN2,4.792279762989979
KREMEN1,8.877419872379233
ADAM9,10.923063263445753
LUC7L,9.482592798541484
NEK11,8.04953618960802
INTS6,9.635464813126724
NR1I3,3.3689046490428405
CYGB,7.9205630811303545
INTS5,9.618571285323616
FAT2,6.214842844120322
WISP2,7.97893637192344
GPRC5A,11.276313764813139
MLST8,9.895219598906118
WISP1,7.700706381039203
MNT,9.10621148587056
VRK2,9.204623792160433
SPO11,0.025177757520510484
SULF1,12.04529762989975
ERMAP,8.38337329079306
IL22RA2,2.1410269826800374
IL22RA1,3.5849982680036465
SPSB4,3.4068804010938942
FLYWCH2,9.052656153144948
TPP2,10.026029626253418
FLYWCH1,9.115051777575195
INTS8,10.05804986326345
RCN3,9.435017411121244
MGC72080,6.33409772105743
RCN1,11.291713491340026
TXNDC6,2.1582994530537856
MN1,7.564077119416593
OR52A1,0.004447037374658159
PSG9,0.7110554238833187
DNAJC30,8.449415861440283
RHOV,8.674049407474921
OR52A5,0.00408359161349134
OR52A4,0.00805742935278031
ANKRD27,9.693316681859628
ANKRD26,8.038981039197822
UBFD1,10.911952597994537
ANKRD24,4.465642479489516
ANKRD23,5.2761413855970805
ANKRD22,7.162423154056513
GOLGA6A,0.35794074749316307
ACO1,9.72843035551503
RHOB,12.883604922515948
PTGES,9.346161896080211
ACO2,11.298992980856875
RHOG,9.979557885141302
CYTIP,7.35686873290794
ANKRD29,5.104473381950779
ANKRD28,10.300360711030072
INHA,3.771707474931633
TMEM66,12.42762269826801
TMEM65,8.972925432999094
TMEM64,8.722164357338189
TMEM62,9.485333181403842
TMEM61,4.538823883318139
TMEM60,8.405542388331803
OC90,0.21443135824977205
PATE1,0.0273538742023701
TMEM69,9.265773017319974
TMEM68,8.829421330902472
ITM2C,9.808931722880583
ITM2B,13.05769471285323
ITM2A,8.044531996353687
TNFRSF9,3.6158353691886957
EGFL8,6.1654290793072
TNFRSF11A,5.858462351868726
IQCF6,0.05924749316317233
?|8225,8.872603008204186
CIR1,9.743164539653606
IQCF2,0.004043299908842298
FJX1,7.529672105742941
IQCF1,0.32248641750227924
UGT8,4.007247128532359
LOC284232,3.725268368277124
TRY6,0.6688731996353692
PYROXD2,6.854707292616237
TRIM38,9.08312989972653
PYROXD1,8.594339015496812
TREML2,2.2883875113947143
RPS14,13.541598997265273
SMC6,9.652452506836834
OGFOD1,9.767040929808584
ZNF629,10.1307415679125
OGFOD2,8.054613035551508
ZNF624,6.828268277119414
WFDC3,3.0887273473108476
RUFY4,3.237602096627165
RPL9,9.463380401093882
ZNF620,5.675695533272561
ONECUT3,0.00947137648131267
ZNF622,9.382551777575216
ZNF623,9.264723701002755
EID2,8.096810756608926
NEURL2,3.988861622607112
NEURL3,4.119273473108482
NEURL4,8.805638742023707
UGT2B11,3.533056700091157
RPL7,10.609380856882394
S100A9,8.10865050136736
SNORD105B,0.0
RPL4,14.376929170464901
APAF1,8.932402461257972
S100A8,6.271115679124879
RPL5,13.847404193254322
OR2A7,7.222845396536005
FSCB,0.16034229717411122
GML,0.03661586144029169
TMEM120B,8.69353026435734
PDZK1P1,4.074712488605298
MANBAL,10.121194074749326
LOC283999,0.08092862351868733
MLXIP,9.53834393801277
ADC,7.454763081130354
ADA,7.109196171376473
ADO,9.417623245214218
ADM,7.056473473108477
ZNF77,6.537897629899725
ADK,8.603944940747475
PROX2,0.935509480401094
ZNF488,3.253065177757522
FHDC1,8.699005925250688
PPIL1,9.39046289881496
ATCAY,0.36816855059252523
RASGRF2,6.645568550592528
USHBP1,4.901224886052874
ZNF480,8.936041294439386
MEIG1,1.154517502278943
ZNF483,3.988925432999087
ZNF484,6.326068185961715
TMC5,8.586265907019133
IGFALS,4.802407383773921
ZNF487,4.9268951686417495
ZIC3,0.639069462169553
PRM1,0.010714494074749316
PRM3,0.005302734731084777
PRM2,0.012861075660893347
OR6B1,0.010968003646308112
DECR2,8.722282771194175
BRE,9.207535551504115
S100A2,5.589340747493156
CD200R1L,0.13213764813126702
ACVR1,9.716034639927084
SH2D4A,8.101849589790328
SLC25A2,0.6994189608021878
KALRN,7.716467547857792
TTTY17B,0.0
JUNB,11.106510027347303
SNORA77,0.00920419325432999
JUND,11.187731631722883
TFF2,1.1391027347310845
TFF3,9.907720692798542
HIST1H2AM,3.4824725615314467
HIST1H2AL,1.1956624430264362
OR7E156P,0.10929124886052871
WDR63,2.5836874202370064
HIST1H2AH,0.7912641750227891
HIST1H2AK,2.004371011850501
HIST1H2AJ,1.0410313582497714
HIST1H2AE,5.700818596171377
HIST1H2AD,2.003959252506836
HIST1H2AG,2.82007392889699
HIST1H2AA,0.003182224247948952
THAP10,5.926792525068361
HIST1H2AC,10.651601185050133
HIST1H2AB,0.40407474931631726
THAP11,9.137751139471282
WBSCR17,4.213441476754782
PRPF19,11.738830811303552
MPL,3.6454184138559724
SNORA76,0.25797046490428444
TCFL5,8.686643846855054
HIGD1A,10.7497252506837
HIGD1C,0.016104010938924336
HIGD1B,3.998694621695532
SNORD6,0.0
SNORD7,0.0
OR4N3P,0.06673181403828626
SNORD5,0.0
SNORD2,0.0
PTPN1,10.834336918869644
GOLGB1,12.308928532360984
FAM179A,2.20003163172288
FAM179B,8.978751048313597
SNORD9,0.0
TMPRSS9,1.7848319051959889
TRAF2,9.051302825888772
CPXCR1,0.04701513217866908
TRAF4,10.703417593436638
TRAF5,9.454131267092082
KLB,4.466331996353691
TRAF7,11.307803463992721
HOOK2,9.360335278030984
HOOK3,10.010089061075654
TMPRSS2,7.636326800364622
HOOK1,9.744912306289867
TMPRSS4,4.341480948040108
TMPRSS5,2.346546581586144
SUZ12P,7.206760072926157
TMPRSS7,0.5989291704649045
ESD,10.482429626253415
TSC2,10.720001549680953
KCNE1L,1.7630402005469468
OR4F6,0.007828167730173198
SEBOX,0.09045186873290796
OSTBETA,0.5433377392889694
ABCC12,2.4049978122151336
ABCC13,2.575071285323611
ABCC10,8.727337648131263
ABCC11,7.561201640838654
KIAA0226,9.6349479489517
KILLIN,4.786760619872378
OR4F4,0.014214585232452141
LOC348021,0.06707411121239744
TEDDM1,1.1521406563354597
SNAR-G1,0.0053861440291704645
TGIF2,9.578979671832263
RSU1,10.507647948951695
DSPP,0.2638265268915223
SNORD33,0.0
EMG1,9.16524284412034
DKC1,10.699910756608931
HEATR7B2,0.1328409298085688
TBC1D10C,6.0879502278942645
SLC4A1AP,9.403473473108463
FLJ37307,2.42172515952598
MUSK,0.3537029170464905
MOV10,10.157310118505013
TRIM16L,7.136768094804011
ABP1,3.7543364630811284
MOCS3,8.133505925250697
LASP1,12.886641294439372
MOCS1,8.224300455788507
TM7SF4,3.31170227894257
PMAIP1,7.996691248860526
SRP54,10.556068185961715
SLC33A1,9.315628441203284
ZNF585A,7.200795168641754
COMMD8,7.954683409298083
COMMD9,9.52318568824067
KANK1,9.413894165907017
COMMD2,9.52064867821332
COMMD3,9.917960619872376
COMMD1,8.1811126709207
COMMD6,10.090838286235208
COMMD7,10.456234639927072
COMMD4,9.843752962625357
COMMD5,9.383915587967175
TSC1,9.562504375569736
VTRNA1-2,0.0
ZNF585B,6.3437121239744805
METTL12,5.957710209662721
METTL13,10.205803281677289
METTL10,8.23619371011849
METTL14,8.395452415679124
ZNF862,8.931397903372826
ZMYM2,10.703944393801285
NPR1,7.066875387420223
NPR2,7.111669917958078
NPR3,4.688074020054699
ATXN7L2,6.334897174111213
ZMYM4,10.787575296262546
TPM3,13.402734092980866
CAMK2D,9.349127985414766
WIPF2,10.300723974475845
CYP2B7P1,7.794465542388334
CAMK2G,9.37493938012763
ZNF177,5.893852233363712
CAMK2A,2.9043884229717403
CAMK2B,5.524538286235185
PAN2,9.190853874202368
RIOK1,8.960450683682764
TMEM215,2.4252943482224256
UTP14A,9.177025706472206
LOC100288778,8.350334092980857
APBA1,6.741476207839553
DEPDC1B,6.579549407474919
TMEM184C,9.114003099361902
SMAD5OS,1.7934536918869637
SHFM1,10.610513764813122
JAK2,8.619143846855057
LPAR4,2.9107207839562474
C20orf201,1.019286508659982
RNASE13,0.42389006381039185
RNASE12,0.04197219690063811
APBA2,6.224658249772097
S100PBP,9.137741112123985
C6orf150,6.225726162260713
ZSCAN18,9.721955241567926
RPL19,14.195185141294429
C6orf153,9.619075022789422
C6orf154,5.20853701002735
C6orf155,5.008928076572479
SLC30A9,10.591643026435749
TROAP,7.628298176845938
OR5A2,0.0061077484047402
SEC16A,12.230793892433914
OR5A1,0.013553327256153146
ENOX1,5.922665907019145
CD1D,4.9686735642661795
CD1E,4.29166636280766
ANO8,8.215037921604377
ANO9,7.657646581586149
CD1A,3.091020966271649
ANO4,1.7628526891522305
ANO5,4.444335733819508
ANO6,10.898718049225154
ANO7,4.388969279854151
C9orf57,0.026657885141294444
ANO1,11.06247803099363
ANO2,4.202249498632634
ANO3,2.610046490428442
POLR1A,9.67096545123064
POLR1B,9.46501586144028
POLR1C,8.863700638103905
POLR1D,10.578158523245227
POLR1E,8.82139881494987
LOC100134229,7.030242023701007
COL3A1,15.902891522333633
PEX26,8.769664721968999
MC4R,0.545958979033728
HIP1R,9.81950628988151
TCP11L1,7.537558158614405
WDR41,9.20326499544211
DUS1L,10.630134913400179
ATP2C1,11.467959252506832
WDR44,8.60719589790337
WDR45,9.886340747493168
WDR46,9.980536645396526
HCG22,1.202480856882408
WDR48,10.03369288969918
USP54,9.787656973564264
UBE2N,10.977857702825872
TTC21B,8.52479288969917
GTF2B,9.068447493163166
SNAR-G2,0.0
GRM8,3.2237181403828647
JAK3,7.6046721057429405
JAK1,11.93442388331813
GRM4,5.354055423883319
GRM5,1.395670647219691
GRM6,2.016443208751141
GRM7,1.2227633546034646
GRM1,1.8228813126709211
GRM2,2.8635946216955355
GRM3,1.0957426618049213
SLC25A26,8.260929808568815
HOXB8,3.565242570647226
HOXB9,4.422280948040112
ZNF507,9.103753874202363
LOC729020,4.79134758432088
HOXB2,8.600747037374667
HOXB3,8.063753509571562
HOXB1,0.4713257064721966
HOXB6,6.036462898814943
CHUK,9.14547547857794
HOXB4,6.128984229717414
HOXB5,4.933894165907019
PPARG,6.992510847766631
PPARD,9.856864083865085
WDR54,7.7065069279854095
RHOU,8.546192433910674
PPARA,8.018397994530538
TREML1,1.7401415679124883
CSGALNACT2,9.372746399270747
SPAM1,0.0571553327256153
CSGALNACT1,7.858483591613493
C5orf13,10.498904010938928
POLR2E,10.91729443938015
C1QTNF9B,1.8160682771194194
RHOJ,7.031890701914315
TNFSF12,8.818699544211473
PTF1A,0.08302917046490425
SPDEF,10.983551868732889
MAGOHB,8.344230082041932
OR4E2,0.01548377392889699
ST7OT3,1.2678843208751143
ST7OT2,0.09295870556061983
MPP3,6.58101540565178
CD14,10.032160619872373
GOLGA6D,0.015407201458523246
EML3,9.479329990884224
CTAG2,0.5081544211485868
GOLGA6C,0.05243418413855971
EFCAB4A,9.7058515041021
MPP1,8.431310300820414
CD19,2.950636189608018
NCRNA00181,7.098384685505934
MORC2,10.18532388331814
NCRNA00183,8.060453327256145
NCRNA00182,5.067151868732913
NCRNA00185,0.04452807657247037
PLXND1,11.521657793983607
ASH2L,10.429909389243404
NCRNA00189,0.7524580674567004
NCRNA00188,12.403721057429337
PCDHGB8P,1.2933861440291694
PRKDC,12.493835642661807
MKRN1,11.605653874202387
RHOC,12.491502187784883
DYRK3,7.445379489516865
DYRK2,9.393233454876935
FTHL17,0.22892151321786688
DYRK4,8.220415405651767
GGTA1,6.947345214220609
LHFPL5,2.1888445761166784
RECQL5,9.092472561531439
GADD45G,7.333646308113042
RGMB,9.229852597994544
LHFPL1,2.402066089334549
LHFPL2,10.258697629899718
LHFPL3,0.4361129443938013
UTF1,0.28488705560619854
ENPEP,7.459803463992707
TLL2,3.5671397447584283
WFDC2,9.045526253418409
PRKAB2,9.003681312670908
FAM74A4,0.009463628076572469
NR2F6,10.298446946216965
FAM74A1,0.022530082041932544
INHBB,8.990503646308115
FAM74A3,0.05977283500455791
NR2F2,10.537889608021871
FLNC,7.347676116681862
INHBC,0.9177090246125786
PBK,7.812567730173203
DDB2,8.745333910665439
ELL2,9.985817684594364
BHLHB9,6.992588240656329
KIF21A,8.921766818596177
RIMS1,3.9348623518687305
RIMS2,3.1572451230629004
INHBE,1.5571072926162262
LOC144438,9.461976390154955
OR4F17,0.004007383773928897
GRID1,5.177275022789423
GRID2,0.2788976298997266
RPIA,8.769962078395617
MCAM,10.869503281677305
MCAT,8.40292752962626
ST7L,8.008594712853252
HCRT,0.06256362807657245
TRPS1,12.922893801276222
CYP2C9,0.4567157702825893
CYP2C8,2.63480865998177
TAGLN3,0.8367965360072921
APOBEC3H,2.9095205104831336
APOBEC3D,6.15281786690976
APOBEC3G,7.764439835916123
APOBEC3F,7.349771923427532
APOBEC3A,4.215234001823157
APOBEC3C,7.304964266180481
APOBEC3B,7.3221809480401
TIGD1,6.816221513217868
C10orf67,0.9799551504102094
OR10P1,0.009167092069279853
RBMS2,9.541631175934375
HSPE1,10.841562443026415
C10orf62,0.21344047402005484
SNORD54,0.0
KRTAP5-7,0.5547315405651777
PPP1R15B,10.99303928896992
DKFZp686A1627,0.32283135824977205
PRKD2,10.200018960802183
PRKD3,9.378569006381024
TTTY14,0.016955150410209664
TTTY15,0.12703272561531448
TTTY16,0.0
CTTN,12.337765360072918
TTTY10,0.007908021877848679
SNX11,9.151936736554237
SET,12.808853236098464
SEMA3B,8.300663536918876
DHFR,8.454454876937122
ZNF800,8.85719954421148
TTTY18,0.0
NARG2,9.77093062898815
VPREB3,2.9699175022789395
RFC5,8.599533819507746
FAM109B,8.624900091157714
FAM109A,8.273130993618954
BSND,0.6360025524156795
USP50,0.16147484047402003
MSR1,9.53567319963538
NAA20,10.473446946216963
GIPR,3.469469097538743
EIF2S1,10.668373837739306
EIF2S3,12.518790337283493
EIF2S2,10.780030628988158
PRODH,6.596616955332721
LPIN2,9.864705651777554
LOC286002,1.7409968094804016
LPIN1,9.152154785779397
GYG1,10.101444393801284
PTPN20A,0.18922051048313587
RS1,1.0678830446672758
KLF7,6.357679033728351
KLF6,11.595852597994533
CERKL,6.105748131267093
KLF4,8.724494074749316
KLF3,10.287833181403835
KLF2,8.734915041020953
KLF1,1.5597470373746594
TMEM222,9.588917319963524
TMEM223,8.224205560619886
TMEM220,5.483791978122154
GYG2,7.688161622607111
EFR3A,11.189321057429328
TMEM174,0.025973837739288963
KLF9,9.765392160437573
EFR3B,7.066251868732906
HEATR6,9.028671103008197
MT3,1.0973369188696447
HEATR4,3.0549280765724687
SNTG2,1.301705013673656
HEATR2,9.717705834093005
HEATR3,8.303064630811301
TTC23L,3.661213673655424
HEATR1,10.398714494074756
FAM189B,9.847631084776653
REST,8.276875387420228
ASCC3,10.101650410209665
TPH2,0.2347175934366456
BATF3,4.468620054694623
KLHDC7B,6.613058523245213
CCNA2,8.602506198723791
KLHDC7A,6.337018687329074
DEDD,10.0419515952598
POU1F1,0.14680346399270736
PHF21A,9.686284867821318
KLRK1,5.480304010938913
MUSTN1,4.528129990884235
VPS25,10.089351686417514
NUP35,8.07272515952598
NUP37,8.431818687329066
LOC440173,1.3493711941659072
ATP13A1,10.762188149498622
MAP3K12,7.636778760255236
MAP3K13,5.423791522333633
ADNP2,9.47648924339106
DDA1,9.522998723792156
TTTY1B,0.0
LOC349196,2.255752051048314
SLC1A4,10.87475761166819
CYP11B2,0.012062807657247038
CYP11B1,0.061071832269826806
SLC1A7,3.3974727438468557
ZNF549,7.572203190519606
FUCA1,10.085596536007287
DLEU2L,2.327913673655422
SLC1A3,8.012285414767543
YEATS4,8.562594986326333
LRRC10B,5.006163172288067
ATP13A2,10.454690154968103
RSPH4A,3.7168134913400177
VCL,11.722507566089353
NCAPG,8.540169371011872
FAM60A,10.000410118505
DHTKD1,10.48391558796719
OSBPL1A,10.19760610756609
IQCF5,0.010498541476754785
DCTPP1,10.154032816773004
FCGR1B,6.660555606198712
FCGR1A,6.8053108477666395
IKBKE,8.350648678213313
UNC93B1,9.64854712853236
RG9MTD2,7.3508968094804
SNHG3,5.703462260711033
MICB,7.176948860528712
ENTHD1,2.1972913400182317
IQCF3,0.023010938924339107
GNL3,10.851341476754795
GNL2,10.612114311759361
GNL1,9.955343117593424
RARB,6.727555241567916
FAM163B,0.14727028258887864
FAM163A,1.3965629899726522
DHRS9,4.308001549680951
DHRS7,10.533602005469456
DHRS4,9.335206745670021
DHRS2,7.292458796718323
DHRS3,9.675194530537826
DHRS1,8.846295715587976
RARS,10.58349097538742
MIPEP,9.030348769371
RABIF,8.962740291704636
DYRK1A,10.76143910665451
RPS28,6.836072926162265
DYRK1B,9.059824065633546
PHF21B,2.4363641750227876
MAS1L,0.4765591613491345
CCNL1,9.97918122151322
JAKMIP2,3.398787511394717
JAKMIP1,4.037756973564271
CCNL2,10.513926162260697
LOC727677,0.08379690063810395
DHRSX,8.739691613491349
GHRLOS,3.2276423883318124
TPO,2.723159708295351
SLIT2,7.159246490428442
GNLY,5.283546125797627
PCYT2,9.112188969917947
NOMO2,10.629779489516865
NOMO3,10.481202552415684
SLC11A2,10.601613673655429
NOMO1,12.01966289881494
BAZ1A,10.32914794895171
IMPA1,8.260869735642663
IMPA2,8.445899908842302
BAZ1B,11.379066362807661
CCRN4L,7.41145733819508
IL15RA,7.2703123062898785
HRK,0.8871210574293527
M6PR,11.557947857793978
SNAI2,8.458613764813128
SNAI3,4.1637416590701894
HRG,0.11766663628076575
SNAI1,6.7106958979033715
HRC,3.848924065633546
OSBPL10,8.85214065633546
OR4F29,0.5501815861440297
LELP1,0.002448495897903373
SEPT14,0.10472360984503191
SLC2A9,5.789643664539654
SLC2A8,8.352305378304461
PTGES3,12.718027438468548
PTGES2,9.414625524156799
SLC2A5,5.952034366453962
RSPO4,2.8858302643573364
SLC2A3,9.035196718322695
FA2H,6.133293072014592
SLC2A1,10.92162297174112
ECHS1,11.277784594348232
SLC25A5,12.31599908842297
DIXDC1,9.131262989972639
PLAGL2,9.29425305378303
HKR1,9.650498176845932
PLAGL1,7.4112861440291775
FAM24A,0.004060802187784868
FAM24B,4.146286690975387
FAM197Y2,0.0
TBC1D3B,6.74464047402005
SLC1A5,11.672012488605272
SYF2,10.032860528714666
USP24,10.65198103919782
C1orf112,8.119965177757514
TBC1D3H,3.4809454876937145
LOC100270710,8.004239653600733
C1orf111,1.377171194165907
SOX2OT,1.773334001823154
TEAD4,8.151856244302634
MCM8,8.053227894257072
IGFL3,1.4253813126709185
CCAR1,10.615059981768473
IGFL1,2.0509123974475836
MTDH,12.032978304466717
AMELX,0.05191002734731084
C1orf116,8.537624156791253
SLC1A6,1.2032515041020975
MADD,10.374953418413858
C1orf115,9.4882292616226
EXO1,7.616929170464906
ZBTB8A,8.279165907019134
ZBTB8B,1.2160314494074735
SHKBP1,9.954699726526899
CEACAM1,8.803553600729261
ATRIP,8.443881859617145
CEACAM3,0.8739159525979943
CEACAM5,6.657861987237932
CEACAM4,1.4158209662716512
CEACAM7,2.7722638103919763
CEACAM6,8.919442023701004
CEACAM8,0.1233169553327256
SLC46A2,3.168846216955335
SLC46A3,8.598576298997266
SEPT11,11.145569644484976
OR51G2,0.0044858705560619876
PARP2,8.837277119416582
TMEM154,6.968302734731082
OR51G1,0.0059768459434822235
RAPGEF4,7.189028623518696
ENG,11.238452506836811
LAT2,7.662277575205106
ZNF274,8.705121604375561
GTF2IRD1,9.446057611668184
GTF2IRD2,8.58946946216957
KIAA0415,9.07241814038286
CHAC2,5.432444120328163
SNORD114-8,0.0
PCDHGC4,2.1955907019143126
AGMAT,5.039135824977206
F12,6.800556608933461
THADA,10.009973837739281
F10,4.421001640838649
F11,0.1251049225159526
EXOG,6.7229836827711935
SNORD1C,4.4029718322698255
EPAS1,11.337483682771177
HDGFL1,0.11236636280765727
SNORA3,0.0796144940747493
IQUB,3.3529319051959923
SLC27A1,9.367976937101183
IL34,6.358976572470381
C20orf141,0.604819507748405
LOC219347,6.115271832269823
C20orf144,0.23910328167730172
FZD9,2.9540313582497686
SNCA,5.107139380127622
CDKAL1,8.274896809480397
SERPINA12,1.756000455788515
SERPINA13,0.04078614402917047
RAPGEF6,8.170769371011854
SERPINA11,5.876929990884236
TRNAU1AP,8.143748587055608
TMEM126A,7.935289425706469
TMEM126B,8.838993801276207
SNORA71B,0.08216882406563353
MOCOS,7.5846727438468555
TMEM67,7.894645761166819
TNR,1.2707900638103924
CYP4B1,7.065205742935282
ZNF621,9.352695989061075
FAM81A,5.088067730173194
RCOR2,5.634179489516871
C21orf45,8.248538559708297
FAM81B,2.3339463992707365
TIGD5,7.6147603463992635
ADHFE1,5.860856973564269
TIGD7,8.083269644484952
TIGD6,7.729415314494081
SEPT12,1.3664226071103007
FLT4,7.850724156791247
PPDPF,12.154037465815867
FLT3,5.435239653600729
C21orf49,2.6941123062898864
FLT1,9.819052233363724
PODN,9.655703372835017
SCGB1D4,0.12486034639927074
GSG1L,1.2450019143117583
LOC728276,0.08656645396536009
UGT2B15,3.723337739288972
PIP5K1B,5.118994074749313
TIPIN,6.761035095715592
H1FX,11.028798541476752
VKORC1,10.65849498632632
OXSM,7.839405378304462
ZNF214,5.082462534184138
SDR9C7,0.3175499544211485
PRKRA,9.892286417502277
TSHB,0.06400920692798542
PVALB,3.7877040109389255
UGT2B10,1.0500096627164994
S1PR5,4.714965177757522
SLC24A2,3.330006381039197
SNORD55,0.0
SOX21,0.8405717411121241
H1F0,12.674722880583428
COL25A1,2.6393334548769385
ZNF19,6.160263810391978
FIGNL2,4.021255241567921
LOC81691,7.267855879671835
MRPS18B,10.508115496809486
CLC,0.22232689152233356
ELMOD1,1.7439557885141297
PLOD3,10.39648614402918
ELMOD3,8.49089589790338
ELMOD2,7.954378577939842
RASSF8,8.622176025524158
CLU,13.226357155879656
SLC24A3,8.544609298085696
PDC,0.4677760255241569
SNORD56,0.0
VEGFC,7.341971011850498
NTM,7.804519507748411
SKIV2L2,10.464413673655441
KNG1,0.24004302643573366
NRARP,8.372582224247942
VCX,0.47292999088422977
LOC407835,5.707966089334556
COBL,9.5453356426618
TAF9B,9.67998705560621
SNORD57,0.0
ZNFX1,11.024034275296268
NOP14,9.991318413855971
AMOTL1,9.546064539653603
AMOTL2,10.274495533272555
LCN1,0.2974421148587056
LCN2,5.905132999088412
BPI,1.8037163172288047
SF3B4,11.202866089334572
PNPT1,9.485820328167728
VPS52,10.625203463992706
LCN9,0.0016030082041932545
LCN8,0.20962862351868727
SF3B3,11.763060164083882
SF3B2,12.27102743846854
CYP17A1,0.6835929808568827
ALOX15,3.68703245214221
RRP12,9.981506289881493
ALOX12,2.137946672743847
SLC24A1,8.453180401093901
TSHR,2.359199088422969
RAPGEF3,7.8532407474931585
PRKY,1.071754694621695
MAGEF1,10.199305104831364
OR14I1,0.04211011850501368
SEMA6C,7.371347310847768
TNFSF8,5.140751777575201
SEMA6A,8.009255606198709
CNIH3,6.112964266180493
CNIH2,5.804663628076577
NSMCE4A,8.960839380127627
CNIH4,9.9988676390155
ELAC2,10.316446216955327
DDHD1,8.524626253418422
ADCK4,9.223521513217873
ADCK5,7.326186235186869
ADCK2,9.845854421148577
ZBTB11,9.434454329990892
ADCK1,7.403703190519596
DNAJC16,9.548775569735644
DNAJC17,7.924115223336373
DNAJC14,10.370048404740189
DNAJC15,9.255079945305368
DNAJC12,8.532674658158612
DNAJC13,10.497639835916132
DNAJC10,11.48410483135826
DNAJC11,9.99646298997265
TRPC3,2.3708281677301732
EPRS,12.221512944393794
CTXN3,0.31119179580674555
FEM1B,10.949308021877846
ASF1A,8.903860893345492
DNAJC18,6.746417593436645
DNAJC19,9.207034731084754
EDF1,11.749306563354605
ZNF689,7.716907019143113
TMEM85,10.361210027347315
SUPT16H,11.756474658158597
NUDT16P1,5.801231267092065
MLN,0.010472014585232454
MLL,10.63811476754786
MS4A6A,9.229668732907927
NAT8B,1.710480401093893
LMAN1,11.89792397447585
MGC16384,2.471607292616229
LMAN2,11.69176782133091
EPR1,8.235297447584326
MLX,10.04105551504103
OR1M1,0.032527529626253424
NAT8L,5.335556700091159
SCML4,4.1195961713764735
LOC642846,6.899327347310836
OR8B2,0.012704284412032817
NRM,8.480826344576107
CXorf48,0.5942917046490434
FAM195B,10.353560528714679
PFKFB3,10.890492980856902
FAM195A,8.60373263445761
CXorf42,4.046032725615311
CXorf41,0.461918869644485
SLITRK1,1.2053561531449393
ITPA,9.5182127620784
CTRB1,0.07565897903372833
UGT1A4,0.05516809480401093
SH3BGR,6.825760437556978
YWHAQ,12.775820419325425
OR10A5,0.013427620783956247
PPM1L,5.857775934366447
ZNF17,7.188227894257075
OR4X1,0.00448249772105743
OR4X2,0.007941932543299907
SCIN,6.804258432087512
TCF7L1,8.665528623518687
ADD3,9.98144958979034
ACTG1,16.156388514129457
ACTG2,8.027854329990884
SNORA21,0.18406955332725605
PPP4R4,3.549964539653602
PPP4R1,10.615511577028258
PPP4R2,8.858695715587976
SLC11A1,6.58964165907019
TTTY21,0.00036435733819507746
PKD2L2,0.6753047402005461
PKD2L1,2.0907100273473103
TBRG1,9.131727711941656
OR10A4,0.020923154056517776
CWC27,8.699805742935263
CWC25,8.588844940747487
CWC22,9.175716955332726
OR8B8,0.008494804010938925
TMED10,12.913600182315411
LTBR,10.841805469462182
MAP3K8,7.397320783956248
MAP3K9,6.6554543299908815
SNORA26,0.054758523245214234
ZPBP2,0.2742674567000912
MAP3K2,9.257640565177763
MAP3K3,9.560032452142204
PRPF31,10.103346490428445
MAP3K1,10.611471741112117
DEAF1,9.284118322698282
MAP3K7,9.451219690063814
IER3IP1,10.352952051048318
MAP3K5,8.515889152233354
SNORA28,0.003789699179580674
RBMY1A1,0.00951422060164084
MARVELD1,9.847585141294449
FMOD,10.811655332725627
MARVELD2,8.746763810391974
NUP214,10.572586508659995
CCBP2,5.440362716499548
H2BFXP,2.2511795806745636
VPS54,9.485566545123064
FMO2,7.341915952597997
FMO3,5.240999088422978
FMO1,6.455529443938014
ZNF202,7.8369428441203235
CASZ1,9.948837830446685
FMO4,6.623701914311749
FMO5,7.3518340018231525
IDH2,11.79894776663627
IDH1,11.065461257976285
EVX1,0.33188878760255247
ZNF208,5.1236056517775825
EVX2,0.01770474020054695
SETD8,9.68247848678214
SH2D2A,5.622351595259807
OR10A6,0.058084594348222406
OTUD6A,0.02685068368277119
FNDC3A,10.304386052871463
TLL1,5.778025979945311
KIAA1797,9.714789152233358
SETD2,10.901739288969914
KRTAP27-1,0.0014812215132178669
SETD4,8.174540291704636
SETD7,11.102036463081125
ITFG2,8.58792114858707
PSRC1,7.524430355515039
TRPM7,9.858557064721962
DZIP3,8.745733546034637
PRAMEF18,0.022072835004557888
DZIP1,7.319311668185966
PRAMEF16,0.014288058340929806
LOC100133612,2.3982638103919753
PRAMEF14,0.029381677301731992
PRAMEF12,0.09782844120328169
PRAMEF13,0.02466381039197812
PRAMEF10,0.006203646308113036
PRAMEF11,0.042271923427529626
MARCKSL1,12.779730446672746
PRSS27,5.5976797629899675
PRSS21,3.450820783956242
HBM,0.05534165907019144
PRSS23,11.771793618960798
LXN,8.16585752051048
SURF6,9.35940355515041
EME1,6.228807110300818
EME2,4.1681694621695575
RBCK1,10.643350501367369
STX3,9.875340929808573
AKNA,9.20788878760255
DUOX1,6.202857702825878
DUX4,0.0
DUOX2,2.9975753874202367
VENTXP7,0.034772105742935266
RIT2,0.16681577028258884
SNORD50A,0.0
ZNF486,6.165151048313576
PYCR2,10.657425068368273
GLYR1,11.337356153144933
SNORD117,0.0
SNORD110,0.0
SNORD111,0.0
KRTAP4-9,0.02278587055606198
KRTAP4-8,0.035619051959890596
ATP2B2,2.8779201458523267
PCNXL3,10.563252780309941
PCNXL2,8.276795715587976
KRTAP4-1,0.2526134001823155
KRTAP4-3,0.006909662716499543
KRTAP4-2,0.0031905195989061076
KRTAP4-5,0.0020880583409298085
KRTAP4-4,0.020459161349134006
KRTAP4-7,0.02628751139471286
TIMM17A,10.583589334548783
ECH1,11.272721877848662
RRM2B,9.96663509571559
TAPBPL,9.05377338195078
NPPB,0.10194913400182318
GBP1,10.033283500455784
NPPA,0.8523525979945297
RASSF4,8.84978559708296
ACSF3,8.27945323609846
FRZB,8.04925861440291
MAL2,12.402081221513232
MAN2A2,9.940124339106658
GUCY2GP,0.03448240656335459
MAN2A1,9.088648313582507
FAM38A,11.267378851412941
NDUFB10,10.542627256153141
SPRR2G,0.19542980856882405
FAM38B,7.231595897903378
SPRR2A,0.5453254329990888
DECR1,10.268434184138565
SPRR2C,0.09487383773928897
DNER,2.5176548769371
KRTAP12-1,0.01772178669097539
TAOK3,9.912651777575194
?|391714,0.21111221513217857
KRTAP12-2,0.010273928896991797
TP53,10.509572561531458
KRTAP12-4,0.0007534184138559708
CDHR1,3.110582133090242
CDHR2,0.8980146763901535
CDHR3,5.033252324521411
CDHR4,1.31051321786691
CDHR5,1.0063724703737467
ST8SIA1,6.091450045578847
C6orf176,2.026616043755697
C6orf174,4.812024430264355
SHQ1,8.921688149498621
C6orf170,6.575846399270744
WNT10A,4.153415132178665
TECTA,3.7294669097538735
PKM2,14.322130264357327
TMEM232,3.269990975387419
DUXA,0.06046244302643577
FLJ39582,5.377153418413856
STX1A,6.887191978122142
FARS2,7.979434822242476
STX1B,4.938002187784872
RABL2A,8.328203828623524
TOLLIP,10.288147402005473
RPS15A,13.305812762078384
ALS2CR11,2.140622333637193
ALS2CR12,1.6447604375569735
BTBD19,3.646529170464904
BTBD18,1.150405560619872
NF1P1,0.04680847766636281
HESRG,0.42878933454876983
BTBD17,0.21874804010938922
BTBD16,0.6100194165907018
BTBD11,5.978435004557883
BTBD10,9.270606745670019
BTBD12,8.281341112123977
SIK1,10.004090519598906
LSM3,9.784492342752957
SIK2,9.02989343664539
KRT80,8.786601731996344
KRT81,6.515118687329081
KRT82,0.11777274384685509
KRT83,1.7637444849589796
CST9L,1.1318187784867824
KRT85,0.3628173199635367
KRT86,4.697342297174111
RAB22A,10.490266271649963
TSEN2,7.518619051959894
RAPGEFL1,7.872634001823161
DUS3L,8.050469462169556
SNAR-A2,0.00034092980856882405
TPRX1,0.03976481312670923
XPR1,10.19894092980856
SNAR-A4,0.0
SPACA4,1.9128969917958083
SC5DL,9.789728532360972
EDA2R,5.841738833181399
SPOCK1,9.247951321786694
LCT,1.6355207839562458
NCS1,8.846981494986313
MAST1,3.7272016408386515
MAST2,10.58383272561531
MAST3,8.336360711030082
MAST4,8.870833546034646
SALL3,0.674685141294439
SALL2,8.581802461257974
FAIM,8.033507019143132
CD180,6.833521513217865
WAS,7.296569917958068
SPACA1,0.01744530537830447
RAB9A,8.861744576116672
CYP1A1,1.0536978122151321
CYP1A2,0.165854968094804
RAB9B,2.9594575205104783
C5orf39,5.2779306289881545
C5orf38,5.975013217866911
LOC285692,0.06792133090246126
C5orf35,6.66382670920693
C5orf34,6.072223518687324
C5orf36,6.008942388331818
ZBTB7A,9.794998176845946
C5orf30,9.401340018231535
C5orf33,9.632471194165902
C5orf32,9.328021057429355
STX11,6.516103190519604
FARSB,10.122515952597995
FARSA,10.346456061987213
FIS1,10.449762260711035
C9orf71,0.0618080218778487
C9orf70,0.36320765724703735
STX17,9.773444940747478
C9orf72,7.672371467639023
STX19,2.966418322698262
STX18,9.15688468550592
ZMIZ1,11.924802096627161
SMO,8.582329808568822
C9orf79,0.061932269826800376
C9orf78,10.408772561531446
LOC285696,0.841589516864174
LIPA,10.90806937101186
SLURP1,1.4932801276207823
CUTA,11.293532452142205
BPGM,8.981522607110305
CUTC,7.757956153144939
ZSCAN23,3.3759557885141334
TTC33,8.093253600729257
LIPC,2.2904875113947156
MOSPD3,8.468323974475839
MOSPD2,7.926932452142211
MOSPD1,8.088697356426612
ATP11C,8.854234913400186
ATP11B,9.69549990884229
ATP11A,8.979172288058354
ZBTB40,9.529948769371009
OR9G9,0.009299817684594348
PAN3,10.003294074749324
LOC642587,6.530040200546939
IFITM5,0.576021786690976
PCDHA4,4.905096080218783
RAB5B,12.14114402917048
PCDHGA10,5.744976663628075
PCDHGA11,4.046660164083864
PCDHGA12,5.474376390154977
PARP3,8.607598723792174
DPP8,8.559789881494982
DPP9,10.407246581586149
RPL23AP32,0.6402103008204199
POLE4,8.91595086599818
GBA,10.820559161349125
LIPH,7.100093345487693
DPP3,10.319716864175014
DPP4,7.057619325432996
SUOX,9.4526288969918
DPP6,1.5260191431175936
DPP7,10.747907292616231
CEP68,9.399646946216953
C14orf86,0.10804557885141301
CEP63,9.233877666362815
OR5B12,0.053285050136736574
SLC7A11,6.765274202370088
COQ10B,9.390698723792159
GLTSCR1,8.289698085688258
GLTSCR2,11.928719690063817
COQ10A,6.711976937101183
C11orf66,4.111357520510484
IK,10.94496526891524
CYP2A7,1.8460961713764805
CYP2A6,3.1521045578851408
C17orf50,0.8404137648131267
LIPN,0.13394211485870564
C17orf53,6.453619416590701
TMC8,7.567160711030078
MRPS16,10.959753600729268
OTOS,0.36493062898815
HS1BP3,9.351056973564264
TFDP3,2.5350252506836832
C14orf80,7.555470282588875
NOC3L,8.738574293527808
PCP2,4.4830614402917055
RNFT1,8.259815132178664
C11orf63,6.722594257064716
HIAT1,10.144512032816788
PNLDC1,1.7796037374658191
SECISBP2,10.048819781221516
PRPF18,8.781569462169552
A4GALT,8.036405651777567
TMEM167A,11.083410574293538
C11orf61,7.2084083865086495
TMIGD1,0.05586845943482223
OR10R2,0.012265360072926165
FLJ45079,0.41561230628988144
FLJ36777,2.6505835916134934
TMEM229B,8.423404193254319
CTRL,2.638420510483133
CTRC,0.3202216043755696
SEC24B,10.090009115770275
TRMT61A,8.53869525979945
WRAP53,7.632511668185961
MFHAS1,7.508577848678208
TRMT61B,8.027561440291704
ZFYVE9,9.058254512306295
LOC400931,5.156502734731095
DHX16,9.79946153144941
IFLTD1,0.285267547857794
DHX15,11.516226618049233
LEPROT,8.986793527803096
ZFYVE1,9.299579580674543
LDOC1,9.824099270738355
DGCR9,2.6921930720145872
DGCR8,9.597196171376483
MUM1,9.548917319963532
ZNF557,7.64307064721969
RXFP1,0.9772044667274392
CCDC88A,8.878590428441191
CCDC88B,7.350071285323614
CCDC88C,10.214719598906099
DGCR5,4.119437192342752
FAM27C,2.950762989972646
H2AFB1,1.1687548769371
DGCR6,8.498419781221518
ZNF782,6.3066867821330925
ZNF781,4.16078122151322
FAM27B,0.09656572470373749
ZFAND6,10.588099088422963
RGNEF,8.168600911577029
ZNF785,7.995794712853238
PITRM1,10.77860227894258
GOT2,11.228270738377399
SCARNA22,0.018373655423883313
RNASEK,10.660607839562447
GOT1,9.805414949863263
RNASEL,8.527357611668188
PCDHA9,1.7462640838650851
RNASE1,10.682385779398356
MPEG1,9.16748924339106
RNASE3,0.5064410209662722
ODF3B,7.189375387420236
RNASE4,9.958128441203277
RNASE7,1.8920889699179588
ACCN1,1.9757558796718313
RNASE9,0.021232360984503196
KRTAP17-1,0.32114238833181386
ZNF551,6.963213491340013
UBE2O,10.039164721969014
C14orf50,3.8040355515041044
ZFAND5,11.59434466727438
C14orf53,1.1066155879671837
OR2T8,0.756664083865086
QTRT1,8.79462543299908
OR2T6,0.010120328167730171
TTTY12,0.0
OR2T4,0.059694074749316324
OR2T5,0.029446034639927076
OR2T2,0.006730628988149499
OR2T3,0.036464539653600726
OR2T1,0.005395442114858705
C18orf18,4.98637684594349
C18orf19,8.34738933454877
CCDC89,4.105374020054694
LOC339535,3.6335267092069308
OLFM2,8.156700273473104
CCDC83,1.0275796718322696
CCDC82,7.5364243391066585
C22orf40,7.133791248860528
CCDC80,11.215522971741114
CCDC87,5.042689061075661
CCDC86,9.254347766636284
C18orf16,1.3181125797629896
CCDC84,6.435368824065635
ADAMDEC1,6.052787876025519
CTR9,10.605833546034638
CD7,5.778702096627172
RRAS2,7.830957429352786
SNORD8,0.0034953509571558797
SPRYD5,0.09503773928896996
ZNF568,7.025057793983589
ZNF567,7.231954238833183
ZNF566,7.601130628988153
ZNF565,6.271238377392882
PSKH2,0.19999434822242482
ZNF563,6.201210938924331
SCARB1,10.454933637192337
ZNF561,9.604436645396524
OR5AS1,0.0025087511394712853
STMN4,1.0071375569735634
NECAP2,10.278632725615305
CCR6,5.830941932543295
STMN3,9.455249772105743
STMN2,4.61446335460346
IKBIP,8.327606563354609
ACRBP,4.679676298997272
OLFM4,4.741347675478578
DCLK1,8.45868249772107
DCLK3,3.7109668185961655
DCLK2,6.475821422060168
NOX1,1.0790110300820401
NOX3,0.027154512306289874
TRAF3,7.83342734731085
NOX5,2.889785870556064
NOX4,7.235063992707384
PGS1,8.953514494074737
AZU1,2.2369198723792154
TRAM1,12.328603463992701
FAM161A,6.254575660893353
FAM161B,6.940331084776651
DKFZP434K028,0.014191886964448492
MRPL42,9.680023245214217
UBE3B,10.348883865086604
RAF1,11.009448222424806
ASB16,4.509656700091159
UBE3A,11.00038149498633
KHDRBS2,0.5205896991795805
MIAT,7.083440474020059
MRPL40,9.198681312670933
MRPL47,9.512371649954412
TOP2B,12.075505378304463
IPW,7.660242479489515
MTRF1,6.5756829535095696
LOC400794,0.2681673655423881
HGFAC,1.2217984503190533
SDAD1,10.053920328167717
APH1B,8.808913673655422
SNORD32A,0.0
MRPL44,9.286182680036463
SETD6,8.12822734731084
C10orf68,3.2699398359161327
SLC26A1,5.406052780309928
SLC26A2,9.415149680948032
SLC26A3,2.7216596171376497
SLC26A4,3.6071469462169476
SLC26A5,1.49257611668186
FGF9,2.1039652689152257
FGF8,0.23253108477666345
FGF7,7.089765086599814
FGF6,0.006334001823154057
FGF5,1.4613157702825876
FGF4,0.07373172288058338
FGF3,0.2589198723792157
FGF2,6.7778554238833175
FGF1,7.648222151321789
BCAN,3.4091474931631742
OLFML2B,10.205449407474942
OLFML2A,9.599524430264353
BCAM,12.249576754785775
HTA,0.14941321786690978
GLOD5,2.9932974475843235
GLOD4,10.123027347310835
SDC2,10.71874767547857
GCH1,8.255960984503181
SDC4,12.478790063810386
TTYH1,4.719766453965364
ELOVL6,8.177917775752055
ELOVL7,7.209422424794894
ELOVL4,5.129401276207844
ELOVL5,12.465150774840474
ELOVL2,7.686005104831372
ELOVL3,3.046079580674569
ELOVL1,10.83099653600728
SNF8,9.860133363719228
AMY1A,2.493885688240654
FAM54A,5.874299453053781
SPPL2B,9.542562169553324
KIAA0182,11.277768094804005
ZCCHC8,9.061908842297184
TLN1,12.779443299908852
ERAP2,8.818694986326353
DEFB1,4.134475660893342
NAALADL2,7.814839927073836
POM121C,9.704747766636272
UPK1A,2.4457169553327267
TM9SF4,11.258691522333644
LOC441601,0.2854491340018231
DIABLO,9.915860984503198
ZNF593,8.38689252506837
IFNB1,0.5922003646308115
CWF19L1,8.9388611668186
SPRR2D,0.4648378304466728
CWF19L2,8.457911394712855
HEYL,8.41572488605287
LOC650623,5.241248678213309
NAA25,9.324411668185961
RPL13A,13.841765998176822
SGCG,2.2806516864174986
TTYH3,10.903812579762993
SGCE,8.72842260711031
RILP,6.277470556061988
CNKSR1,8.961887784867825
SGCB,9.625865177757525
CNKSR3,7.5245112123974485
CNKSR2,2.2157088422971705
ZNF691,7.921103646308112
NCRNA00207,0.012956882406563354
DUSP9,2.967079762989972
DUSP8,8.151023062898812
LOC284688,0.5912154056517779
DUSP5,9.935105104831354
DUSP4,9.474602370100266
DUSP7,8.700127894257081
DUSP6,10.059958614402916
DUSP1,11.006787237921605
DUSP3,10.553794439380134
DUSP2,7.2406129443938125
LRRC8E,8.877589699179584
LRRC8D,9.627574384685506
GBGT1,6.612532816773022
NKD2,6.480339744758436
ELN,10.080878942570644
RBL1,7.442244667274382
ELL,8.916637830446682
LRRC8B,9.34457210574294
QDPR,10.042904557885135
OR51E1,4.954660072926161
OR51E2,2.8115855970829537
SLC8A1,7.402995077484051
RGS7BP,2.283219781221515
RPL26L1,8.193141476754796
MIXL1,0.6894121239744765
HDX,5.5215958979033735
HEY2,6.723223974475842
HEY1,7.541626618049225
LRRN4CL,4.751130355515048
MFSD9,7.062684867821325
XRCC6BP1,6.85333819507749
STX4,9.610650774840485
MTF1,9.132503463992704
MTF2,8.913316134913384
TM9SF2,12.113143755697363
PRKCQ,4.582951959890613
LEP,3.8428777575205126
TAB3,9.750058523245213
LOC80054,5.460821695533264
CNTN1,5.829349498632633
STX6,10.634294439380122
C20orf123,0.48300628988149485
CSN1S1,0.48557146763901554
TBC1D12,8.504216955332735
HDC,4.277172014585236
TSNAX-DISC1,0.5517072014585235
XYLB,7.188463992707383
TBC1D16,9.101494257064715
RPL34,12.635543755697356
TBC1D14,10.587840838650875
FBL,11.261072561531444
MAGEB18,0.13678049225159522
TNFRSF6B,5.497471467639023
RPL35,12.629321786690971
AUTS2,10.472423883318147
PLA2G1B,0.7107998176845943
MAP2K5,8.170261987237923
NUMA1,13.216904557885142
MAGEB10,0.07184047402005472
C21orf67,6.040386144029162
ARFGAP1,10.67468541476754
C21orf63,7.8422975387420175
C21orf62,0.9224541476754783
GPR52,0.25645597082953503
HSPA1A,13.763745031905197
BMP10,0.03590328167730171
IKBKAP,10.111807474931629
GPR56,11.42855533272562
BMP15,0.06357556973564267
FAM83C,0.6577955332725614
FAM83B,5.586642023701002
FAM83A,4.386961166818598
PCDH7,8.268976937101183
FAM83G,6.920586235186882
FAM83F,7.630267456700099
FAM83E,5.930771011850504
FAM83D,8.060781403828619
C12orf70,1.5669173199635373
C12orf71,0.6702061987237923
C12orf72,6.014362807657239
C12orf73,7.1399804922515955
C12orf74,0.8330699179580676
C12orf75,7.954711577028241
C12orf76,7.2566741112123925
C12orf77,0.20693245214220604
ATP7A,9.029024794895172
DGKQ,8.569727985414772
C8orf4,9.466831267092072
VKORC1L1,10.455959981768467
DGKK,0.12358915223336367
DGKH,5.378191613491344
DGKI,3.247460437556967
DGKB,1.3333214220601637
SYNRG,9.961968277119396
ATP7B,8.484921969006386
DGKG,3.902251048313581
DGKD,9.781092433910642
DGKE,7.756847128532369
ICK,9.728303737465827
LOC283761,0.2083953509571558
SNORD43,0.0
TMEM106C,10.692427256153147
CNP,11.132996444849583
METT5D1,8.448305925250697
SRP72,11.514938286235168
SUV39H1,8.203457429352785
ZNF169,6.0721074749316335
PTGIS,8.373677575205104
PTGIR,5.46585752051048
TMPRSS3,8.139688422971739
NEK5,3.765006654512306
TCERG1L,1.1759215132178675
CLTCL1,5.396404193254334
RTEL1,8.639152142206013
NPM1,13.273481312670912
NCRNA00085,5.5877485870556045
NCRNA00086,4.659198085688246
NCRNA00087,4.305195806745673
HSPA13,9.741016773017313
ZCRB1,9.882723701002739
FLJ40292,0.8946857793983585
VSNL1,5.63137502278943
SMU1,10.724944576116682
PEMT,8.152128167730174
HSPA14,9.243125706472188
RHCG,2.471013400182314
MXI1,9.623274384685494
RHCE,3.9455438468550623
RUVBL2,10.755162716499546
AKR1D1,1.112585050136738
PKD2,8.88928805834092
TMEM25,9.702556426618042
PDE2A,6.8345130355515
DGCR11,4.927553874202374
DGCR10,0.8326718322698272
C1orf95,4.069180309936191
C1orf94,0.4441038286235185
C1orf93,10.110294165907007
DGCR14,8.505038559708298
C1orf91,7.406530082041931
DENR,10.761614129443942
AHNAK2,9.76899872379218
ANXA8L1,0.20387994530537837
FKSG73,0.00421950774840474
PTPN18,10.719213400182321
SCFD1,10.066456700091159
SCFD2,8.485340474020047
PPP3R2,0.19645396536007292
MYPOP,7.276436554238834
ZNF167,5.669321239744758
GCOM1,6.88466681859617
IQCB1,8.828323154056513
SCG3,1.6031905195989071
MEN1,9.975755423883305
LOC202781,7.71358778486782
CPSF4L,0.6955066545123066
KRT222,5.88642333637191
DDX54,10.489038103919798
SNORD114-12,0.0
SEMA4A,9.567621148587055
SEMA4B,10.983328714676396
CSRNP3,2.4085212397447613
SEMA4D,9.391274931631711
GABRB2,3.9682168641750226
OR2L2,0.0828411121239745
PPAP2B,10.06303381950775
OTUD7A,3.1779647219690093
CTAGE9,7.383083135824977
C10orf110,3.3893323609844974
C10orf111,2.3745371923427543
C10orf116,10.004278669097525
C10orf114,4.38995360072926
SQRDL,10.694984229717408
CTAGE1,2.3647462169553384
C10orf118,8.999631084776665
C10orf119,10.663458249772122
CTAGE4,5.820016317228811
CTAGE5,9.902883865086604
CTAGE6,2.950212670920694
OR6W1P,0.2768243391066543
HSPA9,12.706210391978104
SIP1,7.286336098450326
GLP1R,2.0676283500455774
SCN4A,4.394594712853247
SCN4B,6.864612670920697
OR2L3,0.09496599817684591
SUMO3,11.335123609845047
ZNF30,7.10357593436646
TMCO3,10.611930355515044
TNRC6B,9.540521057429363
FAM129C,2.398149863263448
GIP,0.10056226071103012
TMCO4,9.031808751139472
CRTAC1,3.981119781221515
SCCPDH,10.816776572470364
RPP38,8.489380948040113
ZNF195,8.481456791248874
GIF,0.11154557885141296
SERP1,12.322013855970823
MFSD1,10.714670191431164
OR2S2,0.19497101185050134
LRP6,9.93175250683681
MS4A4A,7.3329648131267
TMCO7,7.778729079307196
CNDP1,1.154454147675478
CNDP2,11.941051868732918
LYPLA2P1,6.145045578851407
NPL,7.659991795806751
STRBP,10.276529626253428
LRP4,6.320795989061075
MOCS2,9.39011458523247
CXorf61,1.0334133090246125
TXNRD2,8.608498176845949
LRP5,10.524397265268915
CXorf65,0.8518315405651772
CXorf64,0.20364193254329976
CXorf66,0.015563901549680946
AHR,10.587095077484047
SCGN,2.142456882406563
GADD45GIP1,9.371259708295351
COLEC12,8.878731905195986
ENC1,10.471993618960797
COLEC10,1.6492741112123979
COLEC11,2.8977774840474004
MAP3K11,10.530034184138561
TXNRD1,10.745116681859605
LRP8,6.944816408386499
NPS,0.006837648131267093
ACTA2,12.485490519598898
ZNF197,8.797108021877866
ACTA1,4.033153327256158
ZNF192,8.256428258887885
EMCN,7.945460164083862
WNK2,8.399989881494983
QSOX2,8.413393254329975
INSL5,0.3664329990884228
PDS5A,11.573224339106662
PDS5B,9.958415223336385
MFSD3,8.558324430264351
SYCE1L,2.3262665451230613
TSTD1,10.154337465815864
TSTD2,8.898887602552408
PLXNA4,6.798828258887873
PKHD1L1,2.217033728350048
BNIPL,8.581912853236089
TADA2A,7.416206198723784
TADA2B,9.921242479489514
PSMB4,12.225313673655402
NR2C2AP,9.021905287146756
PAICS,11.714810391978121
OR1I1,0.01065897903372835
RSBN1L,8.913518960802188
UBXN2B,9.892706836827713
UBXN2A,8.10799726526891
VWA5B2,2.8146999088422966
VWA5B1,0.611629717411121
KIAA0319,3.197323974475841
DYNC2LI1,8.632850227894249
EDARADD,7.891902278942575
IFNW1,0.2086752051048315
ZNF212,8.401951230628988
OR4D6,0.022886964448495892
ZNF224,7.641887237921596
ZNF225,6.2957388331814
ZNF226,8.241174658158625
KIF9,7.206551412944392
KIF6,3.924098632634459
KIF7,6.889524430264358
ACMSD,1.6894879671832272
KCNQ5,5.12122370100273
KCNQ2,0.5952845943482223
KCNQ3,3.8215405651777563
KCNQ1,7.2386215132178595
ALDH8A1,3.400247037374658
HOXC10,8.39325250683682
HOXC13,6.941268003646311
HOXC12,1.3982040109389244
VEGFA,10.87381941659069
TSPY4,0.0037621695533272565
PLN,5.723197538742021
LHX4,2.6303697356426654
UBE2E2,8.196718049225163
RTTN,7.818184503190523
BNIP1,7.686809389243392
BNIP2,9.454130537830439
BNIP3,9.729044029170462
PDE4C,2.6433408386508677
UBQLN1,11.726495806745664
INSL6,0.24530127620783973
ZNF491,5.426341112123976
ASTN2,7.940943482224238
ZAN,1.2385943482224258
KCTD15,9.387752324521415
LEKR1,4.276902917046493
KIR2DL3,0.8483804010938939
PTGER4,7.245809206927977
KIR2DL1,0.5907991795806747
SNORD71,0.0
FLOT1,11.929754421148562
FLOT2,11.283463810391986
KIR2DL4,1.3910665451230624
NCF1C,4.654555059252511
ZNF544,9.380381039197792
NAB1,9.536466636280759
UAP1,11.019638103919803
NAB2,9.266770829535098
PDE6B,6.585886508659986
SEPP1,12.136162078395612
ZNF490,8.174038468550595
IYD,3.663330082041929
LINS1,8.005414585232462
OTUD5,10.466757429352771
OTUD4,10.010850501367377
OTUD3,7.918599635369191
AP3M1,10.548235369188708
AP3M2,9.273860802187782
PTGER1,1.0294533272561524
SPEM1,0.23780938924339098
AKAP14,0.7099195989061072
AKAP12,8.940739288969924
AKAP13,11.328552142206032
AKAP10,8.603648222424805
AKAP11,10.235753144940752
HTRA4,2.8419812215132167
PTGER3,8.503547948951699
COL2A1,5.2209989972652755
CCDC8,7.627628623518697
HTRA2,9.280583682771196
HTRA3,10.455030628988148
BSDC1,11.123500911577011
PHEX,4.056452415679127
MFSD6,10.424684867821332
PYY,1.9647906107566073
S100Z,1.1520976298997248
UNC5CL,5.12176900638104
PRIM1,7.546956335460353
NTN4,10.384121239744768
KIRREL,7.345243846855062
NEFH,5.973797903372833
MGC16121,3.5515908842297192
LNP1,5.682566909753873
DNAH2,5.490542935278027
C17orf88,0.4300700091157704
C17orf89,8.093177210574286
SNX12,7.7577842297174096
EGLN2,10.711917228805829
C17orf82,2.522052780309931
C17orf80,9.24170865998176
C17orf81,8.897272014585232
C17orf86,6.775550136736558
C17orf87,4.2190820419325386
C17orf85,9.05336845943482
SPIB,3.980044576116682
SPIC,0.43881039197812227
TNKS1BP1,12.159162625341839
LGTN,10.19021969006381
LOC222699,5.44190765724703
HECA,10.012958979033739
PCLO,8.044524977210576
C6orf118,0.5926918869644487
ARID5B,10.338595259799451
ARID5A,9.300910027347319
C8A,0.07140692798541476
C6orf114,3.3744006381039178
C6orf115,9.485073564266179
LOC100129726,2.3469601640838658
LOC731789,0.539725706472197
MAP2K1,9.98365907019144
TP73,5.355180309936198
ABT1,9.23258030993619
AKR7L,4.914589243391076
TBP,8.03141084776664
LOC285740,0.28401814038286227
LOC100302640,2.1656348222424806
PRR20B,0.0
GLS2,5.670568641750221
SLC38A5,6.7332756608933435
LAPTM4A,13.064709115770281
GALK2,8.321046308113038
SPCS2,9.659805560619874
LAPTM4B,11.689378577939832
ANKH,10.528082862351857
RASGRP2,5.429368368277122
ALG1L2,0.3334244302643571
EGFR,7.3348680948040075
SLC38A7,7.80882552415679
DHFRL1,7.942638559708291
RCVRN,1.2873307201458535
KIAA0649,9.413706563354607
WDR86,4.350104740200544
ALOX5AP,8.258220419325424
WDR81,9.470062534184134
WDR82,11.42803500455789
NLRC5,9.126624703737477
SLC38A1,12.59844530537831
UBAC1,9.46823144940748
WDR88,2.3134601640838657
S100G,0.6868244302643576
ACER2,6.409480492251598
ACER3,8.493550592525068
FRMD4A,9.403824612579776
ACER1,0.8692057429352776
SLC38A3,4.874203555150418
SNAR-C3,0.0
SNAR-C2,0.0
TMEM90A,1.5705805834092976
AARSD1,8.95726900638105
ESYT1,11.55999535095716
ESYT2,11.61778596171377
ESYT3,3.5805604375569704
CXCR3,5.6586896991795745
CXCR2,2.90692123974476
CXCR1,2.36575870556062
CXCR7,8.85515113947128
CXCR6,5.688271467639012
CXCR5,3.9782732907930742
CXCR4,10.56670583409299
JAG2,9.192639197812216
JAG1,10.439266271649942
CLRN2,0.023926891522333637
CLRN3,1.0613702825888782
CLRN1,0.2755439380127621
MYF6,0.33659216043755724
PIP4K2A,9.619837921604379
APPBP2,10.286964448495905
MINK1,10.602119781221539
TFF1,8.490641567912487
QRICH2,6.059947402005471
QRICH1,10.520496444849583
E4F1,9.077337283500466
CRYBB3,0.9075643573381935
CRYBB1,2.879312032816775
PRRX1,10.586265360072916
RAP1GAP,8.796152962625344
EXOC2,10.21895305378305
EXOC3,10.116495897903375
DEFB107A,0.002420237010027347
EXOC1,9.745037374658155
BNC1,2.7554882406563386
EXOC7,11.502511030082045
EXOC4,10.575368641750227
BNC2,7.694396262534185
UBE2Q2,10.151150319051974
EXOC8,9.085356700091147
MAPKBP1,8.790100364630801
SERTAD3,9.766015587967171
ANK1,4.313645123062904
ANK2,7.5087202370100306
ANK3,9.796409571558792
MGAT4A,10.681326709206907
CHRNG,0.36884603463992705
CHRND,0.07698131267092069
CHRNE,4.081792069279867
C9orf96,3.5074336371923414
C9orf95,8.244273290793076
IFI44,8.983920328167715
C9orf93,5.800414858705556
C9orf91,10.024114220601646
BZW2,11.067055515041009
RAD17,9.310537101185046
FAM99A,0.00705742935278031
FAM99B,0.0008239744758432088
CRAMP1L,9.805919872379205
SNORA10,0.19891276207839564
IDH3A,9.83146253418413
OR9A2,0.12088924339106655
ARSF,0.7224253418413862
C5AR1,7.669629717411128
TNRC6C,9.466004740200576
TNNC1,2.455976207839565
OR9A4,0.08423254329990887
CYP3A7,0.4810919781221515
PHACTR1,4.41669799453054
USP26,0.5234628076572475
USP25,9.77594029170464
PPL,10.17030483135824
PSMD6,10.162186873290795
CYP3A4,0.49606873290793
TRIP4,9.160927894257059
LOC644936,4.794431722880584
ADAMTS5,7.636122333637179
ADAMTS4,9.168167456700095
ADAMTS7,7.287989243391067
ADAMTS6,5.692084685505936
ADAMTS1,9.442070920692792
TMEM134,9.2295317228806
ADAMTS3,4.8382884229717344
ARHGEF9,9.056685414767554
ARHGEF6,9.810494621695529
ARHGEF7,10.173061349134
ARHGEF4,5.816312853236093
ARHGEF5,8.866553965360056
ARHGEF2,11.012054968094816
ARHGEF3,9.852147037374671
COTL1,11.012365633546038
ARSG,8.025122060164078
CDH9,0.030519690063810386
CDH8,2.339069097538746
PROKR2,0.31124402917046484
FAM48B2,0.6306390154968093
RPL23AP53,7.136682680036466
CDH1,12.798792069279848
CDH3,9.440472470373749
CDH2,6.247256882406551
CDH5,9.619400091157702
CDH4,1.4277559708295349
CDH7,1.8594486782133104
CDH6,5.782757338195077
CENPO,7.099136645396534
CENPN,8.187623427529628
DPP10,1.294757155879672
CENPL,7.7184619872379185
CENPK,6.278303190519587
CENPJ,7.560306836827724
CENPI,5.677275752051049
CENPH,7.549250227894261
CENPF,10.826143573381945
CENPE,8.242957885141301
RAMP1,7.335894439380134
CENPB,11.140005287146758
CENPA,6.677370829535092
RAMP2,8.625853874202356
LDB2,7.7395931631722705
LDB3,4.408935186873293
CLCF1,6.515305560619881
KAZALD1,6.729217411121243
PALM,8.87953582497721
FOXE3,0.7827480401093889
SSH1,10.043588605287148
CENPW,7.212143846855054
CENPV,6.3058718322698235
CENPT,8.528659981768469
SERPINI2,0.3402987237921605
CENPQ,7.026221422060158
CENPP,7.014262351868731
TRMU,7.81828268003646
TRPC2,1.1683887876025532
SPRED1,9.740792889699165
PDXDC2,7.589449225159537
LIN9,7.7063783044667185
LOC389705,2.2743992707383813
ATP5G1,9.76079808568824
UCA1,2.7433662716499523
UCKL1,9.127919781221525
PLEKHA4,8.782970009115767
PLEKHA5,9.154745578851413
PHACTR2,9.05605624430264
PLEKHA7,8.59710218778488
ATP5G3,11.442905925250688
PLEKHA2,9.400291340018233
PLEKHA3,8.468495168641745
NETO1,2.5771535095715596
WDR34,10.702969188696446
NETO2,7.91649380127619
PLEKHA8,6.812892342752959
PLEKHA9,6.242531905195993
STBD1,8.748932452142189
CTPS,9.325832725615324
RFESD,4.646028896991795
OR1D2,0.0062723792160437565
SEC62,11.804749134001838
OR13C9,0.006120783956244302
DHX38,9.94790273473109
SAMD4A,7.924412944393796
TRIB1,10.909757976298996
TRIB2,9.897833454876931
TRIB3,9.753490975387425
DHX30,10.689613491340006
DHX32,9.918168915223351
DHX33,8.104917137648124
DHX34,9.128597812215139
DHX35,8.140164083865091
DHX36,9.883610391978113
DHX37,9.06361112123975
LCE1F,0.027606745670009116
LCE1D,0.021299635369188698
LCE1E,0.06169772105742933
LCE1B,0.09296645396536006
LCE1C,0.2521106654512306
CABIN1,10.596686052871455
LCE1A,0.033370100273473105
LAYN,6.815686052871464
MGAM,3.8402231540565204
AP4S1,6.072809206927987
B3GNTL1,6.245654056517777
LUM,13.32602452142205
VN1R2,0.04523181403828623
MTR,10.278676298997262
VN1R1,3.682893983591611
ZNF768,10.376616408386509
VN1R4,0.00619690063810392
VN1R5,0.5382905195989062
ZNF765,8.062803281677295
LOC100009676,6.295784503190522
ZNF767,7.616143482224248
ZNF766,9.200173290793085
ZNF761,8.86739908842297
ZNF763,6.2527125797629814
PGBD1,6.968201276207831
TPT1,15.346929899726524
OR2V2,0.011406745670009115
RPP21,8.344538195077487
SPATA5,7.820986326344572
VNN1,4.784844849589791
RPP25,7.920025524156798
DSCR10,0.05809170464904288
PMCH,1.441423245214219
PLSCR4,8.304675022789437
NKX2-8,1.2173628988149496
C14orf72,1.5034184138559714
ECSIT,9.129245852324514
C14orf70,0.047295624430264346
ZSCAN10,0.3376689152233365
WIF1,2.5661142206016376
HHATL,0.5019643573381951
LOC339047,9.641929170464905
FAM185A,6.710663263445763
C14orf79,8.260876116681848
RETNLB,0.04075979945305378
PCDH8,1.5127402005469466
SUPT6H,11.58588140382862
YBX1,12.396714038286257
C18orf34,2.517458796718323
CILP2,7.723298359161343
C18orf32,10.372130446672736
DOPEY2,10.537268915223335
DOPEY1,9.119356791248858
RBMY2FP,0.006039015496809481
PRIM2,7.6986817684594415
ZNF501,6.041223245214217
ST8SIA5,1.8830294439380129
ZNF503,7.25264092980857
WDYHV1,8.165203372834998
SMAD4,10.46485387420235
ZNF506,8.580581221513206
ZNF415,7.639490975387422
TBC1D10A,9.035484776663626
PSG8,0.1702434822242481
TSR2,9.927413035551512
GPBP1,11.166568368277114
ENOX2,8.308172105742932
TREM1,4.837736371923425
TREM2,8.267917228805832
STK24,11.344856608933446
CD1B,2.002611668185963
SMAD5,10.478846216955327
RPL41,13.963875843208756
CD1C,4.351182588878763
MYH2,0.5404844120328172
MYH3,4.087110665451232
GREB1,9.92341039197813
HAO1,0.4066551504102096
MYH6,0.5426766636280763
MYH7,0.5364245214220607
MYH4,0.5447530537830447
THBS2,12.304473199635344
RACGAP1,9.735695350957155
FAM167B,5.996293527803099
FAM167A,6.292541020966268
MYH9,14.653651868732899
BAGE2,2.114927985414768
RNLS,6.435437556973571
C9orf53,0.576874475843209
DPH3B,4.34284968094804
UGT2A1,0.2355405651777575
SNORD88A,0.0
LOC29034,0.015790610756608932
CELF6,4.9565294439380105
VGLL2,0.23036681859617117
VGLL3,7.709159617137654
CADM4,9.469099908842301
VGLL1,3.5895994530537854
CADM2,3.3248966271649927
CELF5,3.6548945305378298
VGLL4,11.087840200546951
CADM1,9.42207693710118
FGD5,8.862345852324538
FGD4,8.111003281677311
KRTAP5-6,0.11337958067456695
C9orf50,1.0316319963536915
FGD1,8.69022388331814
KRTAP5-1,2.6737120328167743
FGD3,9.271722515952584
FGD2,6.535580309936186
LST-3TM12,0.3838578851412944
CELF3,1.4698027347310851
CEP250,9.84239571558796
KRTAP5-8,0.9597447584320883
KRTAP5-9,1.9824824065633533
CELF2,8.730842570647214
TBX18,5.975063263445769
CELF1,10.927272835004546
MERTK,7.447423609845031
VCPIP1,9.872007383773918
RLN1,1.6587432999088443
UHRF1,8.449382680036466
UHRF2,9.466960893345492
FAM149B1,8.844537465815863
CNNM1,3.357893801276203
CNNM3,9.864700820419328
CNNM2,7.1756748404740165
CNNM4,9.990568277119419
HHLA2,0.6308686417502282
HHLA3,7.096362898814954
PIP5K1A,10.770295897903377
HHLA1,0.12777958067456702
KEAP1,10.619603008204196
MYO9B,10.905548495897895
MYO9A,8.496581586144035
TRIP6,9.976354876937089
RLN2,4.282099361896075
ZBTB8OS,7.490705469462171
ZNF337,8.897476207839542
DSCC1,7.431623883318139
PHF14,10.037222607110293
PHF15,9.967082406563348
PHF16,9.231673928897004
PHF17,9.387678213309023
PHF10,10.267103828623526
PHF11,9.212165724703741
PHF12,10.324159981768467
PHF13,9.607023427529615
FOXQ1,4.152291886964452
ZNF710,8.072837010027358
PHF19,8.80575031905198
FBRSL1,9.11918505013672
ZNF711,6.712779762989965
EZH1,9.379456426618063
SLC5A1,6.078664630811304
MEGF8,9.933508933454876
EZH2,8.639867365542397
SLC5A4,1.6670130355515045
CCNB1IP1,8.906217775752056
SLC5A6,10.837692889699168
PTGDS,7.424250319051956
RLN3,0.10121403828623517
PRSS8,11.893755059252525
TIA1,10.496176298997257
MEGF6,8.903407748404739
UBN2,9.659943482224252
UBN1,10.835085323609855
RALGDS,10.728250683682761
PNLIPRP1,0.031451139471285326
PNLIPRP3,0.6168783044667273
PNLIPRP2,1.381588149498634
NKX2-3,0.6070986326344584
RAVER1,10.509538742023688
RAVER2,8.38023855970829
ALX3,4.226117593436648
NAA40,9.009463445761167
ALX1,0.9131309024612579
RB1,9.964782497721053
ALX4,1.7775339106654497
YY1AP1,11.257408751139478
LOC400043,7.454238377392886
UCN,2.5077906107566066
NKG7,6.159796080218776
LOC649330,3.624395715587969
ZBTB3,6.581575113947125
ZBTB2,9.220611759343642
ZBTB1,9.66407830446673
CARD18,0.24279562443026434
ATAD3C,6.411970464904282
ATAD3B,7.732615405651779
ATAD3A,9.070923427529621
MAT2B,10.379841476754791
NBR2,6.827475296262543
CYP21A2,6.545568824065634
CARD11,6.6681183226982705
CARD10,8.444849316317228
CARD17,0.4226579762989974
BOD1L,10.231920601640844
LOC151534,7.493163536918874
CARD14,7.6570980856882365
CASC3,11.383685505925257
CASC2,5.567983226982673
CASC1,4.952001731996356
HCG26,5.289856882406567
ARR3,0.17523728350045584
GNB3,3.7622275296262533
CASC5,7.129984503190515
CASC4,11.357457885141304
COL24A1,5.099897356426613
PXMP2,7.7479513217866876
GNB2,12.140796171376483
PXMP4,9.351168185961697
HAO2,0.9353633546034638
RIPK3,7.1284146763901495
ZMYND12,5.657295806745673
LOC284379,1.205743482224248
C20orf108,11.472219963536917
HN1L,12.281599270738386
MGC21881,6.6074645396535985
C20orf106,0.9038183226982675
C20orf107,1.676977392889698
C20orf103,7.605008204193249
CUL4A,11.053342935278021
TAF1,10.089828441203288
CUL4B,10.924448951686427
CYP2C19,0.11260364630811305
CYP2C18,0.6303283500455793
WDR49,0.9561364630811304
BOLA1,8.273108933454889
NUDT16,9.287417593436647
BOLA3,8.005168368277117
BOLA2,10.064207292616224
RIPK2,9.181901185050128
IMMT,11.117142752962634
PPBPL2,0.012369735642661807
GLCCI1,8.669978304466724
SLC6A3,1.2267587055606202
C21orf82,3.014256153144941
C21orf81,1.554336645396533
SLC6A7,1.2468287146763897
SLC6A6,10.034232634457615
NDUFB9,11.448217228805841
C21orf84,0.5365564266180493
NDUFB7,9.97991139471284
CROCCL2,5.587343846855056
CROCCL1,7.947828350045582
C21orf88,3.2267493163172283
NDUFB3,9.395290246125793
FAM160A2,9.275481677301737
NDUFB1,9.292786417502285
GPR39,6.716060711030083
WDR13,10.088497538742018
YDJC,8.287634548769372
GSR,9.556061531449398
POM121L1P,0.8341992707383777
ZNF667,5.718346763901552
KIAA1919,6.07002689152233
GPR31,0.9702357338195076
ASB14,3.368066453965361
GPR32,0.03428669097538741
GPR35,4.7979444849589745
GPR34,6.894655241567915
GPR37,5.972301640838655
LRPPRC,11.995681039197818
C12orf56,0.7476249772105743
C12orf57,10.590386052871459
C12orf54,0.5367116681859619
CYMP,0.01937547857793984
C12orf52,8.987394348222436
C12orf53,3.3526983591613435
C12orf50,0.20265478577939827
C12orf51,10.339231084776664
FMNL2,9.028528258887876
FMNL3,9.83701731996355
FMNL1,8.931639380127631
ZIC4,2.178753144940749
C12orf59,4.30577939835916
STAP2,9.269268003646303
STAP1,3.3579612579762967
TBC1D20,10.346586782133082
NEXN,7.535204010938929
RIPK4,7.649220875113955
INGX,0.5926184138559712
SH3BP4,11.232654329990893
MAPRE1,11.691278942570646
MAPRE3,8.336834275296264
MAPRE2,9.227315861440301
AQP6,2.156944029170465
AQP7,3.8458949863263467
AQP4,2.604579489516862
ANKRD46,8.908547402005471
AQP2,0.7931927985414767
AQP3,8.831945487693709
ANKRD43,5.648352051048307
AQP1,11.248426253418419
TBC1D24,8.603300546946214
ANKRD49,8.01922989972653
TM6SF2,3.111045396536007
AQP8,0.8491698268003637
AQP9,4.9422572470373725
NR1H4,0.16140756608933451
NOP2,9.767720328167737
SCARNA9,2.072212670920694
SCARNA8,0.021162443026435735
SCARNA7,1.1172773017319952
PATZ1,10.70355378304465
SCARNA5,1.0223928896991794
SCARNA4,0.012744302643573381
SCARNA3,0.013476572470373744
SCARNA2,1.9307009115770257
SCARNA1,0.04768021877848679
AFG3L1,7.736792707383782
GTF2I,11.411193618960795
MRRF,8.960971285323602
MPV17L,7.120253600729251
PHB,11.533410118504998
GPR150,0.49194430264357375
ZNF516,8.126436827711942
GSC,4.514030993618961
ZNF382,5.666928714676394
SNHG5,10.056328988149522
PGGT1B,8.933770738377394
RHAG,0.2985405651777576
SNHG6,9.747808568824057
IFIT1B,0.4006917046490431
NR1H2,10.217354785779385
GUCY1B2,2.413423974475847
GUCY1B3,8.164860893345493
RNF215,7.825772288058342
RNF214,8.171257429352792
RNF217,5.591812579762995
FAM126A,8.068417411121239
LZTR1,9.799678030993634
SNHG8,9.22593956244302
RNF213,12.30519881494986
RNF212,4.158794439380126
MED29,10.74644685505926
FUNDC2,10.275543208751127
STX2,7.797161531449417
ZNF326,8.870756608933457
ADORA1,7.6684450319052075
MED20,9.129712670920682
ADORA3,7.239052871467639
FAM47B,0.033909936189608025
MED25,10.025735460346397
MED24,10.798421513217884
MED27,8.026398541476757
ENAM,0.40551276207839565
C14orf73,2.6694370100273472
GUCY2C,1.5502520510483162
CC2D1A,9.811513855970816
SEPT8,10.81223938012761
CC2D1B,9.514466636280762
SEPT5,9.179923427529628
C10orf131,0.8030803099361892
SEPT7,11.606517046490419
RESP18,0.010184594348222425
SEPT1,6.57414931631722
BDNF,2.8190619872379243
SEPT3,7.640947766636273
C10orf137,8.6572964448496
YPEL2,9.4139452142206
UTS2R,0.6558660893345492
LOC100128554,0.06091750227894258
LOC100131551,2.350262443026438
SNORA5C,0.047442935278031007
GK2,0.010651048313582497
GK5,9.278566818596149
TRIAP1,9.043467912488616
RBM34,9.842145487693704
?|280660,0.043828988149498635
CDK5R1,6.741627620783951
TXNDC15,10.140577392889695
RBM33,9.810252415679123
CDK5R2,1.1047570647219687
RPS3A,12.244438559708293
GSN,12.825119963536915
RBM39,12.114115952598013
RBM38,9.188336554238816
UGT1A7,0.415653783044667
EPHB2,7.6960637192342825
EPHB3,10.262637556973573
EPHB1,5.201950957155878
EPHB6,6.132441841385595
PARP9,11.000993801276216
EPHB4,11.166346946216954
SPANXN2,0.006131175934366453
DNAJC5B,3.3918966271649933
TOM1L1,10.032904922515973
PARP6,9.68697903372835
EPN1,11.022087420237023
DNAJC5G,0.08309051959890609
EPN3,9.414038742023713
EPN2,9.939353691886964
BTNL9,6.102676572470368
BTNL8,0.7588397447584324
BCCIP,10.303669006381035
TP53INP1,10.792431540565188
TP53INP2,9.781682771194165
BTNL3,0.3053771194165906
BTNL2,0.18142880583409296
FBXO10,7.556006107566085
TSN,11.092042844120318
ANG,7.939783044667282
ALDH4A1,9.38056590701915
TIFAB,2.834491431175932
LOC729375,5.596736827711942
SLC6A8,9.836372561531446
MELK,8.136131905195978
SNPH,7.069060711030093
RIMS4,7.372421604375567
NVL,9.819032816773019
FGF22,0.2780607110300821
FGF23,0.08946198723792159
FGF20,0.5642468550592521
FGF21,0.3093707383773929
MDFI,8.329661349133987
XAGE5,0.07114840474020055
RASIP1,7.472188605287131
XAGE3,0.09906800364630816
LAGE3,9.07461631722881
ACTC1,1.8768167730173182
DSN1,9.046409845031905
TXNDC16,8.904702461257983
ZNF34,7.018326253418411
AK3L1,7.768221239744759
ZNF32,9.581796171376487
SNORD36B,0.0
ATP8B2,9.486916955332722
ZFP3,7.936902917046498
SH3GL1,10.819326709206933
SH3GL3,1.1255948951686439
SH3GL2,2.3018428441203302
SLC10A3,9.263516590701913
NPY,0.4445882406563353
SLC10A1,0.33685843208751154
RFPL4A,0.41828012762078437
SLC10A7,7.613804284412028
SLC10A6,2.68490355515041
SLC10A5,2.828598541476754
PART1,4.1019498632634415
SNORA24,0.22519371011850497
MPST,9.239112123974474
ING1,8.65397575205105
FHL2,10.04991823154058
FHL3,8.682801093892435
FHL1,8.943983409298083
TYRO3,7.531057338195083
FHL5,4.296158887876025
OR1K1,0.08749680948040107
PUS10,7.493332269826798
FTH1,15.192496627164974
UGGT2,8.748076572470364
TSGA10,5.844949498632633
SULT1C4,4.146622515952595
UGGT1,11.083909115770277
SUV420H2,7.624182862351866
BSPRY,9.794779945305391
ZNF248,8.145049680948055
SNAR-I,0.0003350957155879672
ITPRIPL2,10.975412488605292
ITPRIPL1,4.047634548769377
KIAA1751,1.45553035551504
FLJ40852,5.064565815861442
WWC1,10.158584867821318
SFTPA1,0.353594895168642
KIAA1755,6.996278486782131
LOC732275,0.011028258887876025
LOC100189589,0.7643299908842296
RFPL3S,2.5096023701002745
ALDH7A1,10.56731185050139
PAWR,8.348121786690974
RAD51C,8.375345487693702
RWDD2B,8.66816080218778
VASH2,6.905635916134922
PYY2,2.0027402917046486
?|391343,0.382243026435734
C9orf144B,0.6751421148587057
LOC286238,0.025418049225159528
C5orf15,10.742693892433916
CTDSPL2,9.354543391066546
PDPR,9.365214220601649
UGT1A10,0.24853345487693707
ST7OT4,0.7678287146763901
COL21A1,4.828742844120323
TRMT2A,9.085656608933446
GATAD2A,10.761056061987226
VTRNA1-3,0.0
GPA33,2.3659043755697367
VTRNA1-1,0.0
LGI1,0.9926563354603462
WBP1,10.662699999999992
HMGXB3,10.350998814949866
HMGXB4,9.462129808568823
LGI2,6.28469717411121
FLJ10661,4.1734212397447585
DIP2A,9.568658979033732
DIP2B,10.560454421148611
DIP2C,9.597672926162247
BAHD1,9.636442297174105
MYLPF,1.0326238833181405
ZFP36L1,12.66998641750227
NIT2,9.863610756608926
DCLRE1B,8.113287876025533
DCLRE1C,8.247620966271649
YES1,10.468545214220601
DCLRE1A,8.585134639927062
SNORD41,0.0
DNA2,7.199259343664537
ECT2,9.997404284412047
KIAA1632,9.850843573381939
STAM2,9.798061257976311
KIAA1712,8.094265268915235
NADK,10.080181312670915
LOC143188,3.7970088422971755
ZCCHC9,8.173533272561535
WDFY4,7.360776390154965
KCNS1,2.651723062898816
KCNS2,1.60792552415679
KCNS3,9.112776116681873
TBX4,1.5875812215132188
ZCCHC2,9.042977575205102
CYP4A22,0.8408680948040111
ZCCHC7,8.990318505013677
ZCCHC6,9.739543664539667
ZCCHC5,1.9975238833181403
ZCCHC4,7.260768732907935
C17orf60,4.298691340018232
C17orf61,8.674447584320871
C17orf62,10.482171649954408
C17orf63,9.75225378304466
C17orf64,0.5177196900638096
C17orf65,7.552385688240655
C17orf66,0.4725736554238831
C17orf67,4.5750325432999155
C17orf68,9.290207201458518
C17orf69,5.754860802187781
ADAM21P1,1.235990154968096
LOC654342,7.639058249772115
SLCO2A1,8.769888149498623
CHADL,5.718342570647219
OR2M5,0.004438742023701002
EFCAB4B,6.772365998176845
OR2M7,0.009247766636280763
FKSG83,0.04023500455788513
OR2M3,0.019991522333637192
OR2M2,0.009131540565177758
WBP11,11.21922443026436
IPPK,8.98806043755697
KIAA0087,1.303916043755696
NDUFA4L2,7.749229352780307
C6orf132,7.720308295350957
UPP2,1.038204102096626
C6orf130,8.764616134913398
ARID3B,6.898876845943482
C6orf136,7.9638918869644515
C6orf134,8.016535004557884
FAM9B,0.029133181403828628
FAM9C,0.47870455788514166
C6orf138,3.358602552415678
CASQ2,4.122585323609837
P704P,4.154708568824065
INA,1.8199428441203267
LOC285768,0.3558244302643573
PUS7L,7.7418805834093085
SNORD62A,0.0
SNORD15A,0.1085103008204193
TRIP13,8.290879124886056
GLRB,7.022575843208752
MUDENG,9.54846016408389
ADPRHL1,6.796710938924337
ADPRHL2,9.517325250683685
LOC392196,0.162154968094804
DARS,10.618616317228811
GLRX5,9.861113035551503
LYPLA2,10.355333181403825
MC2R,0.08693901549680948
TPI1P2,4.197897447584319
GLRX2,7.322737374658163
GLRX3,9.68731613491339
PIH1D2,4.99564831358249
ATP2B1,10.011257885141287
ARGFX,0.04541631722880583
SPG7,9.903140929808576
ICA1,9.794443664539648
WBP4,8.002506927985415
DARC,7.28507192342753
S100A10,11.5848450319052
KIAA0664,10.659894257064728
S100A12,0.845889152233364
S100A14,11.292590428441194
PHYHIP,4.179703463992706
S100A16,11.788202643573369
C19orf40,6.063517502278949
C19orf41,0.06405943482224248
C19orf42,10.465194804010931
C19orf43,10.704124521422075
C19orf44,7.416876298997266
C19orf45,2.938083500455784
C19orf46,7.998530993618966
C19orf47,8.442779124886053
C19orf48,9.947761531449409
A4GNT,0.6417752051048317
GRK4,5.879751686417501
GRK5,7.7588756608933425
PPYR1,1.1701601640838648
CYBRD1,11.982768459434821
CAPN7,9.681477666362811
CAPN6,5.03747128532361
CAPN5,7.461382680036454
CAPN3,5.563290610756611
CAPN2,12.235733363719227
CAPN1,12.042373564266178
DLEU2,5.505129808568817
DLEU1,6.370938742023706
DLEU7,2.228747037374658
NECAB2,2.1985749316317253
CAPN9,5.683773928896999
CAPN8,6.739615587967185
SOD2,11.737022515952598
SPAG8,3.8395900638103924
SPAG9,10.781449407474923
SPAG6,2.8136303555150404
SPAG7,9.321467912488616
P4HB,14.375812215132191
SPAG5,9.266850045578845
TBX5,5.595872561531454
SLC2A12,6.185237739288959
HTR6,0.7897743846855058
HTR7,3.5655041020966265
HTR4,0.3257608933454878
KLHL5,9.454171285323616
KLHL2,8.308244120328165
KLHL3,6.585087784867825
KLHL1,0.7132267092069283
WAC,11.609218960802194
SLC2A10,10.325016681859617
KLHL8,8.354912579762988
KLHL9,10.27216973564266
CAB39L,9.17519288969918
FUT11,7.502218322698269
FUT10,6.778025432999081
FAM82A2,9.921000911577014
FLJ37453,6.293014949863253
SGMS1,9.183926982680056
FAM82A1,5.723266727438463
ZNF696,7.981844758432082
ELFN2,3.088085323609846
MKRN3,2.8308071103008188
MKRN2,9.390463263445776
KATNA1,8.21642443026435
DEFB105A,0.00023974475843208752
KDELR3,9.420812123974468
KDELR1,12.115092433910664
RSPH10B2,1.9345677301731985
HIRIP3,8.971365360072923
RP1,3.401197629899732
CLEC12B,0.839805287146765
CLEC12A,3.7146322698268026
POU2F1,6.922002552415682
ZFP30,8.152933728350046
MAMDC4,5.24947930720146
ANKRD33,0.3201948951686418
MAMDC2,5.899214676390166
ZMAT3,6.696571467639014
MEGF11,1.434345487693711
ZNF354A,8.305648678213297
KIAA0947,10.223615861440301
ST14,11.524424247948945
RP2,8.672684047402015
MOBKL2B,7.442351230628994
MOBKL2C,8.414410209662705
MOBKL2A,10.127535278030997
TEX19,1.7801958979033725
AANAT,0.42571631722880626
ST18,1.8869442114858719
TAS2R7,0.01970164083865087
TBR1,0.436367000911577
LOC730101,7.256548860528711
CDV3,11.972627164995453
LYG1,3.139045214220602
LYG2,0.4293463992707386
TCTN2,8.821670373746583
TCTN3,10.235597812215131
CMAH,7.60531996353692
TNXB,8.271230355515035
SOHLH1,0.6726315405651782
SOHLH2,2.7767359161349163
CMAS,9.684082953509563
GRAMD2,6.511510938924332
FATE1,1.2208926162260707
AKT1S1,10.162895897903368
LOC728554,7.8893326344576105
GRAMD4,9.567821422060165
PRDM14,0.05084521422060163
RGMA,7.399075569735642
TAS2R4,1.75008131267092
SLC5A2,0.6768558796718317
DCHS1,9.626043026435712
DCHS2,4.084223245214215
LCE6A,0.025239927073837737
NT5C3L,9.23108559708295
SERPINB11,0.09151668185961714
SERPINB10,0.29035907019143103
SERPINB13,0.5514638103919786
SERPINB12,0.1299867821330903
WHAMML1,5.478267365542386
TMEM132C,3.6255528714676424
CMA1,1.902926526891524
TMEM11,8.728247584320854
PLEC,12.946860255241546
TXLNA,11.104502643573388
ZNF546,6.105979216043764
LOC550643,8.518306472196889
NELL2,7.7482155879671915
PLEK,8.681421148587058
BSCL2,11.106202096627175
LTK,2.358751321786691
GOT1L1,0.011447219690063813
POMGNT1,10.622068368277114
NWD1,3.8089119416590713
KDM5A,10.67862260711029
PRAME,4.822930902461254
GOLGA2B,7.678650592525068
PRDM12,1.6671918869644502
SPOCK2,8.62802014585232
SPOCK3,1.1344180492251594
ZNF133,8.223516226071098
TMEM18,8.99366663628077
PDE4DIP,11.024428532360997
CLDN12,9.927359525979941
CLDN10,1.9593935278030992
CLDN11,6.49343309024614
CLDN16,0.7484107566089342
CLDN17,0.014874202370100273
CLDN14,2.9572171376481307
CLDN15,6.64294029170465
SYNGR4,1.8116061987237904
NR2F1,7.022068185961717
CLDN18,1.2156245214220571
CLDN19,2.361269553327256
NDUFA11,10.453826253418423
APOOL,7.3570747493163235
ISCA1P1,5.945811759343669
PGBD2,7.5763956244302735
PRDM13,0.6026970829535094
SNX5,10.82245287146764
SLC5A5,1.9536655423883322
GAD1,2.86135013673655
GAD2,0.10439197812215127
TSKU,10.578032999088416
ZNF746,8.834130082041927
MTHFD2L,7.646861257976307
PHYH,9.288818869644485
ZNF740,9.752497994530547
LCE3D,0.11166463081130354
LCE3E,0.059733272561531464
NDUFA12,9.373668185961723
LCE3A,0.05892944393801278
LCE3B,0.0
LCE3C,0.006203281677301732
TMEM150B,2.9103510483135877
ODF3L2,1.0766491340018227
ODF3L1,2.0957969917958104
PHLDB2,8.981412397447592
SNORD116-5,0.0
AGTRAP,9.903125706472201
DNHD1,6.866590519598906
MTP18,8.077328441203283
LOC220429,1.8005219690063803
C14orf19,1.735897265268915
SNORD103A,0.0
PABPC4,11.364669279854162
PORCN,7.577042388331822
ELL3,8.135009298085684
OR11H1,0.005315041020966272
TAS2R1,0.2815225159525981
OR11H6,0.025335824977210566
MPV17L2,8.29756216955332
OR11H4,0.05023855970829535
SYNE1,9.59783855970829
SYNE2,11.29441923427529
FAM187B,0.28727711941659073
TNFRSF13B,2.328758523245215
GOPC,9.997876298997268
WFIKKN2,1.256907292616227
C18orf54,6.665870556061989
C18orf55,8.395281586144021
C18orf56,3.9723499544211482
DDB1,12.706788514129448
ZNF527,6.875367730173192
WFIKKN1,4.002987693710114
ZNF525,8.367240291704661
ZNF524,7.799196809480409
ZNF529,8.261450865998164
ZNF528,7.973242570647213
JRK,8.562480674567007
OR56A5,0.0715088422971741
PCDHB19P,2.474976207839566
FEZ1,6.398012670920694
SLC5A8,2.868400364630812
OR56A4,0.03363463992707384
RNF144B,9.977889608021876
YJEFN3,5.230512123974475
RNF144A,8.983537010027346
STEAP1,7.3369223336371965
OR56A3,0.39054731084776667
STEAP3,9.911370282588877
KIF21B,7.036540747493157
OMA1,8.648065724703734
PRO0611,0.6317455788514128
FEZ2,9.571710574293522
OR56A1,0.03241631722880583
OR4F15,0.011211850501367365
LOC100129935,0.009212670920692799
BCL11A,5.387569371011857
BCL11B,6.191745305378308
PALM3,4.587477757520511
LOC253039,8.775130811303569
VPS11,9.95979617137649
TST,8.848287055606187
DSCAM,1.4069226071103018
UBASH3A,4.178684412032819
GCLM,8.40293281677302
AVL9,8.643628714676392
GRHL1,9.461515861440299
GRHL2,10.78393035551505
GRHL3,5.474004922515952
UBQLN2,10.36287784867821
UBQLN3,0.07670556061987237
OR4C45,0.017595624430264356
GCLC,9.592464175022776
TUG1,12.064622060164085
C1GALT1,7.755764539653598
OSMR,9.426511212397447
WHAMM,8.295539653600741
OR8B12,0.01311686417502279
FAM165B,8.302389425706462
BIVM,8.44222479489517
DAPK3,9.82351194165907
DAPK2,7.852904010938927
DAPK1,8.680565086599803
ULK2,9.32094968094804
DPY19L1,8.871320054694618
DPY19L2,4.4057342752962665
DPY19L3,8.648755606198732
DPY19L4,9.895261896080218
PIM3,10.428717866909752
C21orf129,0.7006603463992702
C21orf128,1.3506706472196903
ZFPL1,9.195202734731083
C21orf125,2.5503652689152254
C21orf122,5.026508021877845
C21orf121,0.7888911577028257
MAN1C1,7.978825341841383
TMPRSS13,8.446843117593437
MYNN,8.84821385597083
TOMM70A,11.228121330902459
TNN,6.5976355515040925
SATL1,4.807087146763898
LOC440040,0.18566417502278937
HRNBP3,0.7235542388331817
SNORD42B,0.0
FAM138B,0.03937702825888787
PREX1,11.531766545123064
TMEM39B,8.036137556973571
FAM138F,0.31797383773928894
FAM138E,0.03441139471285323
FAM138D,0.035848860528714666
SLC43A2,9.325260164083863
TAAR2,0.0020534184138559708
PITPNC1,7.996306107566073
GORAB,8.175460164083862
NOTO,0.19270036463081122
HES1,10.185127073837739
MYO7A,6.468333910665453
MYO7B,2.6325031905196004
UBL5,10.905100182315424
BPTF,11.04667994530538
UBL7,9.673757976299008
STK19,8.612026162260708
UBL3,10.346951777575205
OR6C74,0.0028649042844120327
LTB4R2,5.527161804922516
STK10,9.550166909753875
POLG2,6.970689152233369
STK16,9.345169553327255
GPAT2,5.027184776663624
FKBP4,12.881050865998176
FKBP5,10.442493345487684
FKBP6,0.5683483135824979
FKBP7,8.004793710118504
FKBP2,9.530422060164096
FKBP3,10.364551412944401
KCTD6,8.201465724703738
HES2,5.481457885141291
LOC153910,0.596744484958979
FKBP8,11.810166453965357
FKBP9,11.540151504102104
SLC27A6,4.108797538742025
NAPSA,2.4398895168641768
ZNF135,7.369256973564267
NAPSB,7.138819234275299
TYROBP,9.513175296262546
PCDH1,10.76114740200547
TAS2R14,2.9384078395624433
PPME1,10.39094293527803
GABARAP,12.47321011850502
LOC100303728,4.6507484958979015
C14orf159,9.202102917046497
LOC645323,1.6654807657247048
MANF,10.31369525979943
GPR109B,4.166568185961713
C14orf153,8.737856608933443
SV2C,0.7737623518687342
GPR109A,5.282832907930718
C14orf156,9.16956207839562
IFNA16,0.008724977210574294
SPRED3,1.2484146763901558
IFNA14,0.023759070191431166
SNORD42A,0.0
SYMPK,10.910502005469477
MAN2C1,9.46356353691887
PXT1,0.6722949863263452
SAMD3,4.358196900638105
ZNF639,9.247296900638098
KRT34,0.355541385597083
EHF,9.998362443026432
FCHO1,5.986501002734724
RMND1,9.406998450319058
TBCK,8.98713919781221
LRRC16B,3.9596761166818544
IFT122,10.030230628988141
TRIM63,1.4393369188696445
BRP44,10.296985505925248
SNORD37,0.0
BET1L,10.858807839562465
IL20,4.094210756608931
FKBPL,7.608008659981766
GRB10,9.953397721057415
GM2A,11.101716773017325
GRB14,4.974183865086595
FDXACB1,6.701599270738375
SAMD9,9.359705378304467
TNFRSF17,3.6478863263445733
GPR172A,10.468429899726514
GPR172B,4.257655697356428
HES5,1.2365035551504102
MED11,7.635758705560622
PRRC1,11.119094257064706
CSRP1,12.436464995442103
SNX30,9.324513673655423
CSRP3,0.0954830446672744
CSRP2,7.6592107566089345
ZNF460,5.537080127620786
TBCE,9.039653691886977
A2LD1,6.383685779398358
GPR17,1.9648979033728353
ATP6V1D,10.266306745670006
EGFLAM,7.490371376481327
ATP6V1F,10.82661996353691
ATP6V1A,11.093210938924337
GPR12,2.0542952597994533
HSD17B14,6.829416408386505
DTL,8.925197721057431
EMX2,4.030332543299909
ATP6V1H,10.469072652689142
CHRNA10,3.3768911577028238
GPR18,3.5947623518687317
SLC26A6,7.816129990884224
HES6,6.9454226071102925
PIWIL1,0.5380757520510485
NHP2L1,11.113335551504118
C12orf39,0.8322427529626252
C12orf34,7.340072926162258
C12orf35,10.191805560619875
C12orf36,0.42637201458523255
EMX1,3.0638236098450293
SNORD114-1,0.0
C12orf32,9.465547402005484
ZG16B,9.72478632634459
ARNTL,7.840507383773942
NPIP,9.31956581586144
PANK3,9.736046672743857
PANK2,8.953423518687304
PANK4,8.418153418413853
LOC158696,2.1925089334548784
ETAA1,8.481404102096626
KIF2A,9.063999088422971
KCNMA1,8.796718778486774
SLC26A7,3.0445913400182305
KIF2C,8.664580492251593
SLC25A30,8.435772288058335
KIF2B,0.019907383773928894
ZNF324B,7.045045487693703
PCYOX1L,8.287033090246126
FTSJD1,9.157414129443948
PADI1,1.0374268915223335
HEATR5A,9.455375660893324
HEATR5B,9.94616390154969
OR14C36,0.008718687329079306
RPL19P12,5.8272546946217
NFASC,7.921222789425722
TMEM22,5.5124505013673595
LOC643008,3.868475205104835
RAP1GDS1,10.156830173199637
MYBBP1A,10.026568277119432
IGJ,10.055358796718332
ARNT2,9.704318231540553
PLXNC1,7.932155059252495
ZNRF4,0.017965724703737463
ZNRF1,8.915277028258904
ZNRF3,8.404750501367378
ZNRF2,9.461113582497713
SLC26A9,1.8642716499544194
CBL,9.571991066545118
EBI3,5.03632488605287
GPX1,11.523529443938003
CBS,7.607889699179578
GPX3,9.782651777575197
GPX2,3.7955821330902486
GPX5,0.02689808568824065
GPX4,11.707107292616202
GPX7,7.729188422971733
GPX6,0.022265907019143112
EFCAB5,1.6659754785779401
FLNA,13.848709845031898
EFCAB7,7.0692719234275305
EFCAB6,5.057350136736554
EFCAB1,2.786519781221513
ANKRA2,8.102930537830444
EFCAB3,0.8164891522333635
EFCAB2,6.949016408386514
NPDC1,10.521676663628089
LOC494141,0.21029753874202353
TNFAIP6,7.484054694621692
RCAN1,9.776032816773013
RCAN3,7.120455150410215
RCAN2,7.754048951686412
LETM1,10.460907748404736
GRTP1,8.199371285323615
WASH7P,9.821182497721065
LETM2,5.501703190519603
RIMS3,6.58494603463993
PLCL1,7.39037155879672
PRKCSH,12.340974020054674
PSAT1,6.418655059252507
ADCYAP1,3.295016317228803
STT3B,10.78329653600729
UBE2J2,9.649279762989975
LOC100128573,1.0185336371923424
TTTY11,0.0
BRIX1,9.58074293527803
HIC1,7.035040838650868
CELSR2,11.143306107566085
WDR37,8.927315314494084
TTTY13,0.0
HCG4,4.74223154056518
HFM1,1.1234290793072024
RAD51AP1,7.581993892433926
RAD51AP2,1.2587890610756605
RBBP9,9.513493254329996
RBM17,10.55810574293529
RBM16,10.338215223336384
RBM15,7.42563956244303
ICA1L,6.288174475843204
PARVB,8.752245670009115
SIT1,4.8119114858705565
RBM19,9.182317137648127
PARVA,10.753149680948049
SMYD4,7.933354056517781
PARVG,7.640738742023695
STXBP1,8.874863445761175
BEND6,5.278947219690059
BEND7,6.967303372835003
BEND4,1.4553251595259804
BEND5,5.303211030082043
BEND2,0.06827730173199634
BEND3,7.373543026435729
ARVCF,8.331867639015506
HSD11B2,7.528276116681855
RXRA,10.918983773928884
RXRB,9.918949863263444
TTTY19,0.0
KCTD11,8.808514676390148
CCNYL1,8.579225888787583
TUBAL3,3.887337921604382
MVD,8.532126435733817
ALDH9A1,11.571011941659055
GRAMD1C,7.281162625341843
GRAMD1B,3.8985479489516828
CXorf27,0.21119617137648133
CXorf26,9.060241476754788
CXorf21,5.466858796718334
CXorf23,7.704815679124883
CXorf22,1.3565862351868743
ZFYVE21,9.842823427529629
ALK,1.9825947128532388
PLCG2,8.320028805834088
NTS,1.4965171376481312
ALB,3.862636098450317
PLCG1,10.54799826800363
RELL2,5.659464539653604
ABCA6,5.964923974475849
ABCA7,8.203018869644495
ABCA4,4.826508386508666
ABCA5,7.957564175022802
CLLU1OS,0.8462389243391065
ABCA3,10.753436645396524
ABCA1,9.476594712853231
RFT1,8.995678030993622
TUBGCP2,10.47592825888787
CIZ1,10.728691431175934
TUBGCP4,8.074833181403829
LRRC14,9.511510027347313
ABCA8,5.520619416590707
ABCA9,5.428110209662716
HARBI1,6.646676572470374
MT2A,10.92599380127621
HAND2,4.618920783956245
PSMD5,10.199239471285324
PSMD4,11.739232543299906
PSMD7,10.576526618049195
FLAD1,10.248523336371923
PSMD1,11.273051959890605
PSMD3,11.683176025524169
PSMD2,12.211539288969913
RTP4,6.9526784867821325
RTP2,0.11767374658158612
RTP3,0.2724393801276207
RTP1,0.24776116681859617
ZNF14,7.917648495897907
ZNF16,8.340020328167732
POTEC,0.6347567000911583
ZNF10,7.48526782133091
ZNF12,9.61334147675478
SNORA18,0.16508331814038282
CLLU1,1.1890340929808572
WDR33,10.376218778486779
TMEM132B,2.6389296262534185
PLEKHG4B,7.361090428441194
LOC283914,0.01290419325432999
SELPLG,8.900117046490434
SNORA15,0.026656335460346403
BAT4,8.504658523245217
OR8A1,0.15187493163172291
BAT3,12.072002370100261
HIST2H4A,8.955865633546031
ZMYND10,7.110801002734725
SPON2,9.513197082953514
SPON1,9.429701914311764
BANP,7.961200273473107
KIAA1737,10.020494530537835
SNORA11,0.11393026435733816
SCN8A,4.669657064721966
RGAG4,7.28174329990884
KIAA1731,8.691762078395627
PLK5P,0.7454876937101185
TIMP4,4.741585870556062
RRN3,10.6582226071103
NDUFA10,10.887354512306294
SNORA13,0.015006289881494984
MCFD2,11.159142297174114
ST6GALNAC5,6.873316226071103
OR4N5,0.002686326344576117
COPS7B,9.400313217866929
ST6GALNAC2,9.445690610756603
CIDECP,6.879235186873304
COPS7A,10.655474658158623
NAF1,7.70254557885141
NMUR2,0.7059714676390152
NMUR1,3.0170780309936225
OR5E1P,0.07828587055606195
NCK1,9.09399936189609
NCK2,9.755945487693719
FAM111B,8.526093892433916
DKK4,0.5587157702825888
DKK2,5.897944758432088
DKK3,9.85018951686418
DKK1,4.269311668185963
RABGGTB,9.870774202370082
KIF13A,9.948788878760253
KIF13B,10.357499179580685
RABGGTA,8.871113491340012
PTPN20B,4.802636007292612
LILRA6,5.45966590701914
LILRA4,4.086983773928894
FAM111A,9.925628167730162
LILRA2,5.241354329990886
LILRA3,1.7747321786690968
LILRA1,2.636476481312669
AVPR1B,0.18104785779398344
AVPR1A,4.62302169553327
SAMD13,4.285314676390161
TGDS,7.6054763901549665
TIMP2,12.91515979945305
UPRT,8.200429535095722
HPS5,9.210385232452149
HPS4,9.394817593436663
HPS6,8.924029079307207
HPS1,10.102996444849582
HPS3,9.813281221513217
RPLP0P2,5.863005651777573
TMEM170A,8.572077392889696
CYP2D7P1,2.882497903372837
C20orf96,8.297374475843217
DOM3Z,8.204981312670915
C20orf94,4.8337699179580635
BET3L,0.7975119416590701
HERC2P4,2.0872044667274414
NFE2L3,8.843147493163164
NFE2L2,11.100430355515035
NFE2L1,12.659177848678208
POF1B,5.638057885141287
KLF5,8.299863901549681
ROPN1L,3.2018609845031856
ZNF264,9.653769644484946
ZNF266,9.159679671832262
KCNU1,0.5234167730173198
ZNF260,9.527943664539654
ZNF263,9.824484229717413
ARAP2,8.042797538742017
ZNF268,8.521539288969928
MASTL,8.568259708295345
ZNF467,8.392953053783033
LOC440905,5.758457611668189
C17orf46,1.7151190519598873
C17orf47,2.059848860528713
C17orf44,5.814301002734744
C17orf42,7.360201093892444
NCKIPSD,9.040500273473105
PLBD1,9.20487620783956
ASNSD1,9.84267201458524
MURC,3.070214676390157
LOC340094,0.04072351868732909
C17orf48,6.829154329990902
C17orf49,9.851534275296256
CORIN,6.046326982680032
FRMD4B,8.685249863263447
SCAND3,4.414898541476758
RBBP8,10.02651485870555
ROBLD3,10.113187146763906
KIRREL2,1.718795168641751
KIRREL3,1.942508113035553
CACHD1,7.697097174111217
STK17B,9.64190118505015
CEP350,10.728250774840474
SARNP,9.821355970829535
HPSE,5.379032999088424
AKD1,7.009530993618958
ZC3H11A,12.06600027347311
SIGLEC16,2.409114949863263
IAH1,9.241075296262526
ARID1B,10.711841385597088
ARID1A,11.497384320875128
LOC100130776,7.83780273473108
MANEA,8.514237283500456
SVOP,0.6458762989972661
YEATS2,9.899213491340037
RHOD,8.94948696444849
DHRS4L1,3.5969965360072957
DHRS4L2,8.29665970829535
YIPF1,10.020951868732908
YIPF3,11.43785724703737
KLF8,7.5829381039197905
YIPF5,10.14908869644485
YIPF4,9.353226526891522
YIPF7,0.21947119416590694
OSCAR,6.431228623518682
SDR39U1,9.040861896080216
CYB5R4,8.210103555150411
CYB5R3,11.761368824065643
CYB5R2,7.557683956244302
CYB5R1,10.939636645396543
HTR3C,0.1554721969006381
TM2D1,8.361245670009119
MYO5A,9.769122242479499
RBBP6,10.652352780309934
UTP15,8.332270829535084
RBBP5,9.387721239744764
BTF3L1,0.12147666362807664
TCEANC,5.851271832269817
RBBP4,12.083726071102992
BTF3L4,10.07143509571559
MCTS1,9.844000000000001
C19orf66,8.93068960802189
YPEL4,3.633467365542392
ZNF706,10.496669279854153
C19orf62,10.26998778486782
C19orf63,11.459503281677303
C19orf60,8.088536827711934
C19orf61,9.404155697356416
PPP2R4,12.147928258887886
FTSJ2,9.524951595259806
FTSJ3,10.372583226982679
MKL2,10.941138468550587
C19orf69,0.4423438468550596
DERL1,11.371802917046484
DERL2,9.208261713764823
DERL3,7.845373928897004
TBC1D3C,4.084997265268912
HSF2BP,5.115951686417503
C11orf53,1.8311013673655412
C11orf52,8.314375569735637
C11orf51,8.788517137648135
PRR24,7.499161349133998
C11orf57,9.493358340929827
NLGN4Y,0.6139187784867826
PNMT,3.8022238833181357
C11orf54,8.762479124886054
SORL1,10.759847857793993
NLGN4X,5.830977757520499
TICAM1,9.067830537830458
NCR3,2.5383905195989005
RAB41,1.4652611668185944
FAHD2A,8.077409662716487
MLLT10,9.258683773928892
FBN3,2.859550319051957
RAG2,0.06030082041932544
DAP3,11.577977210574286
RAG1,4.363723883318143
EIF4H,12.137005651777566
EIF4E,9.140642206016405
BCAR4,0.7097660893345489
LOC151162,10.27374029170464
BCAR1,10.027495350957171
BCAR3,9.255144484958992
EIF4B,12.943406563354582
HSPBAP1,7.169829261622606
CD99,11.10459243391067
CD96,6.395034001823154
CD97,9.194872743846858
CCDC106,8.260109845031902
CD93,10.697888787602553
WASF1,7.265148769371012
OBP2B,3.6823334548769355
S100A7A,1.9263144029170474
HIATL1,10.513389608021882
ZBTB45,8.330829261622611
CYB5RL,6.169062260711024
DEFB103B,0.06741185050136735
CLEC10A,5.1534593436645455
EFNB3,6.295756517775762
HDAC3,10.027733090246137
EFNB1,8.862784685505936
HDAC5,10.257516681859626
HDAC4,8.209353236098442
HDAC7,10.639903099361888
HDAC6,10.024970373746587
HDAC9,6.633875296262538
CIRBP,12.168882862351856
TMEM161A,8.973597994530541
OLAH,0.9810056517775754
KCTD16,1.9316917046490436
NHLH2,0.9352618049225154
NHLH1,2.3537063810391983
ITIH1,0.7627035551504102
LOC145837,5.2977534184138575
ITIH3,2.8273679124886035
ITIH2,1.5594330902461262
ITIH5,7.904788331814051
ITIH4,5.096018505013671
NMI,8.760506381039205
SOBP,6.002546672743856
FLJ13197,3.8517441203281635
POFUT2,9.199047219690058
FILIP1,5.933218505013672
LOC100130522,4.190271285323608
CDT1,7.930986326344574
TMEM190,1.0161273473108479
UCMA,0.07296718322698267
SKAP2,8.966385961713764
CST8,0.01768331814038286
CHPT1,10.316961440291708
TRAPPC10,10.215088969917941
ZNF512B,9.811342844120333
CST2,4.173932452142212
CST3,12.174598176845954
CST1,6.553613855970824
CST6,5.082537739288971
CST7,6.248021422060161
CST4,3.756482771194161
CST5,2.279669826800367
AURKAPS1,3.5202103008204184
SKAP1,7.446651868732909
SNW1,10.554118778486773
CSTB,11.421780583409287
CSTA,6.517806745670005
GMPPA,9.673925341841377
ANKRD26P1,0.4135143117593435
GGT8P,0.6986543299908845
REEP1,7.810373837739284
SUMO1P1,0.5815973564266177
SNORD115-33,0.0
ESM1,7.300088514129448
MAS1,0.05553992707383776
CMC1,7.32870583409299
PRSS16,6.88439152233364
TOB1,11.302278122151327
JOSD2,7.882180036463089
OXGR1,2.8493164083865072
CSTT,0.08009252506836831
OIT3,2.0058113035551486
?|728788,0.35931494986326334
LOC100272228,4.665577210574291
OR10H2,0.06797629899726529
OR10H3,0.002894621695533273
OR10H1,0.3036078395624429
OR10H4,0.005136463081130356
KL,4.718411394712846
SNORD115-30,0.0
RPL10A,13.301875843208773
RAD52,6.903272835004564
RAD51,7.29430355515041
ENDOD1,10.112964083865098
AMIGO1,6.30587082953509
RPL10L,0.10431467639015496
AMIGO3,6.691483591613495
AMIGO2,9.19530483135826
TNS4,8.072557793983586
CDYL2,6.52899799453054
SRCAP,12.036486782133087
STRADA,9.20998185961715
LOC441089,6.785270738377393
RPL36A,6.157903372835009
SLC6A9,8.61951039197813
USP2,5.6184692798541365
USP12,7.893006289881498
USP4,10.384365724703743
USP5,11.093150592525072
TTTY9B,0.00038249772105742935
USP7,11.844077848678216
SNORD115-31,0.0
SOX8,4.233619872379214
MRM1,6.810938559708298
OR2W1,0.00625806745670009
RNF39,6.071860072926169
SOX2,2.5216008204193185
SOX3,0.612146216955333
BBC3,7.548382680036472
SOX1,0.10503746581586143
RNF32,5.2909677301732
SOX7,6.744400364630812
SOX4,11.894758705560616
RNF31,9.939598176845942
ZNF721,8.922346763901539
CEBPB,9.887037465815846
CEBPA,9.009798541476762
TRAT1,3.806531358249773
CEBPG,10.180839835916133
CEBPE,1.2308374658158616
CEBPD,9.073299726526884
RALGAPB,11.221106289881495
XRCC5,12.942019051959896
STX5,10.094983500455802
LCE5A,0.1169034639927074
ZNF547,5.910549498632638
PHKB,10.65766253418412
HOXA11AS,2.227958249772107
TFDP1,10.783733637192332
PPIEL,5.14568532360985
RNF222,1.2659895168641766
SLC13A1,0.09952032816773015
LOC100131691,4.819065724703737
CEBPZ,10.352394986326336
PITPNB,10.36799225159526
TRIL,9.323439927073835
MAP3K15,0.8788732907930717
INTS3,11.273253144940746
C14orf33,5.970400820419322
INTS1,11.141113400182316
KLRC2,2.2244305378304454
INTS7,9.683371741112143
C14orf37,6.294134457611662
C14orf34,0.6628634457611672
INTS4,9.240481039197803
TPP1,11.815494257064717
INTS9,8.580014585232446
C14orf39,1.1000175022789427
MTHFS,8.429272835004555
SLC13A5,1.3719237010027343
RGS4,7.349046490428444
OR7E5P,0.06941458523245213
OR6Y1,0.003079945305378305
CRNN,0.2296094804010939
TRIO,10.799446490428437
CTNNA1,13.17116727438469
CTNNA2,1.2785804922515958
CTNNA3,1.1187094804010957
FAM181B,2.576113309024614
FAM181A,0.3887270738377394
TCEAL2,3.129313582497719
YTHDF2,11.09876171376482
OR5AU1,0.17542597994530537
SLC1A1,7.978645214220607
FUCA2,10.338362443026437
LIMCH1,10.181150774840459
TGIF1,10.451247675478568
FES,7.632680127620781
ZNF777,8.83748805834093
NFYC,10.014592433910659
CDRT15,0.10312816773017325
TM7SF3,10.576226162260703
MYO19,9.466601185050138
RNF138P1,3.2700232452142184
KRTAP9-4,0.017996353691886964
EPB41L4B,8.95238887876026
SNORD114-2,0.0
BGN,13.608926253418417
EPB41L4A,8.716357247037381
MYL6,13.789169553327266
MYL7,1.4332481312670922
MYL4,1.663417319963537
MYL5,6.9651144029170435
MYL2,0.4096251595259796
MYL3,1.5449799453053783
BLCAP,10.603322789425711
ATP2C2,8.088549407474932
PTENP1,7.9459494986326344
CLDND2,1.1695048313582506
CDKN2AIPNL,8.546964904284412
MYL9,11.881896444849586
NCEH1,9.075455879671836
LINGO4,3.4683165907019133
LINGO3,1.9236887876025537
LINGO2,1.1834524156791246
LINGO1,8.011033637192345
TSNARE1,7.785338650865994
CHSY1,10.608520328167751
MPP2,7.161422151321783
LOC150568,0.4800916134913404
SFTPC,0.21866736554238825
MPP7,8.857291978122147
MPP6,5.063734366453956
MPP5,9.524833454876953
MAPK8IP1,7.903793892433929
FAM110A,9.23138641750228
INHBA,7.997161166818608
FAM110C,3.8173384685505947
FAM110B,8.5649835916135
GP9,0.10866663628076578
GP5,1.5902536918869656
GP6,2.1084109389243366
TUBGCP3,9.00680328167731
GP2,6.193183865086598
MGC27382,0.13862433910665448
PRPSAP1,9.80222160437558
GPI,12.54773217866911
PRPSAP2,8.840553509571562
MFI2,7.29096043755697
EXTL1,5.142559525979936
EXTL2,8.11652880583409
EXTL3,9.705525068368276
STAU2,10.067548495897904
ETFDH,8.630967821330897
LOC440356,1.8807443026435742
RGSL1,0.11587721057429354
ZFP106,10.598579671832272
GPT,5.192085141294441
RGS12,9.285116134913391
LOC440354,6.928754238833185
LOC390858,0.046220692798541504
MAN1A1,9.886290428441212
MAN1A2,9.602086144029162
KRTAP20-2,0.0017246125797629902
IKBKB,10.52795697356426
SNORD115-38,0.0
ATIC,11.183911668185969
NIN,10.223865360072924
KRTAP20-4,0.006687420237010027
PCTP,8.699208113035548
TSPO2,0.25153217866909766
PSPH,8.161837648131277
MYLK,10.746667183226995
TM4SF20,0.28275569735642664
TNFRSF8,4.221625068368272
LOC152225,1.941352324521424
TUBGCP5,8.464675569735643
HDAC11,9.62127028258888
FCGR1C,5.11694712853236
LRTM2,2.6029592525068384
IKBKG,8.550270100273472
SNORA71C,0.04886116681859617
LOC100190939,6.748295168641742
SNORA71A,0.08039179580674571
SYNM,9.288474749316313
PLCB3,9.743915861440303
GSPT2,6.843226982680034
SLC22A5,8.978865177757509
GORASP2,11.364488331814046
GORASP1,10.00824083865088
PPRC1,10.088609115770275
SYNC,8.024493072014588
IFNA6,0.009233363719234274
CRTC1,8.467987146763898
CRTC3,10.187302005469444
CRTC2,10.155941294439392
PNMAL2,5.543019507748393
RGS18,4.597575569735643
PNMAL1,7.777756700091161
FAM13B,9.58022360984504
FAM13C,5.626883591613491
OR13J1,0.8573746581586145
AP4B1,8.345040109389235
OR5M10,0.006877757520510484
OR5M11,0.08022333637192343
LY86,7.0130527803099385
SUMF2,11.624154512306278
SDHAF1,7.777037374658153
SDHAF2,9.436698268003655
SUMF1,10.223118687329078
CRHBP,2.5510744758432065
NCALD,8.628313491340021
ZBP1,5.061598541476762
MALL,8.434764175022792
C14orf174,5.463188787602547
MICA,8.044020419325422
C14orf176,3.4391398359161403
C14orf177,0.012959890610756608
C14orf178,0.4687248860528719
C14orf179,8.141094530537828
FNDC3B,10.720088240656327
SURF2,7.840296991795812
SNORD18C,0.0
SURF4,12.44628295350956
PTPLB,7.6779546034639905
SGEF,8.600177848678213
RARA,10.985330993618957
LOC400752,4.8652774840474
RALGPS1,8.282400091157703
TTYH2,7.052906745670003
GBP3,9.419617502278943
GBP2,10.793075660893324
ACSF2,9.451753691886962
EFS,9.322894257064721
GBP7,0.9400859617137648
GBP6,3.097060255241568
GBP5,7.890613035551503
GBP4,9.41455979945307
GRLF1,11.665651777575206
SPANXE,0.11501932543299913
TSPAN18,8.483650957155877
CORO2B,5.678444484958976
CORO2A,9.864495897903371
CCDC134,5.97499735642662
CCDC135,1.2612618049225175
CCDC136,4.339850774840475
CCDC137,8.912389516864165
CCDC130,8.448780036463079
GALK1,8.11480072926162
CCDC132,9.117320145852318
SPACA3,0.23266426618049227
OTOA,3.5669014585232404
PRTFDC1,6.360559617137645
CCDC138,5.903430446672743
PCDHGA8,2.9109001823154075
OTOF,2.492391522333641
WIZ,10.41738450319052
STK31,2.1436725615314485
FRG2B,0.2870738377392889
FRG2C,0.44228605287146777
POLE3,10.69287000911577
POLE2,6.45737365542388
STK36,9.110566180492256
SNORD12B,0.0
NXNL1,0.43591257976299025
AGTR2,0.33596134913400183
AGTR1,6.379941932543303
NXNL2,3.646746399270739
SYN2,4.0083526891522325
GGNBP1,0.12762570647219693
GGNBP2,10.412195989061084
SYN1,4.642439380127621
PTH1R,4.315411668185963
LCNL1,0.5657074749316314
LOC100287704,0.003667000911577028
ACCSL,0.04868222424794896
THEG,1.4538706472196918
PAPD5,8.610648860528713
STARD4,5.395976937101189
LOC285205,0.3585202370100276
CD4,10.059524612579764
CD5,6.327489881494984
CD6,6.910737010027346
DARS2,9.628640838650874
CD2,7.526251321786675
KIR3DL1,0.8493786690975386
PLA2G16,10.170595806745672
TMEFF1,5.80413281677301
HSFYL1,0.023157702825888783
CD9,12.93097967183225
SLC17A5,9.333542206016416
CDY2B,0.0019670009115770283
LOC727896,4.619326526891528
CEP164,8.939347219690058
APH1A,12.581775934366462
NCRNA00111,0.04206162260711032
NUSAP1,9.523560802187781
STAT2,11.073532999088417
STAT1,12.577495715587963
CHRNB1,7.255682224247949
FAM54B,9.663664266180486
CHRNB3,0.07369908842297174
CHRNB2,4.044617319963541
CHRNB4,1.366502005469462
HBEGF,7.403007201458533
RBM11,5.286155332725608
CHGA,1.5558866909753886
CYP7A1,0.6968667274384679
NCRNA00028,0.18761358249772103
NCRNA00029,0.027610118505013666
OR4C46,0.0019400182315405649
VCAN,12.624982041932526
IGFL4,0.3416829535095718
LOC150622,1.908709845031906
TRPC5,0.2515887876025524
TGM1,3.8072551504102057
SNORD114-19,0.0
HEATR7A,9.546628988149502
PLA2G10,3.295511941659072
HTATSF1,11.02833919781222
SNORD114-13,0.0
GABRB1,0.4513683682771196
AKR1B1,9.309265907019126
GABRB3,4.597668277119419
SNORD114-17,0.0
BTAF1,9.54635177757519
PODNL1,7.163344940747488
GSTT2,6.4250650865998065
SLITRK5,3.596158796718324
CDA,4.843692069279855
PLXNA3,10.225974111212407
PLXNA2,8.879914585232456
PLXNA1,10.387332452142187
ASNS,9.134874293527801
MTMR2,9.39153445761167
PLG,0.07519243391066548
KIAA1009,7.5843491340018225
MAP3K10,7.650921057429359
MRPS27,10.377826435733802
PDE4A,8.652936918869646
PDE4B,9.28778641750228
MYT1,3.6779649954421116
PDE4D,7.407042570647213
PEG3,7.5943351868732965
SCAI,8.105513947128538
JAKMIP3,4.726768641750223
MRPS25,9.465882497721074
LOC728323,4.816156426618056
WASH5P,7.277156061987246
MAP2K3,9.777165086599819
CACYBP,10.865111212397448
BMPR1B,8.809746034639941
LOC642826,6.0765124886052915
MAP2K7,9.530238833181414
MAP2K6,6.464372652689151
CT47A11,0.00029817684594348224
CT47A10,0.0
AACS,9.971530720145852
GTF2IRD2B,7.16183135824977
ADCYAP1R1,1.449888240656335
TRAPPC6B,9.277143299908833
ELF3,11.859635824977204
SLITRK3,1.0268107566089333
NLRC3,6.772026162260708
DYDC2,3.2940989972652686
DYDC1,0.9477311759343661
FBXO22OS,6.143703008204192
MSC,7.030797629899732
LOC254559,6.18386426618049
NR1H3,8.742810483135816
MT4,0.023973746581586144
SEC31B,6.150158432087517
TSC22D1,11.88360227894257
SOCS7,5.90010875113947
TPRG1,7.581560528714679
ACY3,2.9489365542388297
ACY1,9.38177256153144
ATP5G2,12.311823518687321
ZNF772,7.557747128532352
TSC22D2,9.009125706472208
PHF8,10.19284375569735
COL18A1,11.93613919781222
TMEM231,7.47393737465816
TMEM138,8.975218687329082
SPANXB2,0.638177028258888
ZRSR2,8.235167730173188
OR4P4,0.005385050136736554
PHF6,9.598877028258912
SUCLG1,10.455948860528734
TBC1D22B,8.707788878760251
PPP2R5E,9.611034639927087
ALDOA,14.780735369188692
GRPR,5.727685779398357
ALDOC,7.717114220601645
ALDOB,1.5406630811303548
KIAA1875,3.782648860528715
SMARCAL1,9.34673947128533
NHEDC1,2.4584519598906116
PDSS1,6.586374567000913
ARX,2.3929513217866885
SIGLEC10,7.024267092069281
FSHB,0.033688240656335466
MAP3K14,8.49666636280766
PHF3,10.926963081130358
SLC2A4RG,10.57356362807659
SNORA11E,0.005599453053783045
ARC,4.0903670920692825
ABCC8,5.6597226071103
ABCC9,7.36899735642662
OR5H2,0.015825068368277122
ABCC4,7.153307839562435
ABCC5,10.300575022789426
ABCC6,5.4444786690975295
PHF1,9.875702096627151
ABCC1,10.314549498632644
ABCC2,3.3597742023700983
ABCC3,8.354444302643584
DNAH14,7.247748495897903
TMOD4,1.0929934366453968
IFI35,9.341003919781217
DNAH17,4.895384047402001
DNAH10,4.416946399270748
DNAH11,2.879598997265271
DNAH12,2.32355733819508
SLC24A5,3.694751595259801
PRDM4,9.811819872379218
PSMF1,11.396139835916115
PLCZ1,0.1676537830446673
SH3YL1,10.000278395624425
PPCDC,7.5614345487693715
HPVC1,0.021824065633546035
LCMT2,8.46768896991794
TALDO1,11.650574658158613
PPP2R5D,10.406455241567931
APLP1,6.68467730173199
DYX1C1,6.45907338195078
ZNF71,7.639541294439373
ZNF76,9.287988969917974
KITLG,10.041803919781232
ZNF74,8.39779225159527
RPL22L1,8.90907073837739
GLI2,6.013542388331815
SNORD116-8,0.0
XAGE2,0.38464712853236105
RYR1,5.8975730173199565
SNORD116-4,3.6994464904284485
RYR3,3.3958463081130383
RYR2,3.742496809480397
SNORD116-1,0.0
SNORD116-3,0.0
SNORD116-2,0.0
YIF1B,9.418980492251606
GOLGA1,9.479889699179592
GOLGA2,11.17470355515041
GOLGA3,11.136991886964433
GOLGA4,11.529225615314493
GOLGA5,10.604975478577964
GOLGA7,10.233995989061077
EDN1,7.1778699179580805
EDN3,2.651930720145852
EDN2,6.07119371011851
EP400NL,6.833285050136738
TP53I11,11.782354056517768
KIAA1715,9.398196444849587
PTTG1IP,12.789686599817683
MAFB,10.151786599817674
SLCO3A1,8.24954284412032
GLI4,6.973675843208748
KIAA1244,9.775323062898813
ENPP6,3.316830446672739
ENPP7,0.4418072926162266
ENPP4,8.893108295350965
ENPP5,9.24746463081131
ENPP2,8.653350957155874
ENPP3,4.137009662716499
KIF26B,7.990654329990885
ENPP1,10.377437648131274
BTN3A3,8.836326071103015
T,0.19344585232452138
GIPC1,10.903895533272548
GIPC2,4.218043208751143
GIPC3,6.672604102096617
CSNK2A2,8.701435369188683
CSNK2A1,10.515545578851423
TAS2R41,0.017195350957155877
CIRH1A,9.568330355515032
FZR1,9.90425515041019
MEGF10,5.512981768459439
HBG2,0.38574986326344574
HBG1,0.3868629899726526
CD2AP,10.740871741112114
SLC2A7,0.11751458523245221
SLC47A2,1.2420459434822262
ZZEF1,10.154397903372828
PTMS,12.315117502278952
DKKL1,2.453283773928898
SLC2A6,6.479452597994536
KDM5D,0.19330966271649955
TP53I13,8.86473938012763
CPS1,5.471737465815859
KDM5B,11.765365907019143
KDM5C,11.506497812215121
CS,11.91250446672744
DAD1L,0.08436025524156791
SLC2A4,4.059077210574293
SNORD89,0.01894603463992707
AIPL1,0.26558924339106654
PDGFA,8.13649489516863
PDGFB,9.698352506836823
SLC2A2,0.07138240656335461
STAB2,1.8927497721057434
OPN1MW,0.028255606198723797
GLUL,14.352081768459428
LONP1,10.683523792160432
DNM1,7.889421969006379
UBE2L3,10.933655606198727
DNM3,6.0526662716499455
DNM2,11.209423518687345
TSPAN17,9.848699544211492
SMYD1,2.3151272561531484
SNORD85,0.0
TGFA,6.915493618960808
ICT1,8.860108842297182
SNORD84,0.0
PREX2,4.918266818596173
ZKSCAN1,10.292069553327261
HCG2P7,2.014686508659984
SDK1,7.270201914311763
RIPPLY2,0.327654968094804
SLC35E3,8.125660072926156
ZPLD1,2.8702789425706494
SNORD82,0.0
MUC21,0.8412279854147671
C9orf109,4.6278106654512285
ZNF630,6.249436007292619
CNFN,5.9808709206927935
LOC440925,3.2247516864175063
STK25,10.514690428441194
C9orf100,6.97917538742024
ZNF287,7.090307110300819
C9orf102,6.500587784867824
C9orf103,6.344383318140377
ZNF160,9.278289243391082
ZNF283,6.135797903372838
C9orf106,1.8296005469462169
ZNF281,9.07339097538741
AGXT2L1,1.5613613491340026
AGXT2L2,8.33938094804011
SLC14A2,2.158090063810393
SLC14A1,4.651710665451224
STRN4,10.75136800364632
OR51V1,0.004776663628076573
GYS1,10.238865542388325
GYS2,0.6773089334548771
PPAPDC2,8.614616773017328
PLAU,10.463963628076588
KIAA0040,11.227024794895165
CNIH,10.257137101185053
EVPL,9.842820692798528
STT3A,11.78636581586144
PLAT,10.7236516864175
RFXAP,6.411849863263444
STRN3,9.461798814949864
ETV1,7.622630720145856
ETV3,7.751526162260709
ETV2,3.470191248860528
ETV5,8.343517411121255
ETV4,6.91795186873291
ETV7,6.311628258887882
ETV6,10.594431722880586
SDR16C5,6.5905030993619
FAM8A1,10.20299206927984
PCNP,11.132477666362819
BTBD9,9.108534639927068
BTBD8,2.8992298997265302
BTBD7,9.659018413855968
BTBD6,10.094660072926162
BTBD1,10.525007110300828
FAM5C,2.3583556061987228
BTBD3,9.568011668185964
BTBD2,10.667517411121231
SULT1B1,0.8991074749316322
MRPL48,8.650516317228803
RAD23B,12.248467912488591
LUZP2,3.323090884229713
MESDC1,9.29374412032817
RPL29P2,0.24617028258887874
SLC6A19,0.22337247037374663
HRNR,2.3799809480401106
NOM1,8.80349371011851
IKZF5,9.041959343664537
IKZF4,7.701340929808568
IKZF1,8.03414257064722
IKZF3,4.224386326344571
IKZF2,7.8280951686417595
C1orf190,3.9556949863263453
RHOXF2B,0.20017529626253408
SLC24A4,2.214524886052874
TTC18,6.0447577028258985
C16orf86,4.68991640838651
C11orf71,7.609271558796718
C11orf70,4.307535369188697
C11orf73,8.660413673655432
STON2,7.567695715587958
C17orf28,11.245001914311764
C11orf74,7.216795077484048
TNFRSF10D,5.508851412944396
IL4I1,7.237760255241573
C1orf194,1.8139603463992722
RCOR3,10.127667821330906
ZFYVE27,9.172139927073836
SPATS1,0.44512734731084785
PLEKHG2,8.813289972652685
SPATS2,9.541291704649042
SNORD32B,0.0
PLEKHG3,9.626905834092968
CST11,0.24752379216043763
SLC13A2,4.207640200546942
SLC13A3,5.9637606198723745
SLC13A4,2.6095753874202376
NFIA,10.39027775752051
TCEAL3,9.57182661804923
STON1,7.800096262534184
TCEAL1,8.981162898814947
PLEKHG1,8.43202771194165
TCEAL7,4.5860581586143985
TCEAL6,5.219450774840474
TCEAL5,4.051862807657244
TCEAL4,11.423472105742908
TCEAL8,9.911895897903374
RGS16,9.044187055606187
PSPN,0.719919325432999
RGS14,8.232168641750233
IFNA8,0.028480036463081126
FAAH,9.022391248860533
RGS13,2.599607110300825
RGS10,9.567970009115774
KNCN,0.2444351868732908
ZNF219,8.440285688240657
IFNA2,0.026420237010027353
IFNA1,0.05967602552415678
SELK,8.95989899726527
IFNA7,0.01869334548769371
CCKAR,0.7222359161349134
IFNA5,0.12133117593436646
IFNA4,0.03972297174111213
EMX2OS,4.683060072926157
KDR,9.560495077484056
PHF20L1,10.312287511394718
TIMM22,8.748597174111222
HMX1,0.8517056517775754
MYCL1,7.220142752962634
HMX3,0.5839512306289882
HMX2,0.9691855970829542
ST6GALNAC4,8.373850319051956
SMN2,9.980339744758446
CLEC16A,9.63493992707384
CRYAB,8.743898632634439
MINA,9.38622698268003
CRYAA,0.2254206016408388
STOX2,3.9875042844120325
RPS25,12.704415770282578
STRA13,9.278099179580687
IGFL2,3.5063481312670937
BTN2A3,4.340085050136733
BTN2A2,8.151883500455792
BTN2A1,9.010499726526888
ELF2,9.625028805834095
ELF5,6.523668915223345
ELF4,9.265700546946238
RPS23,13.410320875113957
MRPL21,9.115559799453052
PRPS2,10.075282953509582
CAND2,5.996593983591612
CAND1,11.720893892433919
PRPS1,9.609874475843222
CDR2,9.74772060164085
CDR1,3.1040103919781203
RIMBP3,5.0621707383773895
BRPF3,10.365980127620775
BRPF1,9.206691340018228
TTLL11,5.815694530537828
TTLL10,1.6997093892433899
TTLL13,2.860514311759344
TTLL12,10.808113764813127
LDHD,6.2650989061075775
GMPR2,10.272691704649032
AMELY,0.0015331814038286235
FOXD4,3.660606563354608
LDHB,11.198838468550608
LDHC,2.5400836827711983
DNASE2B,2.2605623518687317
ODF2L,8.838687055606208
FOXD2,5.1192684594348155
ACAP1,6.319987055606207
ACAP2,10.201265086599811
ACAP3,9.220685505925255
LUZP4,0.16701795806745667
OR10J5,0.005726253418413856
LUZP6,11.874053965360076
C1orf198,11.129334913400198
CFL2,8.194605287146771
CFL1,14.054041203281672
OR10J3,0.0168081130355515
C8orf83,9.53677556973564
C1orf192,5.008586690975389
PLAA,9.944377939835904
C8orf80,3.0885238833181377
C8orf86,1.4763756608933463
C8orf85,8.403679580674572
C8orf84,7.141687237921602
NFIC,9.845188787602538
NFIB,10.421268915223326
H1FOO,0.05335442114858706
NFIX,11.080653236098454
PLEKHG6,7.800387237921602
PLEKHG7,1.7628912488605302
PLEKHG4,8.079054603463996
PLEKHG5,8.014612032816771
SLC7A14,0.5978147675478578
SELE,6.50146836827712
SLC7A10,2.4705686417502295
PLA2G2C,0.11081896080218775
METTL11A,8.653185597082969
TULP2,0.5477952597994531
NPY5R,2.7138901549680967
GNGT2,4.25276508659982
GNGT1,0.6950618049225162
TULP3,9.321903828623519
PTRF,12.112761440291706
BCL6B,8.029211212397447
GSTK1,11.084099179580688
SELP,6.117266909753868
SELS,10.164035642661796
